series,fit_date,mu,omega,alpha,beta,nu,persistence
WTI,2009-12-31,0.2129990441832666,0.06705777841366371,0.08354399321829946,0.9083992801162019,22.8577919915403,0.9919432733345013
WTI,2010-02-02,0.2129990441832666,0.06705777841366371,0.08354399321829946,0.9083992801162019,22.8577919915403,0.9919432733345013
WTI,2010-03-04,0.1954609066875574,0.07120194219307517,0.08123890131287635,0.9096878520978987,22.85781739913849,0.9909267534107751
WTI,2010-04-05,0.20497154686270003,0.06656940323184042,0.0820972136070163,0.9090783882143145,22.857848841622413,0.9911756018213308
WTI,2010-05-04,0.20497154686270003,0.06656940323184042,0.0820972136070163,0.9090783882143145,22.857848841622413,0.9911756018213308
WTI,2010-06-03,0.17673960695717333,0.08033628217819494,0.08756939902768672,0.903386414302943,22.857624535361634,0.9909558133306297
WTI,2010-07-02,0.16845557908676617,0.08490192161349217,0.08621089872153112,0.9028241349614875,22.8573559841394,0.9890350336830186
WTI,2010-08-03,0.18162245969961788,0.08462725456768673,0.08476250653926508,0.9037154142474032,18.44991215958592,0.9884779207866683
WTI,2010-09-01,0.15675316190339583,0.08673836831096626,0.08394364749651441,0.9041220080755051,19.20156020771358,0.9880656555720195
WTI,2010-10-01,0.1658380520825455,0.08280095882199312,0.08226564760021558,0.9058108208071404,19.993612568528786,0.988076468407356
WTI,2010-11-01,0.16285110869073016,0.0821639085725174,0.08051214580317599,0.907295508263507,19.661186047384998,0.987807654066683
WTI,2010-12-01,0.16328485547784155,0.08293464872423752,0.07905518463826312,0.908442424855973,19.6611898132386,0.9874976094942362
WTI,2010-12-31,0.1723015859799722,0.0699458644043815,0.084022634475528,0.9053324168133893,19.179306083925088,0.9893550512889173
WTI,2011-02-01,0.16142953384543407,0.08275860917693971,0.08544917810080606,0.90209503575686,20.255239788871076,0.9875442138576661
WTI,2011-03-03,0.1586046487135645,0.07817321898482264,0.07297562719033429,0.9150500853050565,12.385159933583648,0.9880257124953908
WTI,2011-04-01,0.16352124107051108,0.07708590329385091,0.07192117916509169,0.9155042766226106,12.143108493966862,0.9874254557877022
WTI,2011-05-05,0.1621766242780669,0.0751411563516888,0.0704754939921595,0.9169657492145407,11.487028024627728,0.9874412432067001
WTI,2011-06-13,0.14680831131396455,0.07764792459314325,0.06697056617946924,0.9204690885373754,9.924174272902892,0.9874396547168447
WTI,2011-07-19,0.14311724163734954,0.07551895190124003,0.06500797925756972,0.9224080874223715,9.792798695160544,0.9874160666799412
WTI,2011-08-17,0.13455558206289908,0.08273207788416476,0.06767746970613987,0.9190773922551906,9.791989503308514,0.9867548619613304
WTI,2011-09-16,0.13208564335850018,0.08233274976863794,0.0659558150083685,0.9206729161014661,9.080269012055854,0.9866287311098345
WTI,2011-10-17,0.13003344960810095,0.08073523783429176,0.06542347296380462,0.9221086933872487,9.027886731760194,0.9875321663510532
WTI,2011-11-15,0.14145170048875028,0.08544726495200924,0.06735733427265259,0.9188523935928726,9.135208079064242,0.9862097278655252
WTI,2011-12-15,0.13404190316621173,0.08560176768137366,0.06589643840832349,0.9201981895881175,9.134965796839397,0.986094627996441
WTI,2012-01-18,0.13552830918805647,0.08080065328388353,0.06369179686771244,0.9228125530045398,8.79300940661556,0.9865043498722522
WTI,2012-02-16,0.13495263445456201,0.07546151827421473,0.0663987385048865,0.9208028569281852,8.806564754294959,0.9872015954330717
WTI,2012-03-19,0.14009318180342414,0.07136280036715495,0.06555994879686652,0.9220666127845771,8.994283651840892,0.9876265615814437
WTI,2012-04-18,0.1290037217983281,0.07358196637522613,0.0648449079398561,0.9220905516191826,9.330209906488006,0.9869354595590387
WTI,2012-05-17,0.11006251815162982,0.0675206949041229,0.06256187380575998,0.9252813964427719,9.009858643312592,0.9878432702485318
WTI,2012-06-18,0.09515632694454584,0.06604835650018327,0.06072971505344131,0.9271930498941586,8.929486516647957,0.9879227649475999
WTI,2012-07-18,0.10008962536423886,0.07441561140998745,0.062202614996056706,0.9250406673126235,8.325804384217385,0.9872432823086802
WTI,2012-08-16,0.10448968421858043,0.07628212116747063,0.0624666486254675,0.9239999434539466,8.223524959842026,0.9864665920794141
WTI,2012-09-17,0.10790638265290883,0.08357609050847208,0.07123200113838221,0.9139254643309073,8.184524772277129,0.9851574654692895
WTI,2012-10-16,0.09982719389367234,0.08609778388364847,0.06928835839743419,0.9154214634622878,8.030796974791773,0.984709821859722
WTI,2012-11-14,0.09140702192821429,0.08424272855371336,0.06714500733424816,0.917586779743907,8.03047215166215,0.9847317870781551
WTI,2012-12-14,0.08898279443339144,0.08143249388956464,0.06747751161216582,0.9174080792399516,8.030102623875218,0.9848855908521175
WTI,2013-01-16,0.10125717934607871,0.07353464882311403,0.06930028150472556,0.9172485723056705,7.805031952772571,0.986548853810396
WTI,2013-02-15,0.1020705039242721,0.05888448420992403,0.07052041021364704,0.9191352681711162,7.745100068190202,0.9896556783847633
WTI,2013-03-19,0.09061785830487055,0.04798513911515449,0.06845937280400397,0.9233078465071562,7.658593908960355,0.9917672193111602
WTI,2013-04-18,0.0878193086739271,0.05607637299535338,0.07037317364949934,0.9197314136813354,7.849539578703229,0.9901045873308347
WTI,2013-05-17,0.09441360390988918,0.05392155610448131,0.069523287316578,0.9207538532569087,7.849489941492153,0.9902771405734867
WTI,2013-06-18,0.09783934426807771,0.048364615912593036,0.07022407227882016,0.9211164376288185,7.837213937644297,0.9913405099076387
WTI,2013-07-18,0.09783934426807771,0.048364615912593036,0.07022407227882016,0.9211164376288185,7.837213937644297,0.9913405099076387
WTI,2013-08-16,0.10179099329847624,0.046661802214299095,0.06653266172350254,0.9246248706599673,7.837136716127498,0.9911575323834699
WTI,2013-09-17,0.09599605842701203,0.047382817251545944,0.06549292780915658,0.925312745180723,7.9516746288548426,0.9908056729898796
WTI,2013-10-16,0.0891661535262635,0.04564764006634129,0.06482561403299869,0.926103048550549,8.048332383440261,0.9909286625835477
WTI,2013-11-14,0.07565144129614101,0.04371832182453402,0.06356149448018836,0.9275118688344491,8.175718368319728,0.9910733633146375
WTI,2013-12-16,0.07682944313906953,0.03894356038859013,0.06282912154247586,0.9291890515539997,8.129171486131979,0.9920181730964756
WTI,2014-01-16,0.07151603000452424,0.0377166472360286,0.06226082633793464,0.9299952811326541,8.056410175288015,0.9922561074705887
WTI,2014-02-14,0.07866590253190281,0.03239385904424588,0.06112150617069587,0.9321850300856829,8.056184494061435,0.9933065362563788
WTI,2014-03-18,0.07623647404654559,0.03457226898534724,0.060777586470469415,0.9319245725230354,8.126386477239672,0.9927021589935048
WTI,2014-04-16,0.07868739273678313,0.028915158998930806,0.05947920961564777,0.9343446977424845,8.126222356819115,0.9938239073581323
WTI,2014-05-16,0.07536838561784606,0.025079669395262304,0.058097484968295435,0.9367070698888215,7.886565711804044,0.9948045548571169
WTI,2014-06-16,0.08031730248841476,0.021261330339781042,0.05739015157416585,0.9383113085723139,7.886387137136339,0.9957014601464798
WTI,2014-07-16,0.06830409235472558,0.019138523242903147,0.056958264260432,0.9393460905286555,7.801016846728844,0.9963043547890875
WTI,2014-08-14,0.06536103774216821,0.021464907794525676,0.055224087965318726,0.9406595688605572,7.297497737901236,0.995883656825876
WTI,2014-09-15,0.06525863304744733,0.0222151233177527,0.05550106564853172,0.9403265051931711,7.252279455159716,0.9958275708417028
WTI,2014-10-14,0.0590361742432307,0.02180134258050642,0.05459187515388619,0.941176051259797,7.2523374602683415,0.9957679264136832
WTI,2014-11-12,0.05447361328898327,0.021530777453624448,0.05359763710188859,0.9422286411191385,7.250176417736425,0.9958262782210271
WTI,2014-12-12,0.0513370552830084,0.021419338565454176,0.05429729294164868,0.9425396660173381,6.799296618335903,0.9968369589589867
WTI,2015-01-14,0.04868078758713886,0.0209380745009854,0.0547440463656347,0.9423472522730761,6.901726110476749,0.9970912986387108
WTI,2015-02-17,0.05018708433658472,0.020293691184511284,0.05587290962053188,0.9418224257188669,6.910572272365598,0.9976953353393988
WTI,2015-03-18,0.04697970268990177,0.020668971094164414,0.055395489937169154,0.9420003668373971,6.910693565243496,0.9973958567745662
WTI,2015-04-17,0.04697970268990177,0.020668971094164414,0.055395489937169154,0.9420003668373971,6.910693565243496,0.9973958567745662
WTI,2015-05-18,0.05249174343090921,0.022718891094526007,0.05725691379001904,0.9393379293914745,7.083502856950997,0.9965948431814936
WTI,2015-06-17,0.05249174342868926,0.022718891118158075,0.05725691379369587,0.9393379293918821,7.083502856951931,0.996594843185578
WTI,2015-07-16,0.04756689720337166,0.020674563802968313,0.05403802882398751,0.9430321733375286,6.948849916262247,0.9970702021615162
WTI,2015-08-14,0.04187932531225426,0.020421844486151152,0.05336013627241485,0.9436149180024554,7.026868526385114,0.9969750542748703
WTI,2015-09-14,0.04210104101255968,0.020731986993387175,0.05664285198312922,0.9411175168368416,7.0268158410168375,0.9977603688199709
WTI,2015-10-13,0.043887825638814604,0.020903196286928674,0.05616042719553861,0.9415284938353295,6.9099808047293925,0.9976889210308681
WTI,2015-11-11,0.041107988787509556,0.021450866445342106,0.055812495418770855,0.9415275661036845,6.909933406173523,0.9973400615224554
WTI,2015-12-10,0.036895793787563656,0.021090481005173037,0.054939181379197684,0.9423807565761081,6.912216084917934,0.9973199379553058
WTI,2016-01-08,0.036895793787563656,0.021090481005173037,0.054939181379197684,0.9423807565761081,6.912216084917934,0.9973199379553058
WTI,2016-02-08,0.036895793787563656,0.021090481005173037,0.054939181379197684,0.9423807565761081,6.912216084917934,0.9973199379553058
WTI,2016-03-08,0.036895793787563656,0.021090481005173037,0.054939181379197684,0.9423807565761081,6.912216084917934,0.9973199379553058
WTI,2016-04-06,0.036895793787563656,0.021090481005173037,0.054939181379197684,0.9423807565761081,6.912216084917934,0.9973199379553058
WTI,2016-05-05,0.036895793787563656,0.021090481005173037,0.054939181379197684,0.9423807565761081,6.912216084917934,0.9973199379553058
WTI,2016-06-03,0.04323229322820579,0.027151093503200677,0.06579561450317051,0.9311330070429096,7.1398650974721525,0.9969286215460801
WTI,2016-07-04,0.04323229322820579,0.027151093503200677,0.06579561450317051,0.9311330070429096,7.1398650974721525,0.9969286215460801
WTI,2016-08-02,0.04323229322820579,0.027151093503200677,0.06579561450317051,0.9311330070429096,7.1398650974721525,0.9969286215460801
WTI,2016-08-31,0.04323229322820579,0.027151093503200677,0.06579561450317051,0.9311330070429096,7.1398650974721525,0.9969286215460801
WTI,2016-09-29,0.04323229322820579,0.027151093503200677,0.06579561450317051,0.9311330070429096,7.1398650974721525,0.9969286215460801
WTI,2016-10-28,0.04158403075229855,0.024541507941535326,0.06350315589458552,0.9343643685631204,7.14064069973202,0.997867524457706
WTI,2016-11-28,0.04158403069123636,0.024541508169388382,0.06350315590867991,0.9343643685648316,7.1406406997428915,0.9978675244735116
WTI,2016-12-27,0.04154579833472405,0.023779116228770974,0.06104844570941204,0.9366470288627623,7.140669350072264,0.9976954745721743
WTI,2017-01-25,0.04086694330480889,0.024146348148777697,0.0610631147838647,0.9362296837150772,7.292027777331988,0.9972927984989419
WTI,2017-02-23,0.04371780157066407,0.02482436620030143,0.0627701370968409,0.9343247405159887,7.291984174124777,0.9970948776128296
WTI,2017-03-24,0.036190672951142054,0.024531352361114228,0.06121919953762929,0.9359125354477382,7.133257833647239,0.9971317349853676
WTI,2017-04-24,0.03806942971603463,0.024299931867803402,0.06064731612303114,0.936414376393998,7.133197710054153,0.9970616925170291
WTI,2017-05-23,0.040776757978998754,0.024086252777749256,0.05982296517060915,0.9371497584672364,7.132971303036566,0.9969727236378455
WTI,2017-06-21,0.03464959481074442,0.023745812867235927,0.05884469919500883,0.9384616859948504,6.901533707379717,0.9973063851898591
WTI,2017-07-20,0.03883328382931758,0.023535714904826588,0.05853657969133854,0.9386182614606063,6.9015188426906064,0.9971548411519449
WTI,2017-08-18,0.03990235468737957,0.023591763231543203,0.05793019741512513,0.9391203382191698,6.994802789671702,0.997050535634295
WTI,2017-09-18,0.041245306198345356,0.023684487296509665,0.05771909940205584,0.9392692504314607,7.039990750456059,0.9969883498335166
WTI,2017-10-17,0.042761815434877455,0.023439788211193507,0.057221413848886515,0.9397161484573002,7.040038236931532,0.9969375623061867
WTI,2017-11-15,0.04584194033113155,0.022932607497097714,0.05677728363975304,0.9401124708714965,7.039969385555236,0.9968897545112496
WTI,2017-12-14,0.04755207219140472,0.02304833987982104,0.05637948319162226,0.9403954737457396,7.087442638972076,0.9967749569373618
WTI,2018-01-16,0.05644370521044381,0.0216314126914639,0.056349432426438556,0.9405983839756502,7.086994752710205,0.9969478164020887
WTI,2018-02-14,0.05341806627689858,0.023747823285155796,0.05696686840720894,0.9396153165025474,7.112812269229655,0.9965821849097563
WTI,2018-03-15,0.05338225464424027,0.02354244384844801,0.056387311419540655,0.9401690074734942,7.112819390638534,0.9965563188930349
WTI,2018-04-16,0.05583158156020924,0.02438830486040504,0.05683134860245285,0.9395273144595355,7.256723291721603,0.9963586630619884
WTI,2018-05-15,0.05896191375527208,0.024019232030441436,0.05615627699919373,0.9401305296674393,7.2566382971512535,0.996286806666633
WTI,2018-06-14,0.05619554395306289,0.02385144525648871,0.05585810648515272,0.9404396656690376,7.200970822117688,0.9962977721541904
WTI,2018-07-13,0.05619554395306289,0.02385144525648871,0.05585810648515272,0.9404396656690376,7.200970822117688,0.9962977721541904
WTI,2018-08-13,0.0559666360557714,0.02467384032314197,0.0560750155872532,0.9404367041119202,6.991471102911394,0.9965117196991734
WTI,2018-09-11,0.05686447101862218,0.0257799977723126,0.05702117664931461,0.9390755640527896,6.992713722994727,0.9960967407021042
WTI,2018-10-10,0.056864471050043865,0.025779997893103014,0.057021176658656796,0.9390755640538292,6.992713722996012,0.996096740712486
WTI,2018-11-08,0.05100774762322619,0.025146072952532003,0.05548444682128995,0.9406071671902518,7.020814911922988,0.9960916140115418
WTI,2018-12-07,0.050528599665408756,0.02488489427108862,0.05512879277398026,0.9414664545926862,6.754159702542246,0.9965952473666665
WTI,2019-01-11,0.05098257749846633,0.024838248319612753,0.05596724813460345,0.940853770715794,6.799347207671992,0.9968210188503974
WTI,2019-02-11,0.051049527628312476,0.025785869741658047,0.056098540735309205,0.9402558718265145,6.828196677666292,0.9963544125618237
WTI,2019-03-12,0.05398091179862947,0.026921542363924147,0.05708814324152022,0.9388808408012129,6.842836098615152,0.9959689840427332
WTI,2019-04-10,0.05982935053233491,0.027207210987035515,0.057498482158841166,0.9382925216720319,6.887953950900364,0.995791003830873
WTI,2019-05-10,0.05718527769532546,0.0268631029685191,0.05700041797286203,0.9387869629955029,6.8705315431459075,0.9957873809683649
WTI,2019-06-11,0.05603218826109893,0.027980360250176178,0.05771539702284056,0.9382725114643249,6.703451058878386,0.9959879084871655
WTI,2019-07-10,0.05836271270628424,0.02780791975067355,0.05760327735903362,0.9385266222980908,6.664764985975107,0.9961298996571244
WTI,2019-08-08,0.05715245441189073,0.027610617117175256,0.057594167820514686,0.9388131207165643,6.5494581455983525,0.9964072885370789
WTI,2019-09-06,0.057787213817508794,0.027803133037832113,0.057135295985459446,0.9390073052415547,6.582611209058398,0.9961426012270141
WTI,2019-10-07,0.05585840978023498,0.02726839565216171,0.05551625508028259,0.9409130053577709,6.3024620800272775,0.9964292604380535
WTI,2019-11-05,0.05728541950641153,0.02951074881004387,0.05664444039473618,0.9390773326811519,6.298560011448953,0.995721773075888
WTI,2019-12-04,0.05736941136080407,0.029827792342319182,0.05666355352488185,0.9389624914904955,6.2985516126056265,0.9956260450153773
WTI,2020-01-06,0.06138005931109894,0.030899440979147264,0.05792576270850122,0.9373826354679815,6.233512544644332,0.9953083981764828
WTI,2020-02-04,0.06138005931109894,0.030899440979147264,0.05792576270850122,0.9373826354679815,6.233512544644332,0.9953083981764828
WTI,2020-03-04,0.05313134162311173,0.031676474593753605,0.058158874766887476,0.9372803570263196,6.249135694099472,0.9954392317932071
WTI,2020-04-02,0.055707199375941034,0.035943244925027346,0.0697718419302103,0.9278362896287462,5.8864918449770505,0.9976081315589564
WTI,2020-05-04,0.055795535733375694,0.036162682386039195,0.06962177719189741,0.9283512702520568,5.688504805984,0.9979730474439542
WTI,2020-06-03,0.05735628944214689,0.04684004030984772,0.0738480620513216,0.9215371822699646,5.647614409680048,0.9953852443212863
WTI,2020-07-02,0.06109853754595826,0.07351700190173324,0.08959950658768409,0.9009705265665148,5.6567656892126355,0.9905700331541989
WTI,2020-07-31,0.0623034515357449,0.08775702958793255,0.09741544454390662,0.890552035970362,5.656231550755787,0.9879674805142686
WTI,2020-08-31,0.06371804133054947,0.087630562253641,0.09814965487553833,0.8896414037531357,5.677848527977721,0.987791058628674
WTI,2020-09-29,0.06297888983423292,0.08979442326485776,0.09840543564290768,0.8895946250801543,5.587969137509806,0.988000060723062
WTI,2020-10-28,0.06253402245934678,0.08857436372136557,0.0991177331588304,0.889430201230043,5.653328389301052,0.9885479343888735
WTI,2020-11-26,0.06515886631681822,0.08853850322441471,0.09909116290546205,0.8894479448658101,5.66235676036307,0.9885391077712722
WTI,2020-12-28,0.06703322054075528,0.09064292845783839,0.0996894340074113,0.8881135757775486,5.6754282049198785,0.9878030097849598
WTI,2021-01-27,0.06991391690316529,0.09040542494377518,0.0994026101514072,0.8883447783403249,5.644614835260853,0.987747388491732
WTI,2021-02-25,0.07537764750151718,0.0915160453131251,0.09903670927928018,0.8883921705822974,5.6773465570080734,0.9874288798615776
WTI,2021-03-26,0.07457626233376836,0.09263982524880013,0.10141287809304214,0.886784435372485,5.671057022467206,0.9881973134655271
WTI,2021-04-27,0.07515479783439608,0.09501037784034928,0.10102564439861549,0.886182155159333,5.6488538649193245,0.9872077995579485
WTI,2021-05-26,0.07649059267543264,0.09523073673834198,0.10093478502962097,0.8861728198450082,5.688081650527491,0.9871076048746291
WTI,2021-06-25,0.08122103323443014,0.09503854483395702,0.10112144557663684,0.885762970871776,5.674508676922695,0.9868844164484128
WTI,2021-07-26,0.08041179899552567,0.09747452851455221,0.10139245974904804,0.8854232564208377,5.631902244473932,0.9868157161698858
WTI,2021-08-24,0.07843350144482439,0.09682111724990664,0.10098232957669008,0.885880046979501,5.673037745325742,0.986862376556191
WTI,2021-09-22,0.07968186257928177,0.09704372773891216,0.10030603262458666,0.8860923906344546,5.694808600128773,0.9863984232590413
WTI,2021-10-21,0.08541117500733442,0.09683172048917062,0.10034253355068616,0.885842083687343,5.719067624069943,0.9861846172380291
WTI,2021-11-19,0.08392888885245176,0.09812972819006488,0.10031528593901506,0.8857844109511235,5.726695232269532,0.9860996968901385
WTI,2021-12-20,0.08390294675679881,0.0991391936179671,0.09975844196854454,0.8865216018312733,5.581604011255526,0.9862800437998178
WTI,2022-01-18,0.08845675031256481,0.10023318690121838,0.09980470204304472,0.8859732930057133,5.596952901563479,0.985777995048758
WTI,2022-02-16,0.09011559977074217,0.10099896415638826,0.09995335580213209,0.8856268554446596,5.6469456407404035,0.9855802112467916
WTI,2022-03-17,0.09068676820732283,0.10231676737487884,0.1041408737495208,0.8828141195946336,5.598935469177035,0.9869549933441544
WTI,2022-04-18,0.09088783474267635,0.10136860817489238,0.1034289287731297,0.8834704325499159,5.628411869419881,0.9868993613230456
WTI,2022-05-17,0.09107588087571927,0.10014079983893286,0.10298513177154642,0.8840978806039987,5.654208794686302,0.9870830123755452
WTI,2022-06-15,0.09169297484379758,0.10361725292852866,0.10373853744595524,0.882315020710678,5.656711111113658,0.9860535581566332
WTI,2022-07-14,0.0912984926415579,0.10214594634969226,0.10352802025958456,0.8835689878444076,5.579301884188494,0.9870970081039921
WTI,2022-08-12,0.09079333597038212,0.10205170830449103,0.10300374445610098,0.8838211927963326,5.6054991108989585,0.9868249372524336
WTI,2022-09-12,0.08989316381034997,0.10031588212788017,0.10255110558633115,0.8847370597716155,5.627279787290574,0.9872881653579467
WTI,2022-10-11,0.08962997512770528,0.0993790477674232,0.10230798505306372,0.8852287938221709,5.640863506700665,0.9875367788752346
WTI,2022-11-09,0.08843992781326189,0.09874441936629731,0.10204096261339315,0.8855220046402333,5.685538574977068,0.9875629672536265
WTI,2022-12-08,0.08843992045967893,0.09874442671291048,0.10204096375513515,0.885522004901567,5.685538575526343,0.9875629686567021
WTI,2023-01-10,0.08676941690703233,0.09773833133854434,0.10139819058687552,0.886444802894615,5.685764190659984,0.9878429934814905
WTI,2023-02-08,0.08676941690958394,0.0977383313449568,0.10139819058811343,0.8864448028948957,5.685764190660763,0.9878429934830091
WTI,2023-03-09,0.08662365425457545,0.09811304462533649,0.10064965603352088,0.8869064817551942,5.686017315794588,0.987556137788715
WTI,2023-04-10,0.08674648017102236,0.0986310348204737,0.10069115982635776,0.8869142305367222,5.68604788551565,0.98760539036308
WTI,2023-05-09,0.08674648016405893,0.09863103488708214,0.10069115983289262,0.8869142305381957,5.686047885522052,0.9876053903710884
WTI,2023-06-08,0.08533372067554916,0.0978799283273287,0.09984259189557299,0.8870919125091993,5.886038180165297,0.9869345044047723
WTI,2023-07-07,0.0859323275241886,0.09736654561766653,0.09959876088136631,0.8875346680687296,5.8867202056590315,0.9871334289500959
WTI,2023-08-07,0.08841270415700428,0.0975072372180884,0.09951134833918847,0.887522402477899,5.886681989138582,0.9870337508170876
WTI,2023-09-05,0.09018384771825887,0.09717379045932377,0.09935840528411542,0.8876408923610314,5.886897807176452,0.9869992976451468
WTI,2023-10-04,0.09063212316719345,0.09884056160396355,0.09980322974642936,0.8870119249519932,5.886940568587233,0.9868151546984225
WTI,2023-11-02,0.0902383677024133,0.09868654986719753,0.09984956438049397,0.8871340474453316,5.885630857969418,0.9869836118258256
WTI,2023-12-01,0.0884603163442193,0.0980804117581224,0.09982221280292672,0.8874535362446007,5.885922826933359,0.9872757490475274
WTI,2024-01-03,0.08783740624531687,0.09752831968407877,0.09935853071801737,0.8880375452843043,5.886089076684044,0.9873960760023217
WTI,2024-02-01,0.08800573002510155,0.0974530049544055,0.09872821973475301,0.8880104940624475,6.028614285526567,0.9867387137972005
WTI,2024-03-01,0.09023696058998841,0.09705116201807998,0.09833526905725777,0.8882395637271818,6.0435177638525746,0.9865748327844396
WTI,2024-04-02,0.09144776112520718,0.09678769872415054,0.0980340260411849,0.8883811975661379,6.075609505781887,0.9864152236073228
WTI,2024-05-01,0.08906760521129267,0.0959232121006965,0.09757277712591411,0.8889432429615899,6.04713453783729,0.986516020087504
WTI,2024-05-31,0.08656421220669429,0.09545960325215909,0.09720633255714198,0.8891934899045866,6.078840066780433,0.9863998224617285
WTI,2024-07-01,0.089287052542364,0.09539078805908706,0.09700445112509523,0.8892692978390856,6.087280514101132,0.9862737489641809
WTI,2024-07-30,0.08559181434251406,0.09592984843945865,0.09687408535263398,0.8892467455395883,6.091114151018887,0.9861208308922222
WTI,2024-08-28,0.08545767648647094,0.09671542296037483,0.09761430070061557,0.8885377230929219,6.156783514844255,0.9861520237935375
WTI,2024-09-26,0.08392249182237804,0.09642389462255258,0.09739982350395507,0.8887305343171377,6.200016935649128,0.9861303578210927
WTI,2024-10-25,0.08472398559635633,0.09601117280966386,0.09715564439063878,0.8891889240593549,6.179987239673441,0.9863445684499936
WTI,2024-11-25,0.08423471632289524,0.095621695226203,0.0965192762105641,0.8897944361866819,6.179986140924363,0.986313712397246
WTI,2024-12-24,0.08405816727703479,0.0957574184917545,0.09666174876716314,0.8893970582274018,6.17588746414339,0.9860588069945649
WTI,2025-01-24,0.08495180150985092,0.09701166194278056,0.09683243078342217,0.8889887300210719,6.183291796505534,0.9858211608044941
WTI,2025-02-24,0.08289262064953477,0.09653282565853953,0.09629562542292507,0.8894282335565185,6.190899721677207,0.9857238589794435
WTI,2025-03-25,0.08224748202986858,0.09601809673387676,0.09627112785839814,0.8894116593006597,6.206954192375088,0.9856827871590579
WTI,2025-04-24,0.0824941070206838,0.09869877005513947,0.09720139275845002,0.888510907571366,6.11963352826756,0.985712300329816
WTI,2025-05-23,0.08202949664627097,0.09909584127449526,0.09717951138349996,0.8882145755984319,6.151456448636372,0.9853940869819319
WTI,2025-06-24,0.08312034743699825,0.09934460075457424,0.09795997153511846,0.8881153532589355,6.073751497325092,0.986075324794054
WTI,2025-07-23,0.08226276862987655,0.1007225016072944,0.09695340549133842,0.8882981083965446,6.062436631886075,0.985251513887883
WTI,2025-08-21,0.0809337828146851,0.10047701358286645,0.09669431540361122,0.8883925497901511,6.101581772871106,0.9850868651937623
WTI,2025-09-19,0.07963218836371054,0.10025515883771051,0.09624956289636254,0.8886721837181718,6.143958624324732,0.9849217466145344
WTI,2025-10-20,0.07753637420931184,0.1003347311700104,0.09564243960941356,0.8891537446895332,6.1390350684237305,0.9847961842989468
WTI,2025-11-18,0.07839766727871665,0.09979175562160991,0.09496179748742516,0.8898743378159071,6.084679643566748,0.9848361353033322
WTI,2025-12-17,0.07460495684057614,0.09948055400711668,0.09456839400216435,0.8901171577242071,6.1197480126598105,0.9846855517263714
WTI,2026-01-19,0.07626063044804175,0.10061772082955536,0.09455801675409105,0.8899496923046946,6.131446177175017,0.9845077090587856
WTI,2026-02-17,0.07692504031435816,0.10089699701199434,0.09448478904503917,0.8898883835023582,6.14970101797618,0.9843731725473974
WTI,2026-03-18,0.07908976545147996,0.10234836800120256,0.09760760610621975,0.8877548042434874,6.077396668450339,0.9853624103497072
WTI,2026-04-17,0.07916489572247386,0.0997020778782522,0.09726973716859352,0.8890461523908582,6.015700474892639,0.9863158895594517
WTI,2026-05-18,0.08015822172403453,0.10148531110106576,0.09692018827763973,0.8886623531422126,6.032019340390519,0.9855825414198524
WTI,2026-06-17,0.0779293863654334,0.09907304314797108,0.09598760811756664,0.8900818519290657,6.038291634807306,0.9860694600466324
WTI,2026-07-16,0.0775275033466547,0.09838543260866792,0.09520674261824615,0.8909951050487651,6.000820892509886,0.9862018476670112
WTI,2026-08-14,0.07791232250640909,0.09779431873616429,0.09556165610798578,0.8909413630803081,6.0113275184322195,0.986503019188294
WTI,2026-09-14,0.0797590418546857,0.0977752302006683,0.09515989090401547,0.8912775639048771,6.002876688065991,0.9864374548088926
Brent,2009-12-31,0.18455712933865884,0.05686324361546691,0.04782134087978944,0.9439712359402469,7.611277724928897,0.9917925768200363
Brent,2010-02-02,0.1628118151689112,0.054544101055657386,0.047759031656721976,0.9439373550358989,7.654481346330106,0.991696386692621
Brent,2010-03-04,0.17036101519933178,0.05792723274469111,0.04619999657669217,0.9452106331594521,7.344933736851967,0.9914106297361442
Brent,2010-04-05,0.17934125822203467,0.05576610184081741,0.04561259630314091,0.9456535331799004,7.575562658283641,0.9912661294830414
Brent,2010-05-04,0.17319448768937953,0.057362120788578615,0.04492202067202291,0.9458112326976581,8.10038897199539,0.990733253369681
Brent,2010-06-03,0.15680257362412756,0.06551613973633885,0.04793550968352066,0.9422776992870081,8.531374131830786,0.9902132089705288
Brent,2010-07-02,0.15088981013469038,0.06492788036130288,0.046259018611641244,0.9436038974584798,8.506845629796187,0.9898629160701211
Brent,2010-08-03,0.1651151533585802,0.06583489633155327,0.045885789076244354,0.9436840417433368,8.427625406211599,0.989569830819581
Brent,2010-09-01,0.14386906661179472,0.06450877431901597,0.044272421292323456,0.9452525001919524,8.556404664883997,0.9895249214842758
Brent,2010-10-01,0.15403813468605548,0.0623356293515099,0.0445938401540265,0.9447644538345709,8.662208498765306,0.9893582939885973
Brent,2010-11-01,0.15276484793277736,0.05629107681290712,0.04587577709222159,0.9441495075079317,8.820322592707779,0.9900252846001533
Brent,2010-12-01,0.15752621731863464,0.049872362372317694,0.04664996872202163,0.9443786244166117,8.802199288324571,0.9910285931386333
Brent,2010-12-31,0.16799276946145814,0.02494298166679235,0.04967657694401138,0.9461741656401707,8.591787570633596,0.995850742584182
Brent,2011-02-01,0.17856891958599896,0.0268234523014745,0.047983104410617955,0.9472822466051461,8.5917756179972,0.9952653510157641
Brent,2011-03-03,0.1861203953232068,0.04011812797608319,0.05041038065398919,0.9428394720319547,8.459009900147274,0.9932498526859439
Brent,2011-04-01,0.18861378495162476,0.03555935979098595,0.04942071476193538,0.9443127791812598,8.229570124784294,0.9937334939431952
Brent,2011-05-05,0.18309125760867123,0.04830282933289368,0.0494197018485248,0.9427493562118289,6.958903073722098,0.9921690580603537
Brent,2011-06-13,0.18990989479225498,0.04154361615758304,0.04879245108495107,0.9443155357008759,7.421673128015716,0.993107986785827
Brent,2011-07-19,0.1877649876027248,0.04202312530707942,0.04881281362469349,0.9442675012846462,7.397392337694725,0.9930803149093397
Brent,2011-08-17,0.17842424932350026,0.043205223460415505,0.048676170905367376,0.9439986848228944,7.318460346037006,0.9926748557282618
Brent,2011-09-16,0.17764511938535718,0.04281447008833934,0.04797727241654572,0.9445490383870633,7.344661626389935,0.992526310803609
Brent,2011-10-17,0.17168436588155486,0.04288313004652201,0.047004675157795016,0.9453694259189213,7.516526258309433,0.9923741010767163
Brent,2011-11-15,0.16500873652900774,0.04228199424724872,0.046293241361022336,0.9458942127468465,7.736848278068874,0.9921874541078688
Brent,2011-12-15,0.1520148360143145,0.04163292017447511,0.045496443222543606,0.946708507191803,7.737090875311051,0.9922049504143466
Brent,2012-01-18,0.1528201086286828,0.0406041213260033,0.04484396261495869,0.947251578921496,7.974357890081389,0.9920955415364547
Brent,2012-02-16,0.16485065714310157,0.034301482843673264,0.04592506217635035,0.9473119633697755,7.881536429232328,0.9932370255461259
Brent,2012-03-19,0.16604335850490384,0.034611236770503664,0.04524979570507436,0.947774668218073,7.986538113498836,0.9930244639231474
Brent,2012-04-18,0.14357266987183107,0.031016084372821228,0.04469983851394741,0.9488896738668674,8.112358422252642,0.9935895123808148
Brent,2012-05-17,0.13268473129094596,0.030485226702131385,0.043680896472073114,0.9499101557164262,8.104053428427092,0.9935910521884993
Brent,2012-06-18,0.12168602168311897,0.03428790362526726,0.04358971807061793,0.9492799271653068,8.103717539091214,0.9928696452359248
Brent,2012-07-18,0.13009271644919262,0.035842507854085055,0.044155312669403826,0.9487183189945094,7.870262113133759,0.9928736316639133
Brent,2012-08-16,0.1393989505777405,0.03521546489524783,0.04464226294765353,0.9480192833308039,7.823851008728276,0.9926615462784574
Brent,2012-09-17,0.13882737019147448,0.033032616805084354,0.046967586627532,0.9460356762890061,7.850436516649348,0.9930032629165381
Brent,2012-10-16,0.13643312345969663,0.03492504880465888,0.04502133523467602,0.9475439697040369,7.752035063929144,0.9925653049387129
Brent,2012-11-14,0.1256423961756325,0.0343454752370218,0.04439424744425331,0.9481257037242478,7.883527511485625,0.9925199511685011
Brent,2012-12-14,0.12073817651411374,0.03265087138332603,0.04383331670147867,0.9489200379303996,7.890971293571363,0.9927533546318783
Brent,2013-01-16,0.1190514035226206,0.027925829739326138,0.04442981768170752,0.9493843544242772,7.75192551067433,0.9938141721059847
Brent,2013-02-15,0.12643394829210444,0.01706491824750167,0.04740323861725368,0.9493494073746411,7.57473476765085,0.9967526459918948
Brent,2013-03-19,0.10092927117207921,0.01752892941312061,0.04615144690345424,0.9502569012663133,7.7319172099126625,0.9964083481697676
Brent,2013-04-18,0.09116050814378392,0.022403882998203947,0.04645238715502057,0.9487063040027901,7.868515622340367,0.9951586911578106
Brent,2013-05-17,0.09116050814378392,0.022403882998203947,0.04645238715502057,0.9487063040027901,7.868515622340367,0.9951586911578106
Brent,2013-06-18,0.09661036057376993,0.02345293372212842,0.04618079974334351,0.9486156824026353,7.905524944346008,0.9947964821459788
Brent,2013-07-18,0.10128078313190743,0.021931246056325602,0.04667824425894105,0.9484237225177089,7.822698089580204,0.99510196677665
Brent,2013-08-16,0.1015973621865299,0.019064993815602442,0.048683407665791614,0.9471850620229266,7.818434791319008,0.9958684696887182
Brent,2013-09-17,0.09702962667371148,0.021196644116347422,0.0483782088488216,0.9469297857219028,7.818389335544295,0.9953079945707244
Brent,2013-10-16,0.0952677412253454,0.0196734644220753,0.047557544927912594,0.9480096001421153,7.81840836090579,0.995567145070028
Brent,2013-11-14,0.08968669750121336,0.01965650755296433,0.04686283548667761,0.948544593132254,7.966653679054713,0.9954074286189316
Brent,2013-12-16,0.08836357703828407,0.018195171325814077,0.04662479235340564,0.9490856043613703,7.966724051805352,0.995710396714776
Brent,2014-01-16,0.08158082623460365,0.016701155189040265,0.0461055792804618,0.9498058669970711,8.175536418302041,0.9959114462775329
Brent,2014-02-14,0.07918043556468915,0.014159365000734626,0.04606529315119014,0.9505069870069774,8.194705269548933,0.9965722801581676
Brent,2014-03-18,0.07263306721396233,0.013277863970480879,0.045515954070115425,0.95121493993528,8.25349049207027,0.9967308940053954
Brent,2014-04-16,0.07477997460613472,0.01396303368310855,0.04535835959848171,0.9510857615689833,8.372930768244366,0.996444121167465
Brent,2014-05-16,0.07394413210100502,0.010344315161861801,0.0452638480197867,0.9522090338542942,8.372944075379044,0.9974728818740809
Brent,2014-06-16,0.07349845662143387,0.010127340345717956,0.04549519866391265,0.9520474901349223,8.37296077686225,0.9975426887988349
Brent,2014-07-16,0.05672127685835332,0.008502987354059962,0.044688853392922966,0.953305267023132,8.373198331001072,0.997994120416055
Brent,2014-08-14,0.05672127685835332,0.008502987354059962,0.044688853392922966,0.953305267023132,8.373198331001072,0.997994120416055
Brent,2014-09-15,0.04163257184671198,0.008252861838824226,0.04352891532092356,0.9544202988060954,8.373355901436886,0.9979492141270189
Brent,2014-10-14,0.0322501053593647,0.008511873007596366,0.04251381793654971,0.9552527955674996,8.373255553603034,0.9977666135040494
Brent,2014-11-12,0.0322501053593647,0.008511873007596366,0.04251381793654971,0.9552527955674996,8.373255553603034,0.9977666135040494
Brent,2014-12-12,0.027418059767218884,0.010082375588275535,0.0453469511439007,0.9530508865322508,7.5489624435016855,0.9983978376761515
Brent,2015-01-14,0.02741805974040465,0.010082375652472636,0.04534695115089179,0.9530508865328362,7.548962443499458,0.998397837683728
Brent,2015-02-17,0.02741805974040465,0.010082375652472636,0.04534695115089179,0.9530508865328362,7.548962443499458,0.998397837683728
Brent,2015-03-18,0.02741805974040465,0.010082375652472636,0.04534695115089179,0.9530508865328362,7.548962443499458,0.998397837683728
Brent,2015-04-17,0.025672644882689333,0.010016475320123936,0.04472274580291275,0.9536488479944472,7.548494546937625,0.99837159379736
Brent,2015-05-18,0.02807083973082722,0.01071127393788793,0.0452935766849692,0.9529517084808037,7.187679573558303,0.9982452851657729
Brent,2015-06-17,0.02807083973082722,0.01071127393788793,0.0452935766849692,0.9529517084808037,7.187679573558303,0.9982452851657729
Brent,2015-07-16,0.024718094700147623,0.009872217813154768,0.04417835203436996,0.9544920831254109,7.187728826059296,0.9986704351597808
Brent,2015-08-14,0.020070549969969927,0.009877478746010462,0.04315052868438849,0.955283290225753,7.187312875437392,0.9984338189101415
Brent,2015-09-14,0.019884548366333014,0.009516522832841878,0.04515629291594808,0.9540269691689167,7.187275206732129,0.9991832620848649
Brent,2015-10-13,0.019881868193854475,0.009516458555901703,0.04515598792565255,0.9540218762796159,7.187273937597044,0.9991778642052684
Brent,2015-11-11,0.017489451619606168,0.010030323457409817,0.04457045484920493,0.9541322118789268,7.1869388821760944,0.9987026667281318
Brent,2015-12-10,0.01468680785029003,0.009941026993893496,0.04401775382720498,0.9546303906554607,7.186586034885709,0.9986481444826657
Brent,2016-01-08,0.011692750287441296,0.00925655882105231,0.043633231353652026,0.9554382754316795,7.186382411122839,0.9990715067853315
Brent,2016-02-08,0.011684763083483991,0.00878584920865114,0.043906776217258046,0.955592514714544,7.186384082573693,0.999499290931802
Brent,2016-03-08,0.011684763083483991,0.00878584920865114,0.043906776217258046,0.955592514714544,7.186384082573693,0.999499290931802
Brent,2016-04-06,0.041372442015748224,0.03385404196750156,0.0780309924475942,0.920997079823891,5.9514555657579615,0.9990280722714853
Brent,2016-05-05,-0.012345653326915083,0.014520833061992863,0.05072447959916835,0.9485747795206666,5.966057205400611,0.999299259119835
Brent,2016-06-03,-0.012345653326915083,0.014520833061992863,0.05072447959916835,0.9485747795206666,5.966057205400611,0.999299259119835
Brent,2016-07-04,-0.012345653326915083,0.014520833061992863,0.05072447959916835,0.9485747795206666,5.966057205400611,0.999299259119835
Brent,2016-08-02,-0.012345653326915083,0.014520833061992863,0.05072447959916835,0.9485747795206666,5.966057205400611,0.999299259119835
Brent,2016-08-31,-0.012345653326915083,0.014520833061992863,0.05072447959916835,0.9485747795206666,5.966057205400611,0.999299259119835
Brent,2016-09-29,-0.012345653326915083,0.014520833061992863,0.05072447959916835,0.9485747795206666,5.966057205400611,0.999299259119835
Brent,2016-10-28,-0.012345653326915083,0.014520833061992863,0.05072447959916835,0.9485747795206666,5.966057205400611,0.999299259119835
Brent,2016-11-28,-0.012345653326915083,0.014520833061992863,0.05072447959916835,0.9485747795206666,5.966057205400611,0.999299259119835
Brent,2016-12-27,-0.012345653326915083,0.014520833061992863,0.05072447959916835,0.9485747795206666,5.966057205400611,0.999299259119835
Brent,2017-01-25,-0.012345653326915083,0.014520833061992863,0.05072447959916835,0.9485747795206666,5.966057205400611,0.999299259119835
Brent,2017-02-23,-0.012345653326915083,0.014520833061992863,0.05072447959916835,0.9485747795206666,5.966057205400611,0.999299259119835
Brent,2017-03-24,-0.012345653326915083,0.014520833061992863,0.05072447959916835,0.9485747795206666,5.966057205400611,0.999299259119835
Brent,2017-04-24,-0.012345653326915083,0.014520833061992863,0.05072447959916835,0.9485747795206666,5.966057205400611,0.999299259119835
Brent,2017-05-23,-0.012345653326915083,0.014520833061992863,0.05072447959916835,0.9485747795206666,5.966057205400611,0.999299259119835
Brent,2017-06-21,-0.012345653326915083,0.014520833061992863,0.05072447959916835,0.9485747795206666,5.966057205400611,0.999299259119835
Brent,2017-07-20,-0.012345653326915083,0.014520833061992863,0.05072447959916835,0.9485747795206666,5.966057205400611,0.999299259119835
Brent,2017-08-18,-0.012345653326915083,0.014520833061992863,0.05072447959916835,0.9485747795206666,5.966057205400611,0.999299259119835
Brent,2017-09-18,-0.012345653326915083,0.014520833061992863,0.05072447959916835,0.9485747795206666,5.966057205400611,0.999299259119835
Brent,2017-10-17,-0.012345653326915083,0.014520833061992863,0.05072447959916835,0.9485747795206666,5.966057205400611,0.999299259119835
Brent,2017-11-15,-0.012345653326915083,0.014520833061992863,0.05072447959916835,0.9485747795206666,5.966057205400611,0.999299259119835
Brent,2017-12-14,-0.012345653326915083,0.014520833061992863,0.05072447959916835,0.9485747795206666,5.966057205400611,0.999299259119835
Brent,2018-01-16,-0.012345653326915083,0.014520833061992863,0.05072447959916835,0.9485747795206666,5.966057205400611,0.999299259119835
Brent,2018-02-14,-0.012345653326915083,0.014520833061992863,0.05072447959916835,0.9485747795206666,5.966057205400611,0.999299259119835
Brent,2018-03-15,-0.012345653326915083,0.014520833061992863,0.05072447959916835,0.9485747795206666,5.966057205400611,0.999299259119835
Brent,2018-04-16,-0.012345653326915083,0.014520833061992863,0.05072447959916835,0.9485747795206666,5.966057205400611,0.999299259119835
Brent,2018-05-15,-0.012310300385730487,0.014680612892221065,0.0507515115439122,0.948660323932235,5.966066927318822,0.9994118354761472
Brent,2018-06-14,-0.012262057241882573,0.01501290006440218,0.05077276292802052,0.9487228347964448,5.966098622524775,0.9994955977244653
Brent,2018-07-13,-0.012262057241882573,0.01501290006440218,0.05077276292802052,0.9487228347964448,5.966098622524775,0.9994955977244653
Brent,2018-08-13,-0.012262057241882573,0.01501290006440218,0.05077276292802052,0.9487228347964448,5.966098622524775,0.9994955977244653
Brent,2018-09-11,-0.012262057241882573,0.01501290006440218,0.05077276292802052,0.9487228347964448,5.966098622524775,0.9994955977244653
Brent,2018-10-10,-0.012262057241882573,0.01501290006440218,0.05077276292802052,0.9487228347964448,5.966098622524775,0.9994955977244653
Brent,2018-11-08,-0.012262057241882573,0.01501290006440218,0.05077276292802052,0.9487228347964448,5.966098622524775,0.9994955977244653
Brent,2018-12-07,-0.012262057241882573,0.01501290006440218,0.05077276292802052,0.9487228347964448,5.966098622524775,0.9994955977244653
Brent,2019-01-11,-0.012262057241882573,0.01501290006440218,0.05077276292802052,0.9487228347964448,5.966098622524775,0.9994955977244653
Brent,2019-02-11,-0.012247935866060917,0.01516636799998812,0.05077633716856086,0.9487231652421877,5.9661128838149535,0.9994995024107486
Brent,2019-03-12,0.032789270271159396,0.012890302879619168,0.045675131650557914,0.9525867032180348,6.947835223847048,0.9982618348685928
Brent,2019-04-10,0.03698814193378562,0.013336258687248944,0.04641023881226734,0.9516773936195647,6.947753987009425,0.9980876324318321
Brent,2019-05-10,0.0368921280814962,0.013273846070780287,0.04581376245327184,0.9522158892332748,6.947712278153275,0.9980296516865467
Brent,2019-06-11,0.03494514324098364,0.013349498999767454,0.04615576743496338,0.9522846926911902,6.668945790954875,0.9984404601261536
Brent,2019-07-10,0.03494514680200031,0.013349504440775326,0.046155768797863386,0.9522846928073776,6.668945791074388,0.998440461605241
Brent,2019-08-08,0.03354767535522381,0.013001716442719007,0.04602866520591539,0.9526647469533226,6.669009955106948,0.998693412159238
Brent,2019-09-06,0.03354767535522381,0.013001716442719007,0.04602866520591539,0.9526647469533226,6.669009955106948,0.998693412159238
Brent,2019-10-07,0.03354767535522381,0.013001716442719007,0.04602866520591539,0.9526647469533226,6.669009955106948,0.998693412159238
Brent,2019-11-05,0.034245826481342646,0.013280195160559838,0.04599790008120708,0.9525643288994828,6.669015443761131,0.9985622289806899
Brent,2019-12-04,0.03569663347657583,0.014647541212105384,0.04763100275667202,0.9504631650609626,6.668595104027342,0.9980941678176346
Brent,2020-01-06,0.037957728548108034,0.014891059612567927,0.04786644133302307,0.9501354382045382,6.6675051597122375,0.9980018795375613
Brent,2020-02-04,0.031981885029261435,0.014656411467802447,0.047569797184116455,0.9506934568031905,6.667450790787882,0.998263253987307
Brent,2020-03-04,0.03198188145368626,0.014656440203056216,0.047569799695467783,0.9506934570250654,6.667450791046292,0.9982632567205332
Brent,2020-04-02,0.03207411259407031,0.013120042573321241,0.04866491969346709,0.9507102144204657,6.667509926837793,0.9993751341139328
Brent,2020-05-04,0.02871871163130431,0.018721789242269807,0.05434585042083287,0.9450413004798386,5.922603785061043,0.9993871509006714
Brent,2020-06-03,0.03480730799106375,0.019867048314053705,0.05804075856901649,0.941278748693171,5.921210124010159,0.9993195072621874
Brent,2020-07-02,0.039334747963758,0.032839863849750454,0.07057177578414867,0.9264917676605695,5.754457864284847,0.9970635434447181
Brent,2020-07-31,0.04399655296959613,0.05085846828661467,0.08659684772522476,0.9073595197045186,5.681441085726034,0.9939563674297434
Brent,2020-08-31,0.04498825967527048,0.051387779413859865,0.08666208292478084,0.9070734281418841,5.681439767392818,0.9937355110666649
Brent,2020-09-29,0.04409611704413804,0.051237633482584165,0.0867504816342277,0.9074600777256353,5.636515878631045,0.994210559359863
Brent,2020-10-28,0.04312799710095671,0.05018519012620896,0.08682264835546212,0.9077814814745562,5.68726242902543,0.9946041298300183
Brent,2020-11-26,0.04541463014891011,0.05002738553616617,0.08681428368040536,0.9077976192843035,5.714323399967048,0.9946119029647088
Brent,2020-12-28,0.04859268572751266,0.051489531771997256,0.08718924818916146,0.9068527411702839,5.698659293969296,0.9940419893594454
Brent,2021-01-27,0.049587127399851834,0.051758772711476,0.08693510522614004,0.9070001948609001,5.652068289831491,0.9939353000870401
Brent,2021-02-25,0.05615935586285241,0.05223791020530638,0.08670896754610144,0.9069606553313811,5.710855944441055,0.9936696228774826
Brent,2021-03-26,0.05509634762038582,0.05314450922478028,0.0895235631577014,0.9050350466958708,5.6948689661004686,0.9945586098535721
Brent,2021-04-27,0.05584332723445865,0.05496488993781,0.08854298039046414,0.905060877855772,5.63980633838369,0.9936038582462362
Brent,2021-05-26,0.057164964773715014,0.055487181445672724,0.08870221326635452,0.9047047772379112,5.664398678512571,0.9934069905042657
Brent,2021-06-25,0.0629069176153998,0.056013983115356734,0.09005639878467701,0.9031521873331414,5.632470216306551,0.9932085861178184
Brent,2021-07-26,0.06292212357758334,0.05812803331523831,0.09000307398174665,0.9030983841166703,5.58806047860925,0.993101458098417
Brent,2021-08-24,0.06163134538236876,0.05758995672661262,0.08976887909213632,0.9034868295699118,5.60945960663751,0.9932557086620482
Brent,2021-09-22,0.06280700454128335,0.058016505787414394,0.08945752717704879,0.9033339041911581,5.633396948921442,0.9927914313682069
Brent,2021-10-21,0.06687970824908353,0.057903120794557984,0.0895038156393055,0.9030771566238249,5.664521540435675,0.9925809722631305
Brent,2021-11-19,0.06527066826409177,0.05890739283416241,0.08967186967196597,0.9027823323628975,5.684481791736428,0.9924542020348635
Brent,2021-12-20,0.06498448853868141,0.06014508924791402,0.08934383348037123,0.9032606826336657,5.526788580160462,0.9926045161140369
Brent,2022-01-18,0.06921055295691207,0.06086291143019102,0.08916020871862888,0.9030333930580544,5.526662498310717,0.9921936017766833
Brent,2022-02-16,0.07081678616361818,0.060934003138376984,0.0890177345816171,0.9031767256514679,5.550426658030189,0.992194460233085
Brent,2022-03-17,0.0720076302603999,0.06127648513889007,0.09336665870183158,0.9002658481033824,5.545533963686829,0.993632506805214
Brent,2022-04-18,0.07172432725727758,0.06127618054678755,0.09266759563446021,0.9006684229400757,5.564125785347811,0.9933360185745359
Brent,2022-05-17,0.07165818108061106,0.05993558000530796,0.09213795675367656,0.901406456985169,5.607699370384946,0.9935444137388455
Brent,2022-06-15,0.07374574233397019,0.06261101924023156,0.0929700582236731,0.8996650667809045,5.611425634438115,0.9926351250045776
Brent,2022-07-14,0.07271440144973348,0.061502995472865994,0.0919993051522529,0.9014057194248649,5.499704692246376,0.9934050245771178
Brent,2022-08-12,0.07238233703419444,0.060859624663259795,0.09179136589929142,0.901640122856623,5.543329308610893,0.9934314887559144
Brent,2022-09-12,0.07118526469762781,0.05963298730862122,0.09138730553288857,0.9023172654914,5.57845418493191,0.9937045710242886
Brent,2022-10-11,0.07157135853728956,0.05954756887914886,0.09092005500658,0.9027508671812066,5.560519765960187,0.9936709221877865
Brent,2022-11-09,0.07121374000638393,0.06006615546210298,0.09100320258910431,0.9025081968990044,5.568756995516432,0.9935113994881087
Brent,2022-12-08,0.06802960619768837,0.0595146556732977,0.09086775964086566,0.9027574685976549,5.608577383474207,0.9936252282385206
Brent,2023-01-10,0.06845834455713387,0.05907350929657826,0.09054875511730642,0.9031691157508505,5.624149449168209,0.9937178708681569
Brent,2023-02-08,0.06894892583844864,0.05940574928431263,0.09044855444141714,0.9031509243744081,5.624232867391627,0.9935994788158253
Brent,2023-03-09,0.0689489085436223,0.05940577291785479,0.09044856136945968,0.9031509256844044,5.624232871865578,0.993599487053864
Brent,2023-04-10,0.0689489085436223,0.05940577291785479,0.09044856136945968,0.9031509256844044,5.624232871865578,0.993599487053864
Brent,2023-05-09,0.06760857452630138,0.05878587243626705,0.08993555822169354,0.9040467630557186,5.624507037251601,0.9939823212774122
Brent,2023-06-08,0.06757486339813645,0.05901798308112936,0.08947633966625322,0.9042416553741223,5.624536462740418,0.9937179950403755
Brent,2023-07-07,0.06757486340258427,0.05901798309423748,0.08947633966856283,0.9042416553745533,5.624536462742514,0.9937179950431161
Brent,2023-08-07,0.07036794703655115,0.05787073440136552,0.08810758613302087,0.9046924727026082,5.904191315091259,0.992800058835629
Brent,2023-09-05,0.07174834014057191,0.05764481202934431,0.0878551809494504,0.9048678955042458,5.903710955412652,0.9927230764536963
Brent,2023-10-04,0.073291707592017,0.059157501193160475,0.08905317691853251,0.9036603235397346,5.900359081542715,0.9927135004582671
Brent,2023-11-02,0.07293228147855396,0.0590922142354973,0.0894043929424717,0.903501676305015,5.900866814573659,0.9929060692474867
Brent,2023-12-01,0.07125384829115572,0.05899756404311772,0.08944588622435237,0.9040218846386588,5.76082481040605,0.9934677708630112
Brent,2024-01-03,0.07056559546905222,0.059259832312372064,0.08916323627751654,0.9040772419795019,5.760847132466714,0.9932404782570184
Brent,2024-02-01,0.0718757690135939,0.05933586808282142,0.08937733782402212,0.9037943070801904,5.760914177853365,0.9931716449042125
Brent,2024-03-01,0.07318168962168625,0.05840966678611991,0.08957409637787096,0.9036400703405557,5.771269069400736,0.9932141667184267
Brent,2024-04-02,0.07344656906829142,0.05889624202562492,0.08886909095028424,0.9039906654066875,5.816513118698034,0.9928597563569718
Brent,2024-05-01,0.07344656906829142,0.05889624202562492,0.08886909095028424,0.9039906654066875,5.816513118698034,0.9928597563569718
Brent,2024-05-31,0.06968281154567672,0.059334490757770156,0.08754441530464037,0.9047349253551055,5.901557567231778,0.9922793406597459
Brent,2024-07-01,0.07274236613937257,0.05930301403712709,0.08755629254184842,0.9046003192986327,5.899881503498222,0.9921566118404811
Brent,2024-07-30,0.06817068635704773,0.05933993805760263,0.08749535341415944,0.9046284822475525,5.89929494578045,0.992123835661712
Brent,2024-08-28,0.06907491584753268,0.060455572624030986,0.08770359700181785,0.9042558214883486,5.902573578536275,0.9919594184901664
Brent,2024-09-26,0.0667840650965441,0.060610245101036415,0.08743696405920158,0.9045285664373739,5.903122364123285,0.9919655304965754
Brent,2024-10-25,0.06745029411347521,0.060867485922894544,0.08808159916948935,0.9041498569663015,5.903326749669291,0.9922314561357908
Brent,2024-11-25,0.06741733460992295,0.061531509015275355,0.08816960171164223,0.9037580762526681,5.902679690305016,0.9919276779643104
Brent,2024-12-24,0.06616347870724675,0.06190423325845247,0.0882695572246725,0.9035039490423056,5.904133546953852,0.9917735062669781
Brent,2025-01-24,0.06805706105938122,0.06204571535255299,0.08804364533533696,0.9035976443229923,5.904202662224105,0.9916412896583292
Brent,2025-02-24,0.06612013123885122,0.061807310334160724,0.08751213144279145,0.9040726808908689,5.904705492208652,0.9915848123336604
Brent,2025-03-25,0.06578262658916981,0.06180010040161642,0.08746213229971567,0.9040911389305621,5.9048394802290325,0.9915532712302778
Brent,2025-04-24,0.06594482419086252,0.06357144959864129,0.08814725527717862,0.9031650518346307,5.901255855679796,0.9913123071118093
Brent,2025-05-23,0.06502510388466806,0.06335693223702935,0.0880539819932589,0.903345156499882,5.9020309452396225,0.9913991384931409
Brent,2025-06-24,0.06570196258615738,0.0632087659634156,0.08916143491758222,0.9028258296304073,5.90224986842715,0.9919872645479895
Brent,2025-07-23,0.06527230823181564,0.06400158788790701,0.08816466316894374,0.9031688549311903,5.9022222496040335,0.991333518100134
Brent,2025-08-21,0.06460563585228174,0.06371631510884382,0.08783104008954035,0.9035053728737086,5.903759363310151,0.9913364129632489
Brent,2025-09-19,0.06330201977193765,0.06370390239284067,0.08747417977014654,0.9038001512149948,5.905177960832169,0.9912743309851413
Brent,2025-10-20,0.061184233497050815,0.06360703158090668,0.0870326659442346,0.904221949395877,5.905351657874757,0.9912546153401116
Brent,2025-11-18,0.062135251644715755,0.06354521992110557,0.08634223548666119,0.9047980131062308,5.9057440748803005,0.991140248592892
Brent,2025-12-17,0.0597624924309624,0.06347281782571265,0.08610710618430954,0.9049295258591318,5.9072525875289115,0.9910366320434413
Brent,2026-01-19,0.061353163952299915,0.06459157323148751,0.08658537275286901,0.9044091552748599,5.908049870126686,0.9909945280277289
Brent,2026-02-17,0.061848456435814846,0.06489105090905566,0.08651967157961606,0.904393180398881,5.908328990691459,0.990912851978497
Brent,2026-03-18,0.06337106589415388,0.06476240752310349,0.08909545644835838,0.9027118411481035,5.919329420582413,0.9918072975964619
Brent,2026-04-17,0.06297700454048578,0.0632656825941944,0.08973924437557777,0.902829313223627,5.9151836304933685,0.9925685575992048
Brent,2026-05-18,0.0635741265702981,0.06501205818351041,0.08917441150096318,0.9025912533217848,5.914957215631909,0.991765664822748
Brent,2026-06-17,0.06114947435035146,0.0636564801456185,0.08874856756338283,0.9034072944741386,5.912952767104566,0.9921558620375214
Brent,2026-07-16,0.06084955637899156,0.06256632605832756,0.08823544396470097,0.904194799185802,5.913677424552401,0.992430243150503
Brent,2026-08-14,0.06121894989089125,0.0626624123337223,0.08955024326463902,0.9032488212056439,5.916383189813974,0.9927990644702829
Brent,2026-09-14,0.06244829161900956,0.06185624606782247,0.08900486511686295,0.9039280271691629,5.921915286221042,0.9929328922860259
HenryHub,2009-12-31,-0.06025833341201337,0.619091134375768,0.11006968036514991,0.8594165745837081,5.916265906065239,0.9694862549488581
HenryHub,2010-02-02,-0.06432272535466643,0.669279202962774,0.11060876807290929,0.8572913154352759,5.5349688003401845,0.9679000835081852
HenryHub,2010-03-04,-0.09187475597586166,0.7770585809356197,0.12396214362679676,0.8370982004603508,5.507690540212915,0.9610603440871476
HenryHub,2010-04-05,-0.1389886984863461,0.8102898525572981,0.12371995680364374,0.8340565149987165,5.7080067972856865,0.9577764718023603
HenryHub,2010-05-04,-0.13120665265817547,0.7896088776430084,0.119056266316731,0.8385871039639371,5.776389407197722,0.9576433702806681
HenryHub,2010-06-03,-0.09658560249223809,0.7054819318420109,0.11491754972152113,0.8457969210962559,5.86315697989683,0.960714470817777
HenryHub,2010-07-02,-0.085322364880521,0.6770604891006988,0.10887030868539627,0.8525203464904063,5.867182773853121,0.9613906551758026
HenryHub,2010-08-03,-0.07459855920052828,0.6347502866936974,0.10657133712523224,0.8560137017839444,5.973857352873233,0.9625850389091767
HenryHub,2010-09-01,-0.13122362787437405,0.5466537907692633,0.10330669674780452,0.8634847817125101,6.165227150393666,0.9667914784603147
HenryHub,2010-10-01,-0.12298610746410352,0.4834725549596119,0.10054724110506685,0.8697958110257303,6.238480480098527,0.9703430521307972
HenryHub,2010-11-01,-0.12235783207014381,0.48995443725792603,0.09676453227987232,0.8729381845865832,6.093880111277264,0.9697027168664556
HenryHub,2010-12-01,-0.10784130877886777,0.4928011432601019,0.09959854442122361,0.8710417610951507,6.34204195046821,0.9706403055163744
HenryHub,2010-12-31,-0.10255376626732349,0.4924555596429677,0.09918609319210824,0.8702196780722601,6.426781456036027,0.9694057712643683
HenryHub,2011-02-01,-0.09462409785329243,0.46965662224920296,0.09354736996956109,0.8766304547780845,6.419388790273258,0.9701778247476456
HenryHub,2011-03-03,-0.1204941418126965,0.4513467194444887,0.09400945813995727,0.876593401979009,6.562320183605802,0.9706028601189663
HenryHub,2011-04-01,-0.0927535453055467,0.42476634318098505,0.09179911790602137,0.8799044981361684,6.670797139018346,0.9717036160421898
HenryHub,2011-05-05,-0.07762376186888213,0.3709465786710272,0.09097422997358477,0.8841382127678099,6.665600091686831,0.9751124427413946
HenryHub,2011-06-13,-0.06923122944676945,0.38879013154415143,0.08889705812447171,0.8848742996870702,6.485090598355341,0.9737713578115419
HenryHub,2011-07-19,-0.06809344881733799,0.3655310353714407,0.08869800509636938,0.8861170943030462,6.53049002220029,0.9748150993994156
HenryHub,2011-08-17,-0.09042791182888783,0.33007384698066816,0.08746220842404881,0.8896120151366869,6.516768368550085,0.9770742235607357
HenryHub,2011-09-16,-0.09385388130390594,0.3273407624509533,0.08650959835905744,0.8904573542866575,6.516512871624339,0.976966952645715
HenryHub,2011-10-17,-0.09873420162480424,0.3270779628288943,0.0857152889017726,0.8909386278036902,6.687902963085966,0.9766539167054628
HenryHub,2011-11-15,-0.11261987495146383,0.320146990610314,0.08373417020411528,0.892796126893281,6.797738610803215,0.9765302970973964
HenryHub,2011-12-15,-0.11659002038748663,0.34516195124522103,0.0862190225722824,0.888926315296542,6.676203521984318,0.9751453378688244
HenryHub,2012-01-18,-0.13399145534586923,0.36856640212755504,0.08806626675734883,0.8848870124322502,6.6568154606099155,0.9729532791895991
HenryHub,2012-02-16,-0.13030869034751447,0.3985784276609641,0.09594996513319702,0.8757740861948193,6.965765242188508,0.9717240513280163
HenryHub,2012-03-19,-0.147347301653772,0.4132717175663896,0.09619949202646434,0.8739723287003179,6.932344929498424,0.9701718207267823
HenryHub,2012-04-18,-0.15580676724423417,0.4178598617007108,0.0960763577601757,0.8733538044828559,6.982310047599173,0.9694301622430317
HenryHub,2012-05-17,-0.12921572677797769,0.407988881615663,0.09242946344818787,0.8777090857901308,6.952158207144991,0.9701385492383188
HenryHub,2012-06-18,-0.13475113542767225,0.4029282184673227,0.08992200292554259,0.8808492185134672,6.881418192606497,0.9707712214390098
HenryHub,2012-07-18,-0.1262191551959362,0.3977995073314195,0.08957090647244592,0.8813359889503101,7.0497780309222575,0.970906895422756
HenryHub,2012-08-16,-0.12520527917775542,0.3982286791626142,0.08778060129386116,0.8826247490895047,6.851303507866575,0.9704053503833658
HenryHub,2012-09-17,-0.12319119053077987,0.4149103400154582,0.08962460404823272,0.8793319265584292,7.0475671528075186,0.9689565306066619
HenryHub,2012-10-16,-0.10261286353930534,0.3983505237659127,0.0885402409272353,0.8808962635092766,7.141549428761485,0.969436504436512
HenryHub,2012-11-14,-0.08879847316228734,0.39622966167376483,0.08746740959380885,0.8817418663196109,7.289335032104872,0.9692092759134198
HenryHub,2012-12-14,-0.1017050820035973,0.3900168031525224,0.08584838313000998,0.8833870069024492,7.393205686806569,0.9692353900324592
HenryHub,2013-01-16,-0.09278548443941256,0.38597031599087966,0.08448002653239803,0.8847423798192009,7.6087868538569206,0.969222406351599
HenryHub,2013-02-15,-0.09621139799404907,0.3797899759365723,0.0836850635101744,0.8855582916974574,7.84343893524029,0.9692433552076318
HenryHub,2013-03-19,-0.06855793744292707,0.3624741611759673,0.08289549135978043,0.887367422104394,7.843145129542936,0.9702629134641745
HenryHub,2013-04-18,-0.055687700776877604,0.33406206851783343,0.081831231154411,0.8904236539976871,7.904071234485455,0.9722548851520981
HenryHub,2013-05-17,-0.06111875401288201,0.31987633751101807,0.07881233354935667,0.8944528398146124,7.630577539708712,0.9732651733639691
HenryHub,2013-06-18,-0.06102180110843531,0.2985504489943015,0.07806173335237068,0.8967904101954888,7.551348183784919,0.9748521435478594
HenryHub,2013-07-18,-0.06812768520318783,0.2637219106232076,0.07730245082493231,0.900489497243339,7.470035268494733,0.9777919480682713
HenryHub,2013-08-16,-0.08034859565196564,0.21862851579608597,0.07730064639111882,0.9045561055553976,7.495852653425316,0.9818567519465163
HenryHub,2013-09-17,-0.057245001582561954,0.20526106832800722,0.0759292287577333,0.9069666864345287,7.52875813009752,0.982895915192262
HenryHub,2013-10-16,-0.04949652423400474,0.17179914916125688,0.07451867470871631,0.9112773947049978,7.582683118066982,0.9857960694137141
HenryHub,2013-11-14,-0.06060935488704632,0.17917665288548537,0.0748382160899322,0.9101328903900204,7.728109746046929,0.9849711064799527
HenryHub,2013-12-16,-0.042408374775560795,0.17783254837835774,0.07392334545596378,0.9110671049257957,7.717710092602638,0.9849904503817595
HenryHub,2014-01-16,-0.04240837475986428,0.1778325484201306,0.07392334546125691,0.9110671049266854,7.717710092604082,0.9849904503879423
HenryHub,2014-02-14,-0.03880249021072298,0.21503940604759103,0.09484807625485525,0.8922776987290504,7.262915131669955,0.9871257749839056
HenryHub,2014-03-18,-0.04017242390354519,0.22677358226352848,0.09370104230184968,0.8922601697934084,6.905877667704815,0.9859612120952581
HenryHub,2014-04-16,-0.042438008056378776,0.6016550534375888,0.14167012940914545,0.8132579292102208,6.313880366244572,0.9549280586193662
HenryHub,2014-05-16,-0.0454183975475572,0.5723338795735016,0.14502128617933632,0.8126033067568988,6.270051537149615,0.9576245929362351
HenryHub,2014-06-16,-0.0377854294767486,0.5659488545898026,0.14249161878798017,0.8149640251678508,6.254996927720569,0.957455643955831
HenryHub,2014-07-16,-0.048907735010437776,0.539787390819496,0.14108098989122053,0.8180618683550623,6.195080983346205,0.9591428582462829
HenryHub,2014-08-14,-0.05448468534675947,0.5200295107169167,0.13989644652193586,0.8205002798915958,6.161151992052117,0.9603967264135317
HenryHub,2014-09-15,-0.049373833537521165,0.47532837654983934,0.14058363613239355,0.8237687832195755,6.217585976585496,0.964352419351969
HenryHub,2014-10-14,-0.049761772270673424,0.46818259481252095,0.13928459848086877,0.8254277808497457,6.0791009921254,0.9647123793306145
HenryHub,2014-11-12,-0.050642347689266516,0.47594172907903326,0.1384824147782514,0.8252429237898622,6.145757301860784,0.9637253385681136
HenryHub,2014-12-12,-0.050313707973165006,0.47378474649110164,0.1368432104573054,0.8281333298294882,5.98475831748288,0.9649765402867936
HenryHub,2015-01-14,-0.051619802492992285,0.46265504518874084,0.1357025585472057,0.8318512655146745,5.781526684944295,0.9675538240618802
HenryHub,2015-02-17,-0.05518838702395932,0.46784380941536313,0.13399398106559726,0.8324626726647412,5.738534197034492,0.9664566537303384
HenryHub,2015-03-18,-0.0519666322968936,0.4671925258350897,0.13396540733327086,0.8341607656284774,5.579644366181287,0.9681261729617483
HenryHub,2015-04-17,-0.051236483469238814,0.4750725539012962,0.13260035118503544,0.8342719078235906,5.499532677036266,0.9668722590086261
HenryHub,2015-05-18,-0.03896762761393783,0.46810301159798906,0.13131393507995112,0.8354699436571271,5.509892491677559,0.9667838787370783
HenryHub,2015-06-17,-0.03907093648847679,0.46634652552023753,0.1292510162765701,0.8373337583464475,5.449489088045597,0.9665847746230176
HenryHub,2015-07-16,-0.0416265815802872,0.45852821672164795,0.1298852794805881,0.8378716944142129,5.311125165280529,0.9677569738948011
HenryHub,2015-08-14,-0.04217706820683822,0.4510914180158946,0.12855172931928346,0.8392392870793438,5.3268462260677145,0.9677910163986273
HenryHub,2015-09-14,-0.04520571875544551,0.42955634785864594,0.12936473916137478,0.8400451293181539,5.332864993680983,0.9694098684795287
HenryHub,2015-10-13,-0.05189748116209646,0.43045364502569294,0.12823789435808344,0.8409331349498751,5.2989748211691525,0.9691710293079585
HenryHub,2015-11-11,-0.056569388697469754,0.43366294813608175,0.1275818563294589,0.8417320690511796,5.275096695860903,0.9693139253806384
HenryHub,2015-12-10,-0.06259187507637098,0.4384116897971535,0.1276152016875968,0.8404791481360708,5.290937567117378,0.9680943498236676
HenryHub,2016-01-08,-0.06104214605585049,0.4665968779339731,0.12931214617228626,0.8394676930518886,4.954102889569803,0.9687798392241749
HenryHub,2016-02-08,-0.06228130629338979,0.4706553703838166,0.12867041218702518,0.8396367297552184,4.944172046230591,0.9683071419422435
HenryHub,2016-03-08,-0.06997273415955385,0.4690208416693205,0.12696079329494353,0.8414672156735166,4.90939334205291,0.96842800896846
HenryHub,2016-04-06,-0.06642137831316502,0.4725113075836819,0.12708602687601012,0.8411124556839218,4.9082168521266,0.9681984825599319
HenryHub,2016-05-05,-0.06226298730745751,0.4796242447890824,0.1274528477240675,0.8405511501198021,4.87406967368206,0.9680039978438696
HenryHub,2016-06-03,-0.06399300576850277,0.46662052260371534,0.12586211885933385,0.8452435185544371,4.735797622595258,0.971105637413771
HenryHub,2016-07-04,-0.05576829005549084,0.48294327482463806,0.12507436853161197,0.8435512960254998,4.718746987547177,0.9686256645571119
HenryHub,2016-08-02,-0.05751556980625708,0.4904571742443825,0.12499662571854347,0.8431136861334134,4.7000981858723465,0.968110311851957
HenryHub,2016-08-31,-0.052781475623290997,0.4836857143035455,0.12400880788711242,0.8437983820169112,4.7034801810636,0.9678071899040236
HenryHub,2016-09-29,-0.052080181423429,0.4843297128539798,0.12287083157997471,0.8442903061094196,4.734005540564042,0.9671611376893943
HenryHub,2016-10-28,-0.05509494415502512,0.4906687328863373,0.12147808687649017,0.845390447129226,4.669831221866948,0.9668685340057162
HenryHub,2016-11-28,-0.052133630653349694,0.4845247917283367,0.1251919331430183,0.8442075256054397,4.6917924276168295,0.969399458748458
HenryHub,2016-12-27,-0.04753210153788509,0.48743873378458275,0.12438998724664684,0.8441821434743992,4.696069085334044,0.9685721307210461
HenryHub,2017-01-25,-0.04946897193379413,0.49548768740524146,0.12347511041377764,0.8446825725475702,4.598218827314483,0.9681576829613479
HenryHub,2017-02-23,-0.05349439606310248,0.4903676782591867,0.12361652504388461,0.8453686230740347,4.656784498834254,0.9689851481179194
HenryHub,2017-03-24,-0.05106285571088679,0.48174750577885517,0.12300439614194032,0.8467309610005913,4.684231775974166,0.9697353571425317
HenryHub,2017-04-24,-0.04909959151177582,0.4846620432309353,0.12279379025899174,0.8461690996811992,4.669248513163651,0.968962889940191
HenryHub,2017-05-23,-0.04760521164472159,0.481250882700214,0.12139660787568322,0.847738741840833,4.633969143596917,0.9691353497165162
HenryHub,2017-06-21,-0.049995279782848956,0.4814009642803506,0.120311202939761,0.8487796079181698,4.615049235952807,0.9690908108579308
HenryHub,2017-07-20,-0.04425533747082552,0.47484422529285053,0.1201736123992977,0.8489630166513402,4.612244834043801,0.9691366290506379
HenryHub,2017-08-18,-0.04944775141080883,0.46153229481861474,0.11946767677138816,0.8501126003530122,4.6475100272930145,0.9695802771244003
HenryHub,2017-09-18,-0.04758479427185167,0.45326143231956917,0.11899649980893012,0.8512072489729594,4.633697880230072,0.9702037487818895
HenryHub,2017-10-17,-0.04848316466730485,0.4540230470328953,0.11751927001694819,0.8527071060528154,4.5780257248358405,0.9702263760697636
HenryHub,2017-11-15,-0.047187938700706075,0.45765211917921783,0.11750137999161937,0.8525706508163936,4.590290095227522,0.970072030808013
HenryHub,2017-12-14,-0.050585393118105754,0.4654631327135015,0.11720429214490957,0.8526292584278088,4.52098315951198,0.9698335505727184
HenryHub,2018-01-16,-0.04824565903969189,0.48775348780273325,0.1266202680708344,0.8474973517170595,4.3030762902604485,0.9741176197878939
HenryHub,2018-02-14,-0.05155792422133891,0.617826783460763,0.1365387169581129,0.827207799532011,4.236075909862908,0.9637465164901239
HenryHub,2018-03-15,-0.048966524712718375,0.6831615891875172,0.14321695190440561,0.8155345361541542,4.218018954476862,0.9587514880585598
HenryHub,2018-04-16,-0.045222316558214834,0.6823818239978943,0.14215139387408138,0.8160566296737213,4.223676610152354,0.9582080235478027
HenryHub,2018-05-15,-0.045664044468008556,0.642045241792832,0.14422002955109908,0.8178818696355314,4.201073811775116,0.9621018991866306
HenryHub,2018-06-14,-0.0436329904290231,0.6392471219046203,0.14276136373107026,0.8193822392505576,4.175690330955594,0.9621436029816279
HenryHub,2018-07-13,-0.047145028184014816,0.6131107285541332,0.1450033850120315,0.8200671404836315,4.13929100071256,0.965070525495663
HenryHub,2018-08-13,-0.04651924405812732,0.6136440167474804,0.14292402494091783,0.8208022908492979,4.173464620959812,0.9637263157902157
HenryHub,2018-09-11,-0.04575566221896058,0.5768513247646517,0.1454005890107517,0.8221560873768881,4.151852657989517,0.9675566763876398
HenryHub,2018-10-10,-0.039798292177005534,0.5818567630079127,0.14487001043155423,0.8213642922931144,4.2047691806245515,0.9662343027246686
HenryHub,2018-11-08,-0.03848584684342087,0.5856125351724101,0.1431698247453391,0.8228695349725773,4.169871672550738,0.9660393597179164
HenryHub,2018-12-07,-0.03625118326262057,0.5821536814822261,0.14449318012340942,0.8231341704849928,4.16258449190204,0.9676273506084022
HenryHub,2019-01-11,-0.03901644831593711,0.5831248618562429,0.14493032170610198,0.8240651827235793,4.1116572421661735,0.9689955044296813
HenryHub,2019-02-11,-0.04012558950785249,0.57554200614661,0.14328650468500348,0.8260203880434707,4.110642758527176,0.9693068927284741
HenryHub,2019-03-12,-0.039406497123956254,0.6036411503938727,0.14843160432453917,0.8226139041499972,3.997092373273273,0.9710455084745364
HenryHub,2019-04-10,-0.04086500691104269,0.7071525327348744,0.15632186262379433,0.8069835520113777,3.942118775574555,0.963305414635172
HenryHub,2019-05-10,-0.04086699935761193,0.7037002859547405,0.15623454134795217,0.8069242547959459,3.9417832633346177,0.9631587961438981
HenryHub,2019-06-11,-0.043072747859530004,0.7037511853333385,0.15516603941840423,0.8075087219778221,3.939326155670853,0.9626747613962263
HenryHub,2019-07-10,-0.04212969980221986,0.7055244707797992,0.15368411441719143,0.8081854534776631,3.947818138582491,0.9618695678948546
HenryHub,2019-08-08,-0.04522012915240537,0.7162242973573741,0.15453548437285441,0.8070541130463615,3.9383856808534303,0.9615895974192159
HenryHub,2019-09-06,-0.04055966406672954,0.7133545610965266,0.15280364933538557,0.8081468791367122,3.9457585089377356,0.9609505284720978
HenryHub,2019-10-07,-0.04149743473156852,0.720526062660246,0.1520114772033548,0.8094830900206957,3.8985988501095514,0.9614945672240506
HenryHub,2019-11-05,-0.040859060597533164,0.7022239719796867,0.15388848800429822,0.8101253482096046,3.9327539025799605,0.9640138362139028
HenryHub,2019-12-04,-0.04320338962522401,0.7109053190931828,0.15269121288446158,0.810223399868619,3.9208345913814173,0.9629146127530805
HenryHub,2020-01-06,-0.04561044780742187,0.7234444747968372,0.1536248124913851,0.8102661158318777,3.8637455553926037,0.9638909283232628
HenryHub,2020-02-04,-0.04815468556608359,0.7269229300698196,0.15279471033887687,0.8098964303555922,3.875677455570867,0.9626911406944691
HenryHub,2020-03-04,-0.0478607756306557,0.728744305549589,0.15084284586879074,0.8118171721238563,3.8482812262280555,0.962660017992647
HenryHub,2020-04-02,-0.04956340150779537,0.7130625944507905,0.15196635426171742,0.8125702357146374,3.8798544634716357,0.9645365899763548
HenryHub,2020-05-04,-0.0489897744802876,0.6836856939794426,0.15413549693665354,0.8129533029580859,3.958716240831715,0.9670887998947394
HenryHub,2020-06-03,-0.05012277465030067,0.6611106917436103,0.1541923208893931,0.8153054390863954,3.982666565348517,0.9694977599757886
HenryHub,2020-07-02,-0.051301526800947295,0.6410671712156351,0.15527811468203176,0.8165788550049797,4.006150213779048,0.9718569696870115
HenryHub,2020-07-31,-0.04886364413769849,0.6497058609739701,0.15448484036334204,0.8155462536277028,4.02441284392514,0.9700310939910448
HenryHub,2020-08-31,-0.04701761531453518,0.6361529326560531,0.15406049788075324,0.8172513802976915,4.052079812593595,0.9713118781784448
HenryHub,2020-09-29,-0.047705244884734835,0.6309836076824017,0.15854936895236568,0.8164534791700622,4.013103965415278,0.9750028481224279
HenryHub,2020-10-28,-0.04688773805780609,0.6352907826997691,0.16051512615312938,0.8159290828958272,3.969361394867048,0.9764442090489566
HenryHub,2020-11-26,-0.0486340072161015,0.6474642992888449,0.16081233145688398,0.8148714430567006,3.9541460970021496,0.9756837745135846
HenryHub,2020-12-28,-0.04821668101313987,0.6469489430004887,0.16014380843801262,0.816535524470143,3.9118627016195586,0.9766793329081556
HenryHub,2021-01-27,-0.04692955759686079,0.6410616729228983,0.15841243406556024,0.8183454601830988,3.908527946608011,0.9767578942486591
HenryHub,2021-02-25,-0.046759489745003324,0.6615326152686157,0.1708191950713802,0.8129004032264029,3.7906679525978633,0.9837195982977831
HenryHub,2021-03-26,-0.049241013266563965,0.9366140453821592,0.19623479451039946,0.7737713810770369,3.7127266294427175,0.9700061755874364
HenryHub,2021-04-27,-0.04480426332769749,0.9750615774319205,0.1994529898561676,0.7684748537018058,3.707978902280316,0.9679278435579735
HenryHub,2021-05-26,-0.04466080674449976,0.9645726955802598,0.1989780399133434,0.768609235648411,3.719549264982023,0.9675872755617544
HenryHub,2021-06-25,-0.040578417473039495,0.9661336999258626,0.19728001995644093,0.7685688200040602,3.753134039934976,0.9658488399605012
HenryHub,2021-07-26,-0.03441497185168425,0.9647574083867916,0.19614529801056263,0.7687189015619883,3.7678173428945776,0.9648641995725509
HenryHub,2021-08-24,-0.03592859040825362,0.9519316309850083,0.19479203834353104,0.7697000665436285,3.784059817648963,0.9644921048871595
HenryHub,2021-09-22,-0.03146212681142507,0.9575731483005763,0.19383969428356174,0.7698120754713897,3.8019678720513466,0.9636517697549515
HenryHub,2021-10-21,-0.031184678385934732,0.9452936957108623,0.1952380837944046,0.7698538251507728,3.832337828374147,0.9650919089451775
HenryHub,2021-11-19,-0.03063490766955793,0.9230291123256433,0.19537338006475874,0.771426952316573,3.8625557711127736,0.9668003323813317
HenryHub,2021-12-20,-0.03279849643318876,0.9270193006918864,0.1966577807394294,0.7707712857896306,3.85904957129065,0.96742906652906
HenryHub,2022-01-18,-0.03168111851394716,0.9144863385721885,0.19552633746411316,0.7736405977934439,3.8378652964678452,0.969166935257557
HenryHub,2022-02-16,-0.03208101254859997,0.9193268566041795,0.19799370945530856,0.7733891441514164,3.7989825699216544,0.9713828536067249
HenryHub,2022-03-17,-0.03057550709306732,0.9126363530341544,0.1966778494447643,0.773740016805905,3.836779393661089,0.9704178662506693
HenryHub,2022-04-18,-0.024676252925725867,0.90037615132087,0.19615588196633904,0.7744720926552588,3.879668190163929,0.9706279746215979
HenryHub,2022-05-17,-0.024459429467051257,0.8939159506707534,0.19696954755996984,0.775133952586959,3.878838910003597,0.9721035001469289
HenryHub,2022-06-15,-0.023697954565897687,0.8713758736912549,0.19701193344750872,0.7775755033188565,3.882893882817283,0.9745874367663652
HenryHub,2022-07-14,-0.023147268748390862,0.8574543884146079,0.1953664478573045,0.7798382099103539,3.884762776153334,0.9752046577676584
HenryHub,2022-08-12,-0.022437252400034764,0.8357181158029605,0.19400312029452052,0.7828333856837812,3.889998682369377,0.9768365059783017
HenryHub,2022-09-12,-0.02464696927712593,0.8306726814920715,0.19246033514076868,0.7841469950785062,3.894512758236963,0.9766073302192748
HenryHub,2022-10-11,-0.02681741451156711,0.831310617336086,0.19325787408207767,0.7854382063186063,3.8506352385893248,0.9786960804006839
HenryHub,2022-11-09,-0.028013570170218945,0.8115984503451346,0.19575762199664837,0.7858147365510322,3.86787565807945,0.9815723585476805
HenryHub,2022-12-08,-0.02753544014375266,0.8180700337086668,0.19831680634417923,0.7848811413052709,3.837031900072052,0.9831979476494501
HenryHub,2023-01-10,-0.027988894087549114,0.803255565377834,0.19832510842065149,0.7868196292353391,3.82371446809972,0.9851447376559905
HenryHub,2023-02-08,-0.029102649523400016,0.7917370256404745,0.19794059948451898,0.7877288782597991,3.8417409641665565,0.985669477744318
HenryHub,2023-03-09,-0.02817860693633433,0.7949223138588006,0.19718609403895773,0.7880716181129179,3.8351409142345716,0.9852577121518756
HenryHub,2023-04-10,-0.028973243445307682,0.7997454933248392,0.1975686654586503,0.7881292431139487,3.814123655698619,0.985697908572599
HenryHub,2023-05-09,-0.02934281916400882,0.8050825206218439,0.1987969075352192,0.7884234684145741,3.7845241546356596,0.9872203759497933
HenryHub,2023-06-08,-0.029526314465125023,0.8042032205506624,0.19920100702975804,0.7894404950480517,3.754186945594489,0.9886415020778098
HenryHub,2023-07-07,-0.029526312767279357,0.8042032215031522,0.1992010088266168,0.7894404959897887,3.754186945295205,0.9886415048164054
HenryHub,2023-08-07,-0.027243602838735288,0.8089949776503653,0.1980819613266134,0.789620078144339,3.7580752317100763,0.9877020394709524
HenryHub,2023-09-05,-0.02724360283977336,0.8089949776558406,0.19808196132847064,0.7896200781453089,3.7580752317160426,0.9877020394737795
HenryHub,2023-10-04,-0.026977535188922607,0.7961779339814441,0.19721045608804547,0.7910045416139271,3.7911290367305956,0.9882149977019725
HenryHub,2023-11-02,-0.028324465177646557,0.79305202470878,0.1960899607111104,0.7928875964232651,3.765589222891127,0.9889775571343755
HenryHub,2023-12-01,-0.029161296890194997,0.8226052395632409,0.19955712505899478,0.7889575522381956,3.74966804865909,0.9885146772971904
HenryHub,2024-01-03,-0.029161296889819964,0.8226052395632432,0.19955712505932502,0.7889575522383693,3.7496680486590086,0.9885146772976943
HenryHub,2024-02-01,-0.02920338550603754,0.9081396523876093,0.20880096921517355,0.7847307068037332,3.5457148397473146,0.9935316760189068
HenryHub,2024-03-01,-0.03009302720019143,0.9546483453446851,0.21403620787760502,0.7775015535997191,3.5611430455531345,0.9915377614773241
HenryHub,2024-04-02,-0.028944031697928644,0.9595918684438769,0.21332847247210124,0.7789315582233429,3.5286476101503714,0.9922600306954441
HenryHub,2024-05-01,-0.028944031697928644,0.9595918684438769,0.21332847247210124,0.7789315582233429,3.5286476101503714,0.9922600306954441
HenryHub,2024-05-31,-0.028944031697928644,0.9595918684438769,0.21332847247210124,0.7789315582233429,3.5286476101503714,0.9922600306954441
HenryHub,2024-07-01,-0.028944031697928644,0.9595918684438769,0.21332847247210124,0.7789315582233429,3.5286476101503714,0.9922600306954441
HenryHub,2024-07-30,-0.029048490049341364,0.9267328077147936,0.21358372609121282,0.7832924105344831,3.5082448551096905,0.9968761366256959
HenryHub,2024-08-28,-0.02904847288313621,0.9267328372479818,0.21358373948833187,0.7832924180304376,3.508244904287526,0.9968761575187695
HenryHub,2024-09-26,-0.029048472872659995,0.9267328372535756,0.21358373949023957,0.783292418031505,3.5082449042935795,0.9968761575217445
HenryHub,2024-10-25,-0.029048472872659995,0.9267328372535756,0.21358373949023957,0.783292418031505,3.5082449042935795,0.9968761575217445
HenryHub,2024-11-25,-0.029048101897556536,0.9267333517470705,0.21358382963888115,0.7832924684714626,3.5082457484295673,0.9968762981103437
HenryHub,2024-12-24,-0.024173059850526046,0.8785304499096444,0.2133199968590389,0.7861582727225415,3.5610138399812494,0.9994782695815804
HenryHub,2025-01-24,-0.024173059850526046,0.8785304499096444,0.2133199968590389,0.7861582727225415,3.5610138399812494,0.9994782695815804
HenryHub,2025-02-24,-0.024173059850526046,0.8785304499096444,0.2133199968590389,0.7861582727225415,3.5610138399812494,0.9994782695815804
HenryHub,2025-03-25,-0.026101184976545035,0.881986002128607,0.2132807659720057,0.7862142979187914,3.5541463825774144,0.9994950638907971
HenryHub,2025-04-24,-0.026101184976545035,0.881986002128607,0.2132807659720057,0.7862142979187914,3.5541463825774144,0.9994950638907971
HenryHub,2025-05-23,-0.026101186036526412,0.8819860098561646,0.21328076757139008,0.7862142988008934,3.5541463781283515,0.9994950663722835
HenryHub,2025-06-24,-0.026101186036526412,0.8819860098561646,0.21328076757139008,0.7862142988008934,3.5541463781283515,0.9994950663722835
HenryHub,2025-07-23,-0.02610118603606092,0.8819860098739378,0.2132807675737863,0.786214298802215,3.5541463781269,0.9994950663760014
HenryHub,2025-08-21,-0.03868398693005818,0.9167637218449928,0.21456742763744305,0.7849180873881759,3.511387165564098,0.999485515025619
HenryHub,2025-09-19,-0.03868398693005818,0.9167637218449928,0.21456742763744305,0.7849180873881759,3.511387165564098,0.999485515025619
HenryHub,2025-10-20,-0.03868398693005818,0.9167637218449928,0.21456742763744305,0.7849180873881759,3.511387165564098,0.999485515025619
HenryHub,2025-11-18,-0.03423724913978174,0.9279819194165995,0.2159264711855063,0.7834026269855369,3.5298853415110734,0.9993290981710432
HenryHub,2025-12-17,-0.03423724902061337,0.9279819194602836,0.21592647119276911,0.7834026269896233,3.5298853415234013,0.9993290981823924
HenryHub,2026-01-19,-0.033513450375546816,0.9282822258548776,0.21599249117074176,0.7834861930197257,3.529842594242033,0.9994786841904675
HenryHub,2026-02-17,-0.033513450375546816,0.9282822258548776,0.21599249117074176,0.7834861930197257,3.529842594242033,0.9994786841904675
HenryHub,2026-03-18,-0.024811819932510505,1.047357159934053,0.23143137200236336,0.7674993859173077,3.49051079254737,0.9989307579196711
HenryHub,2026-04-17,-0.024811845468461057,1.0473573613534903,0.2314313890450657,0.767499396645072,3.4905108575227386,0.9989307856901377
HenryHub,2026-05-18,-0.024811845468461057,1.0473573613534903,0.2314313890450657,0.767499396645072,3.4905108575227386,0.9989307856901377
HenryHub,2026-06-17,-0.024811845468461057,1.0473573613534903,0.2314313890450657,0.767499396645072,3.4905108575227386,0.9989307856901377
HenryHub,2026-07-16,-0.02481184539891016,1.0473573615863616,0.23143138906056057,0.7674993966548255,3.490510857600862,0.9989307857153861
HenryHub,2026-08-14,-0.02481184539891016,1.0473573615863616,0.23143138906056057,0.7674993966548255,3.490510857600862,0.9989307857153861
HenryHub,2026-09-14,-0.02481184539891016,1.0473573615863616,0.23143138906056057,0.7674993966548255,3.490510857600862,0.9989307857153861
Book,2009-12-31,0.07255482766539402,0.05187600694699904,0.11266344802016887,0.8744612333573707,7.280010854654857,0.9871246813775396
Book,2010-02-02,0.06779276287959281,0.04251054901109314,0.09915366622368844,0.8902067870596865,7.450250461130838,0.989360453283375
Book,2010-03-04,0.056508188996449424,0.04366855095345838,0.11188958444739934,0.877185447462557,7.317805055392045,0.9890750319099564
Book,2010-04-05,0.04053392223272725,0.04769648162405641,0.1142174048058306,0.8730410349751881,7.599918116257727,0.9872584397810188
Book,2010-05-04,0.03413075429103328,0.04357656044789439,0.10861568806224371,0.8786882515410134,7.769013757267584,0.9873039396032571
Book,2010-06-03,0.028221037324574413,0.046143012562666647,0.10511971988131119,0.8817888328295441,7.183647908197843,0.9869085527108553
Book,2010-07-02,0.027431051934797345,0.04412089197159579,0.1007842535660358,0.8852830347596965,7.247288624726409,0.9860672883257323
Book,2010-08-03,0.03632576573866238,0.039325526020213136,0.10461734277061896,0.8830678620426957,7.315713674033848,0.9876852048133147
Book,2010-09-01,0.010898169526268386,0.039161727904299684,0.10248669573908857,0.8844060755159727,7.539585932747676,0.9868927712550613
Book,2010-10-01,0.014713721968069152,0.03612019860315903,0.09899727015411076,0.888250992064391,7.685617074823216,0.9872482622185017
Book,2010-11-01,0.01206337108857439,0.03677754249155768,0.09783515779214502,0.8886559738694619,7.809724139476623,0.986491131661607
Book,2010-12-01,0.018573496952379354,0.038740899518103056,0.09871799707460564,0.8873842960979818,8.074083825544415,0.9861022931725874
Book,2010-12-31,0.021914888213862813,0.03788193877099906,0.0999280014993501,0.8855657075714198,8.139992652677869,0.9854937090707699
Book,2011-02-01,0.019550730721715898,0.03992858563995862,0.10042649518418767,0.8841656935865204,8.281617853558151,0.9845921887707081
Book,2011-03-03,0.016569725859608243,0.0389584627502799,0.09516202207929027,0.8893691924247699,7.959554589879888,0.9845312145040601
Book,2011-04-01,0.0248124001319789,0.0381917726676473,0.09412255480607479,0.89003483873338,8.151285939248922,0.9841573935394548
Book,2011-05-05,0.02600637112319968,0.03813087716115008,0.09053685198393466,0.8933990873543046,7.909241718169977,0.9839359393382393
Book,2011-06-13,0.018937748489400313,0.03963806929718733,0.0851464184783544,0.8985012596141629,6.8500160139991255,0.9836476780925173
Book,2011-07-19,0.019636046749936475,0.04021358042590951,0.08656322423483732,0.8960776188187936,6.857617139325441,0.9826408430536309
Book,2011-08-17,0.010372597067986466,0.04202764570630134,0.08720565828700863,0.8947137449245472,6.773359179409491,0.9819194032115559
Book,2011-09-16,0.009121764041156534,0.04158516988640803,0.08526337010830182,0.896373623868812,6.826870407795904,0.9816369939771139
Book,2011-10-17,0.00915340194137373,0.04316915894472527,0.08788505595251218,0.8937343321691561,7.029794125355654,0.9816193881216683
Book,2011-11-15,0.011680712315867915,0.04318436180803585,0.08725964184588535,0.8935475458317664,7.114202962208788,0.9808071876776517
Book,2011-12-15,0.010071203706655828,0.043072317034852835,0.0855246512725877,0.895439970200545,7.246046946912685,0.9809646214731327
Book,2012-01-18,0.006690603797367283,0.042369889573992854,0.08343413511570788,0.8971860167781098,7.282996490705116,0.9806201518938177
Book,2012-02-16,0.007754227621443453,0.04423905924803598,0.08567520929902242,0.8942633102621087,7.481028246993802,0.9799385195611311
Book,2012-03-19,0.0037203829312899375,0.04374071561804122,0.08452750616615996,0.895244036424823,7.4492716159866506,0.979771542590983
Book,2012-04-18,-0.001564798815912028,0.0417706225456127,0.08606835696217911,0.8942977162530001,7.497938714711369,0.9803660732151792
Book,2012-05-17,0.003785722805033312,0.04211153578561495,0.0842005417178066,0.895601917791267,7.51720548845454,0.9798024595090735
Book,2012-06-18,0.00037886888188908105,0.043705301951159216,0.08405850550905557,0.8949527329826727,7.677427206347797,0.9790112384917283
Book,2012-07-18,0.004020295276222988,0.04594047141266077,0.08719768224013576,0.8907501349500245,7.842403785563263,0.9779478171901603
Book,2012-08-16,0.003565697106612334,0.04530458471313156,0.08773580261503151,0.8900870677711906,7.834354956179253,0.9778228703862222
Book,2012-09-17,0.005511146872903593,0.046250417780892,0.0913040527148986,0.8861415413727564,7.920827565117293,0.977445594087655
Book,2012-10-16,0.00735328648458902,0.04479988085627437,0.08958182179891241,0.8880374697213271,8.041145007944925,0.9776192915202395
Book,2012-11-14,0.008565795718324097,0.04439584499391017,0.08945446389465858,0.8881006534526331,8.07694255673127,0.9775551173472917
Book,2012-12-14,0.002652021249356051,0.04246442335599871,0.08964453631587099,0.888558664933685,8.047337304302872,0.978203201249556
Book,2013-01-16,0.010683182619942428,0.04253892639591357,0.0891374230351248,0.8886719974740297,8.291024617306697,0.9778094205091545
Book,2013-02-15,0.00871151735653167,0.04118984941920769,0.08742368576661706,0.8906259236355988,8.422893045434495,0.9780496094022159
Book,2013-03-19,0.017396403664220843,0.03837014525083861,0.08739586956488692,0.891835149696642,8.548505968176405,0.9792310192615289
Book,2013-04-18,0.020269811578914696,0.035306387832643456,0.08602675373939735,0.8946435909238083,8.54842734753997,0.9806703446632057
Book,2013-05-17,0.021242950794590345,0.033848053924229564,0.08446523032878452,0.896763927657697,8.50299271158948,0.9812291579864815
Book,2013-06-18,0.021951261838739074,0.03045249113576559,0.08491085241603433,0.8982717785995781,8.42898210620447,0.9831826310156124
Book,2013-07-18,0.024366434981274044,0.029110524996484654,0.08315717653263283,0.9004889587982411,8.483293114583743,0.9836461353308739
Book,2013-08-16,0.019775703998772685,0.02734004168763879,0.08220653517858584,0.9021967987073674,8.57022391485008,0.9844033338859532
Book,2013-09-17,0.024275501781543744,0.02340677611114103,0.08291881723068951,0.903981488516812,8.632372716458114,0.9869003057475015
Book,2013-10-16,0.02164375169150388,0.02382560699433309,0.08168853172128569,0.904552014375602,8.786888701774897,0.9862405460968876
Book,2013-11-14,0.01509054171538884,0.02459402448301796,0.08110346297163704,0.9044821234300584,8.93568474385811,0.9855855864016955
Book,2013-12-16,0.02079583707963688,0.02360717444663229,0.07982373659698941,0.9060406157778034,9.010379775258604,0.9858643523747928
Book,2014-01-16,0.022121128286387112,0.023790148775133378,0.07976714118339209,0.9059714848013565,8.986687595880081,0.9857386259847486
Book,2014-02-14,0.02237398109776696,0.027808798052887967,0.09516144035790826,0.892281791706575,8.102196294077359,0.9874432320644833
Book,2014-03-18,0.0214626611478264,0.028444137559132523,0.09130976454762564,0.8952943664216119,7.580577030307285,0.9866041309692375
Book,2014-04-16,0.022830579058959306,0.05320934664227839,0.12873750969361777,0.8442267920420136,7.2833550282112265,0.9729643017356313
Book,2014-05-16,0.01904040016063016,0.05185749170981459,0.1335605393715637,0.8404846364118562,7.295946778192043,0.9740451757834199
Book,2014-06-16,0.023653232999755008,0.048923082824720625,0.13253973856205553,0.8428743853845952,7.359530869042416,0.9754141239466507
Book,2014-07-16,0.01786257690127741,0.046000947225456806,0.13128968428302096,0.8454535239551875,7.417854191014804,0.9767432082382084
Book,2014-08-14,0.013938073630972112,0.04582365309079408,0.12858260336391053,0.8477854055163129,7.267982587740668,0.9763680088802233
Book,2014-09-15,0.01463342296479358,0.0460093594698873,0.12659482131174649,0.8492625586648107,7.2632387551892075,0.9758573799765572
Book,2014-10-14,0.012717414271921922,0.04475434117663852,0.12609414997377422,0.8499476484264101,7.299459246319641,0.9760417984001843
Book,2014-11-12,0.012211658095424821,0.04543996050608294,0.12431356351556033,0.8509562253773926,7.3363328716700185,0.9752697888929529
Book,2014-12-12,0.010359261402714572,0.04727079795715326,0.1270968033369199,0.8481776349224223,7.231240260879731,0.9752744382593421
Book,2015-01-14,0.010221288609877092,0.044664885346074164,0.12831180027434902,0.8503840702290425,7.279053298539864,0.9786958705033915
Book,2015-02-17,0.00971094503550099,0.04431471214775235,0.1266203720016519,0.8516572890365841,7.35410254784358,0.978277661038236
Book,2015-03-18,0.008879895071636454,0.04372626510607405,0.12693370364008377,0.8522140245463358,7.392578147496876,0.9791477281864196
Book,2015-04-17,0.01053106007161273,0.04310440959577877,0.12589164206151135,0.8535678278324513,7.466902623387741,0.9794594698939627
Book,2015-05-18,0.013352006141228598,0.04330802896780575,0.1255371610668562,0.8531036003826133,7.524785558643366,0.9786407614494695
Book,2015-06-17,0.013760425937679895,0.04319328834214977,0.12432980549659453,0.8540794149232694,7.646131824506702,0.978409220419864
Book,2015-07-16,0.01113644264463723,0.04390576298712648,0.12332932090031946,0.8547580373378904,7.477930721489973,0.9780873582382098
Book,2015-08-14,0.008416816795258034,0.043821332816108345,0.12202652783069588,0.8556693828287469,7.524384511015667,0.9776959106594428
Book,2015-09-14,0.008388280718610702,0.045670877170631674,0.12618492557314917,0.8516877055921829,7.456255164968478,0.9778726311653321
Book,2015-10-13,0.0081915231548872,0.04525973290748763,0.12543794321602608,0.8524483012338204,7.586687414988263,0.9778862444498465
Book,2015-11-11,0.006280849928514877,0.04502046008029498,0.12447840324863228,0.8532062942873049,7.674868332467311,0.9776846975359371
Book,2015-12-10,0.004231788599462942,0.04470165472336616,0.12327236696581835,0.8544574342381287,7.73028745353985,0.977729801203947
Book,2016-01-08,0.004711073262940761,0.0451869426544242,0.12369925029312286,0.855084409586953,7.393379248890031,0.9787836598800759
Book,2016-02-08,0.003858105712790719,0.04369879877310652,0.12406082494216851,0.8562186451390447,7.498062651710779,0.9802794700812132
Book,2016-03-08,0.0035473349485898578,0.042988345302278935,0.12252515339070881,0.8578328932001181,7.583261474618574,0.9803580465908269
Book,2016-04-06,0.004956120515344918,0.041687458601027544,0.12124814209827516,0.8600908846614174,7.648854201696781,0.9813390267596925
Book,2016-05-05,0.006558834419265463,0.041816506068288885,0.12074500031117613,0.8602351441528755,7.664111194786947,0.9809801444640516
Book,2016-06-03,0.007196082754798159,0.04067653316756324,0.11770271842459044,0.8642387454060078,7.5064145049364654,0.9819414638305982
Book,2016-07-04,0.009566279961185415,0.040993650161605846,0.11657824044757623,0.8646339371870205,7.5225974876252035,0.9812121776345968
Book,2016-08-02,0.006973222803498612,0.04130368235771079,0.11649073792023024,0.8647269133841559,7.493865868310946,0.9812176513043861
Book,2016-08-31,0.00836713937832936,0.04214862438442476,0.11727865536481134,0.8630327256350485,7.449381600293387,0.9803113809998598
Book,2016-09-29,0.009191106338175973,0.04291778977084659,0.11858369460655183,0.861831046948289,7.504932264210013,0.9804147415548409
Book,2016-10-28,0.008393823493661998,0.04299611765078197,0.11767131360966751,0.8621001335803226,7.551674647266024,0.9797714471899901
Book,2016-11-28,0.008688460748127569,0.043608107365156246,0.12003009437796738,0.8604322668431453,7.551679126070332,0.9804623612211127
Book,2016-12-27,0.010315877926039102,0.043696897527655605,0.11852865404438717,0.8615959168803016,7.440421206547831,0.9801245709246887
Book,2017-01-25,0.009255599167087326,0.043879349058872724,0.11675341906809611,0.8630411267244625,7.251576065857483,0.9797945457925586
Book,2017-02-23,0.008004686467412564,0.04330155271982014,0.11519507488957222,0.8650551609207637,7.251725962083718,0.980250235810336
Book,2017-03-24,0.007929890052613159,0.043177051107156646,0.11439631444155857,0.8655554088564974,7.363669807122204,0.9799517232980559
Book,2017-04-24,0.009424882735532094,0.043080897876840094,0.11379964078862674,0.8658498619971086,7.393396191770569,0.9796495027857353
Book,2017-05-23,0.01067913160552098,0.04286908291081584,0.1130649921194485,0.8663791689231415,7.433209947643351,0.97944416104259
Book,2017-06-21,0.008070739538317273,0.04326041373617903,0.11171055711776866,0.8675512964590261,7.3737289455081605,0.9792618535767947
Book,2017-07-20,0.010706647730170596,0.04257526874032624,0.11191049654682096,0.8673274135289692,7.3697606526092345,0.9792379100757902
Book,2017-08-18,0.009764400816243623,0.042462398566298604,0.11119126525340751,0.867817326546656,7.449142749127021,0.9790085918000635
Book,2017-09-18,0.00982772099001202,0.04247158129837581,0.11029709705940262,0.8685481707947784,7.445869519657138,0.978845267854181
Book,2017-10-17,0.00981798442536077,0.041962986926104395,0.10906841142700044,0.8696831994539161,7.425800967746647,0.9787516108809166
Book,2017-11-15,0.011119523982992596,0.04220803563963703,0.10798788503150153,0.8704405433735128,7.3807703653466765,0.9784284284050144
Book,2017-12-14,0.009433619358621907,0.04178045382514061,0.10722558805434941,0.8711537014850448,7.3456041281599695,0.9783792895393942
Book,2018-01-16,0.010796727188091534,0.045884236710080975,0.1156889217554882,0.864043355041411,6.6609793242583795,0.9797322767968992
Book,2018-02-14,0.00960420368295824,0.05652737678673521,0.12503019293554468,0.8479995060606124,6.5952780750954245,0.9730296989961571
Book,2018-03-15,0.010284245857330971,0.06539457480578548,0.1412552603126571,0.8278695977079412,6.536790731713765,0.9691248580205983
Book,2018-04-16,0.01155793227203694,0.06698650643534752,0.14100158707312838,0.8270134802572636,6.521126640423385,0.968015067330392
Book,2018-05-15,0.012183350679437587,0.06554180641157027,0.1407181461200803,0.8277096598246355,6.554641141932424,0.9684278059447158
Book,2018-06-14,0.011864582491418417,0.06598530236465433,0.14017084055825316,0.8275666564607623,6.621482270413451,0.9677374970190155
Book,2018-07-13,0.011851352453471664,0.0676221907241739,0.14064870579906602,0.8263489365106189,6.59035419837627,0.9669976423096849
Book,2018-08-13,0.011792470111492445,0.06773088474143987,0.14045084046134082,0.8262522406618829,6.5945447945955795,0.9667030811232237
Book,2018-09-11,0.011030129134191075,0.06656769723485242,0.14187014103164786,0.8255145354165615,6.564170283724674,0.9673846764482094
Book,2018-10-10,0.012986869354103288,0.06658588501420899,0.14043772806516985,0.826553734772996,6.5784857784719435,0.9669914628381658
Book,2018-11-08,0.011518670124993798,0.06650958329732484,0.13915223565096121,0.8275555693155081,6.563100215409869,0.9667078049664694
Book,2018-12-07,0.012278879740879569,0.06913779518180319,0.14118194216784963,0.8249840057380716,6.435554711275525,0.9661659479059213
Book,2019-01-11,0.011253614023527859,0.06792041800773849,0.14058812935876655,0.8268182759369782,6.435541315028139,0.9674064052957447
Book,2019-02-11,0.010557407386753597,0.06774474072571163,0.1394265814314385,0.8276651868410663,6.434319093464637,0.9670917682725048
Book,2019-03-12,0.011604108202384281,0.0712874739867614,0.14287325351234192,0.8241249113092602,6.143969279870653,0.9669981648216022
Book,2019-04-10,0.012564177915564462,0.07760292929089407,0.1474257627514579,0.8153469121711028,6.11162589096626,0.9627726749225607
Book,2019-05-10,0.010605418692107833,0.0775414151223386,0.1468960631094129,0.8155515420622358,6.092219574781489,0.9624476051716486
Book,2019-06-11,0.009404873913894898,0.07867577217930179,0.14657233066051215,0.815367762826984,6.019751971248065,0.9619400934874961
Book,2019-07-10,0.0113560300531347,0.07859988886206228,0.14527805904296054,0.8164046159543695,6.043325090157405,0.9616826749973301
Book,2019-08-08,0.009612335504793035,0.07825516842694867,0.14319902415448002,0.8181497622869898,6.023380620003273,0.9613487864414698
Book,2019-09-06,0.010941881961553724,0.07784242586544651,0.1428670246248967,0.8187408580375835,6.093363384442297,0.9616078826624801
Book,2019-10-07,0.009994686904230473,0.07909644966830691,0.142831595924756,0.8186800241401183,5.964194009990702,0.9615116200648743
Book,2019-11-05,0.011464347906738115,0.07867845329364978,0.14211360843721793,0.819589735398213,5.985235705372586,0.961703343835431
Book,2019-12-04,0.0110183401668663,0.07940498641781389,0.14137713876177857,0.8199697237413902,5.937530938063842,0.9613468625031688
Book,2020-01-06,0.010474643611710785,0.08142910905810131,0.14156991386943224,0.8190679907565633,5.7966687822528495,0.9606379046259956
Book,2020-02-04,0.007856213027006021,0.08155955092255908,0.14104743045092438,0.8189356885999014,5.810430916226481,0.9599831190508258
Book,2020-03-04,0.007684521185614128,0.08222512317281717,0.1407758276233585,0.8187527633756413,5.818267961039416,0.9595285909989998
Book,2020-04-02,0.007635978683177846,0.08262689793893556,0.15113538912579577,0.814024630452374,5.582260834262141,0.9651600195781698
Book,2020-05-04,0.0077453514409989085,0.08087981426492667,0.148869543539315,0.8172872679318358,5.537213989608155,0.9661568114711508
Book,2020-06-03,0.008441524989799252,0.08208425183158703,0.14860700119940695,0.8163410247719742,5.551880702492434,0.9649480259713812
Book,2020-07-02,0.008073481475081148,0.0804817471650324,0.14658404524578134,0.8191790022973695,5.541704109942765,0.9657630475431509
Book,2020-07-31,0.00883958986350714,0.08382341068110201,0.14919046012207549,0.8142809874017048,5.534066123358757,0.9634714475237803
Book,2020-08-31,0.010262547465693689,0.08449091578615464,0.1489741082509371,0.8142439786263516,5.555153146767006,0.9632180868772886
Book,2020-09-29,0.010279063854816181,0.08416493077287217,0.15042899226164028,0.8149043852022626,5.448959833556816,0.9653333774639029
Book,2020-10-28,0.010772615631619168,0.08616189783363162,0.1527997916333014,0.8126587047792685,5.356975429931776,0.9654584964125699
Book,2020-11-26,0.010476369762324533,0.08861884386667768,0.15377371920773023,0.8103963561236625,5.334838813036872,0.9641700753313927
Book,2020-12-28,0.010713816894740559,0.08886680761018526,0.15252050433603082,0.81162832026878,5.2809470206478615,0.9641488246048108
Book,2021-01-27,0.012051761915845791,0.0881713078712892,0.15029037669203396,0.8136441192002527,5.279545903244765,0.9639344958922866
Book,2021-02-25,0.012246694113187474,0.09125335569917005,0.1587724710537187,0.808857327591997,5.057369725111966,0.9676297986457157
Book,2021-03-26,0.011959638602057631,0.11274992688122346,0.17453295116343184,0.7830826105427817,5.021600544872598,0.9576155617062135
Book,2021-04-27,0.013333306497575626,0.11216867807991222,0.17283378160046944,0.7845960146067765,5.021922250253206,0.957429796207246
Book,2021-05-26,0.014196137546115817,0.11168951042774078,0.17246862609662622,0.7845748348499912,5.040512909424165,0.9570434609466174
Book,2021-06-25,0.016975204557994956,0.11087281577950714,0.17139079162391124,0.7855011310721095,5.048763219972154,0.9568919226960207
Book,2021-07-26,0.017977753581498165,0.11120731727830464,0.1708682110992724,0.785374264774501,5.082607355284617,0.9562424758737734
Book,2021-08-24,0.016190420003344936,0.1102189799380213,0.1716727916238483,0.7847755673297825,5.087656112817498,0.9564483589536308
Book,2021-09-22,0.018195773711256805,0.1105083245696481,0.17078161402571077,0.7851334616132921,5.1173669180966685,0.9559150756390029
Book,2021-10-21,0.01871880329866424,0.11041565144633,0.17056311787531064,0.7854369159438269,5.139447116147327,0.9560000338191376
Book,2021-11-19,0.018320697814985205,0.11072884800398947,0.1693462880799002,0.7867330064988801,5.097989368561755,0.9560792945787804
Book,2021-12-20,0.01825602974847582,0.11257117573847936,0.17019872342900683,0.785627709172644,5.044071202367339,0.9558264326016508
Book,2022-01-18,0.019579992955299354,0.11094016612200386,0.16740701018994522,0.7891215504671105,5.026622349418499,0.9565285606570557
Book,2022-02-16,0.019563609123986195,0.11101123164837962,0.168559062494698,0.7891759032918734,4.988272071565107,0.9577349657865714
Book,2022-03-17,0.02012611495655383,0.11303007304778355,0.171229374131604,0.7863081176309857,4.994701340948515,0.9575374917625897
Book,2022-04-18,0.021712351396471152,0.11080997041337903,0.17049213139576164,0.7881099448382869,5.043496932255339,0.9586020762340486
Book,2022-05-17,0.02195585349010446,0.10992941605604728,0.17165850660911797,0.7881060861264262,5.070849218890038,0.9597645927355442
Book,2022-06-15,0.022016653979729878,0.1077543746462002,0.16982832966099357,0.7911284984603837,5.068904671728657,0.9609568281213773
Book,2022-07-14,0.021454589888289778,0.10578382672654897,0.16887900959120014,0.7929047058094147,5.106143067246936,0.9617837154006149
Book,2022-08-12,0.0217074629139687,0.10401839362523382,0.16629413749978672,0.7962062199645872,5.0877962972998345,0.9625003574643739
Book,2022-09-12,0.021347733333084807,0.10318928746869808,0.16457387309804278,0.7979498882907823,5.097892804205826,0.9625237613888251
Book,2022-10-11,0.02014528819181836,0.10262711188308937,0.16242193933447274,0.8007026440929335,5.0398748381048994,0.9631245834274063
Book,2022-11-09,0.019032702018590506,0.10168817746736292,0.1649019257187761,0.7998240587284566,5.080811470861115,0.9647259844472327
Book,2022-12-08,0.019229283654045866,0.10362697302091049,0.16722204806271965,0.7979191083868803,5.014042716839999,0.9651411564496
Book,2023-01-10,0.018861448728472886,0.10184373197306158,0.16578723408021828,0.8006424641574629,4.974804209210934,0.9664296982376812
Book,2023-02-08,0.01819297879491778,0.10123754290066611,0.16600918573881926,0.8009066275929376,4.997590158185992,0.9669158133317569
Book,2023-03-09,0.018117982049438926,0.10164829572862077,0.1649038217721471,0.8012510125474753,4.9898635896239405,0.9661548343196225
Book,2023-04-10,0.018197840101378555,0.10149062717795017,0.1638389804657573,0.802374051718368,4.979203183635077,0.9662130321841252
Book,2023-05-09,0.01780133613741783,0.10111204519717676,0.16377152294969696,0.8033719288583531,4.968591246137024,0.9671434518080501
Book,2023-06-08,0.017761958059764552,0.1002481185227731,0.16274997778895395,0.8047909737264544,4.966916932999261,0.9675409515154083
Book,2023-07-07,0.018167182981403206,0.09835529940115699,0.16078153499761014,0.8076169433668062,4.9592639364130635,0.9683984783644164
Book,2023-08-07,0.019607988332717267,0.09981639446995541,0.1613864636729444,0.8057977924710774,4.987646273774402,0.9671842561440218
Book,2023-09-05,0.019706704390262075,0.09984991347523209,0.1613739408185415,0.8055012673436207,5.037033116539282,0.9668752081621622
Book,2023-10-04,0.01969456778737094,0.09947593806693798,0.15973662521819762,0.8069356438116307,5.0259706217753095,0.9666722690298284
Book,2023-11-02,0.019333078475058742,0.09941981322909867,0.15932084114728007,0.8078896524996916,5.0127209463722275,0.9672104936469716
Book,2023-12-01,0.01868426008133776,0.1037445754314492,0.16261363112329338,0.8034324092333195,4.959096324397152,0.9660460403566129
Book,2024-01-03,0.01910322424711552,0.10233075373430064,0.16104416591259907,0.8050813949261632,5.001330957881147,0.9661255608387622
Book,2024-02-01,0.018645383415093895,0.11886831547942624,0.1707378500502432,0.7933716247465586,4.639319144126904,0.9641094747968019
Book,2024-03-01,0.01846857570259719,0.14801559437450149,0.19229757178435306,0.7618981115900358,4.623874078379766,0.9541956833743889
Book,2024-04-02,0.01907093600653748,0.14593741408696462,0.1897473991669613,0.7652376364137427,4.608799704116916,0.9549850355807039
Book,2024-05-01,0.01913209836242408,0.1431902907083339,0.19021698265071424,0.7665937781719249,4.637613414340466,0.956810760822639
Book,2024-05-31,0.02041185748176669,0.14348522127398128,0.1895110607654409,0.7676366432384119,4.60935318310215,0.9571477040038527
Book,2024-07-01,0.020224664365073707,0.15076307141098316,0.19310229525194056,0.7617235518008073,4.566094122829139,0.9548258470527479
Book,2024-07-30,0.01897825698582877,0.1502365297425424,0.1916057745603597,0.7637733000714219,4.543154262547671,0.9553790746317816
Book,2024-08-28,0.01901017360155126,0.14674040830381427,0.19060143759086284,0.7670872753779371,4.5397973743807185,0.9576887129687999
Book,2024-09-26,0.020064235531621823,0.1508458092366055,0.19116933337690525,0.7642610934519503,4.535246365906819,0.9554304268288555
Book,2024-10-25,0.01956672718968797,0.15069796093422994,0.18938836206384857,0.7659353346782288,4.521217581875797,0.9553236967420774
Book,2024-11-25,0.01973350809221263,0.1482311071531504,0.19387108566619182,0.7654061889254811,4.520533059788373,0.9592772745916729
Book,2024-12-24,0.020065075016763766,0.15029992227428216,0.19379409008686993,0.7637680347262974,4.537369585631262,0.9575621248131674
Book,2025-01-24,0.020377582847713762,0.1504772806321729,0.1938422664387197,0.7673418953117431,4.385317336324214,0.9611841617504628
Book,2025-02-24,0.020616622703123883,0.16196806279981932,0.200137476498688,0.7582013182529661,4.331108558140236,0.9583387947516541
Book,2025-03-25,0.020410687727670223,0.16499210280525362,0.19920197280479457,0.7568939712202947,4.325862669784165,0.9560959440250892
Book,2025-04-24,0.018829055311158444,0.1646438976363204,0.19810549639434313,0.757681428941374,4.338136232195094,0.9557869253357172
Book,2025-05-23,0.019213310445392175,0.16455223297561727,0.19749374699398412,0.7577068639679927,4.358671909448421,0.9552006109619768
Book,2025-06-24,0.019316535681760526,0.1642343501840813,0.19726495401398492,0.7586943871654127,4.355677373140724,0.9559593411793976
Book,2025-07-23,0.019128626569217475,0.1702918052582252,0.2000041270699801,0.7535830308228758,4.346731112851481,0.9535871578928559
Book,2025-08-21,0.01779464548196401,0.16796811045543736,0.1987301744426114,0.7550283783833428,4.347684452575806,0.9537585528259542
Book,2025-09-19,0.017862515853409106,0.16812811686355317,0.19799974728249464,0.7550946737489659,4.369521774428258,0.9530944210314605
Book,2025-10-20,0.01822297688425467,0.16819624883915657,0.19672180943789755,0.7562270499724092,4.359380532956009,0.9529488594103067
Book,2025-11-18,0.01952663549257775,0.16796056756776573,0.1954960603449156,0.7566703237206469,4.370603088040639,0.9521663840655625
Book,2025-12-17,0.019232987044342273,0.16731112410908683,0.19445730225525765,0.7581253836312122,4.367504453147617,0.9525826858864699
Book,2026-01-19,0.01910383795740429,0.16802454359028637,0.19420776546865115,0.7589886845744839,4.32950172987958,0.953196450043135
Book,2026-02-17,0.019008592684613773,0.19254983574239598,0.211577976933716,0.7388974322310571,4.19777924974385,0.9504754091647731
Book,2026-03-18,0.019417074417633514,0.20967152305755232,0.22387844183343328,0.7229784784235087,4.193159441345598,0.946856920256942
Book,2026-04-17,0.019553103915056127,0.20650155274591409,0.22398799055123966,0.7244747618283505,4.212632220355211,0.9484627523795901
Book,2026-05-18,0.021097791579002635,0.2048922254762348,0.2226051996794938,0.7258264265246765,4.233109250516802,0.9484316262041703
Book,2026-06-17,0.020311664326126085,0.20643576979872405,0.22341448564284327,0.724204811194075,4.251485043603318,0.9476192968369183
Book,2026-07-16,0.019469796697343087,0.20907931165491395,0.22361358012853555,0.7233835054008244,4.22214042463698,0.9469970855293599
Book,2026-08-14,0.019696722127959886,0.2071761175565368,0.22076260380675833,0.7264423329258868,4.213592676156073,0.9472049367326452
Book,2026-09-14,0.02034617439575328,0.207263077790383,0.2205285776583675,0.726357745222125,4.214584141463538,0.9468863228804926
