Date,Historical sim|var99,Historical sim|var975,Historical sim|es975,Historical sim|sd,Filtered HS|var99,Filtered HS|var975,Filtered HS|es975,Filtered HS|sd,GARCH-t|var99,GARCH-t|var975,GARCH-t|es975,GARCH-t|sd,HAR-RV normal|var99,HAR-RV normal|var975,HAR-RV normal|es975,HAR-RV normal|sd,Markov-switching|var99,Markov-switching|var975,Markov-switching|es975,Markov-switching|sd,actual|x
2010-01-04,5.48275,3.54401,4.71456,1.79168,4.87236,3.4862,4.38142,1.90509,3.33361,2.62187,3.43002,1.34843,2.87909,2.42565,2.89326,1.2376,2.7945,2.30432,2.89416,1.22175,2.13547
2010-01-05,5.48275,3.54401,4.71456,1.79168,4.90971,3.51292,4.415,1.91969,3.60654,2.83777,3.71067,1.45648,3.43973,2.898,3.45667,1.4786,2.92211,2.3657,3.08003,1.26086,0.47587
2010-01-06,5.45334,3.49972,4.38406,1.79168,4.76946,3.41258,4.28889,1.86485,3.43236,2.69998,3.53156,1.38752,3.02505,2.54863,3.03995,1.30034,2.84193,2.32759,2.96679,1.23702,1.70062
2010-01-07,5.45334,3.49972,4.38406,1.79168,4.74531,3.3953,4.26717,1.85541,3.53005,2.77726,3.63201,1.4262,3.36963,2.83893,3.38622,1.44846,2.89266,2.35188,3.03974,1.25237,3.57161
2010-01-08,5.45334,3.49972,4.38406,1.79168,5.11599,3.66052,4.60049,2.00034,4.45314,3.50746,4.58123,1.79163,4.53302,3.8191,4.55534,1.94856,5.21205,3.944,5.23115,1.84183,-2.91946
2010-01-11,5.45334,3.49972,4.38406,1.79168,5.28659,3.78258,4.7539,2.06705,4.89506,3.85704,5.03566,1.96658,4.69692,3.95719,4.72005,2.01901,6.23159,5.13394,6.26111,2.47016,-3.15651
2010-01-12,5.45334,3.49972,4.38406,1.79168,5.49377,3.93082,4.94021,2.14805,5.35017,4.21705,5.50365,2.14674,5.0116,4.2223,5.03627,2.15428,6.53801,5.48593,6.57002,2.76054,-1.68956
2010-01-13,5.45334,3.49972,4.38406,1.79168,5.43055,3.88559,4.88337,2.12334,5.24511,4.13394,5.39561,2.10515,4.79933,4.04347,4.82296,2.06303,6.51261,5.45689,6.54443,2.73414,0.05023
2010-01-14,5.45334,3.41892,4.34687,1.79168,5.26521,3.76729,4.73468,2.05869,4.93334,3.88732,5.07502,1.98173,4.55977,3.84164,4.58222,1.96005,6.35398,5.27498,6.38455,2.57905,0.50554
2010-01-15,5.45334,3.41892,4.34687,1.79168,5.11463,3.65954,4.59927,1.99981,4.65808,3.66958,4.79197,1.87276,4.08792,3.4441,4.10804,1.75722,6.05691,4.93161,6.08478,2.32951,-1.10766
2010-01-19,5.45334,3.41892,4.34687,1.79168,5.00713,3.58263,4.50261,1.95778,4.4993,3.54397,4.62869,1.8099,3.846,3.24028,3.86494,1.65323,5.79351,4.62433,5.81862,2.14646,0.5349
2010-01-20,5.45334,3.41892,4.34687,1.79168,4.86614,3.48175,4.37583,1.90266,4.25902,3.3539,4.38161,1.71478,3.32253,2.79925,3.33889,1.42822,5.16226,3.8868,5.18108,1.82095,-0.82155
2010-01-21,5.45334,3.41892,4.34687,1.79168,4.74589,3.39571,4.26769,1.85564,4.08831,3.21886,4.20607,1.6472,3.23645,2.72673,3.25239,1.39121,4.52133,3.22584,4.55398,1.60656,-0.79104
2010-01-22,5.45334,3.41892,4.34687,1.79168,4.62792,3.31131,4.16161,1.80951,3.92826,3.09226,4.04149,1.58384,3.26049,2.74699,3.27655,1.40155,3.81087,2.75782,3.93722,1.44858,0.10323
2010-01-25,5.45334,3.41892,4.34687,1.79168,4.4874,3.21076,4.03525,1.75457,3.71278,2.92181,3.81991,1.49854,3.18773,2.68569,3.20343,1.37027,3.16483,2.47376,3.3666,1.32175,1.02359
2010-01-26,5.45334,3.41892,4.34687,1.79168,4.3977,3.14658,3.95459,1.7195,3.6032,2.83512,3.70723,1.45515,3.24964,2.73784,3.26564,1.39688,2.98856,2.39625,3.16597,1.27902,-0.96044
2010-01-27,5.45334,3.41892,4.34687,1.79168,4.30598,3.08095,3.8721,1.68363,3.52093,2.77004,3.62263,1.42258,3.28365,2.7665,3.29982,1.41151,2.91309,2.36149,3.06784,1.25829,-1.57771
2010-01-28,5.45334,3.41892,4.34687,1.79168,4.2902,3.06967,3.85792,1.67746,3.61266,2.84261,3.71696,1.4589,3.49341,2.94322,3.51061,1.50167,2.9675,2.38666,3.13943,1.27341,0.24682
2010-01-29,5.45334,3.41892,4.34687,1.79168,4.16238,2.97821,3.74297,1.62748,3.4244,2.69369,3.52338,1.38437,3.29669,2.77749,3.31292,1.41711,2.85513,2.33397,2.98623,1.24111,-0.99953
2010-02-01,5.45334,3.41892,4.34687,1.79168,4.08387,2.92203,3.67237,1.59679,3.36995,2.65061,3.46738,1.36281,3.39758,2.86248,3.41431,1.46048,2.84327,2.32824,2.96878,1.23744,1.12738
2010-02-02,5.45334,3.41892,4.34687,1.79168,4.02195,2.87773,3.6167,1.57258,3.31772,2.6093,3.41367,1.34214,3.43659,2.89535,3.45351,1.47725,2.83424,2.32386,2.95532,1.2346,1.8591
2010-02-03,5.45334,3.41892,4.34687,1.79168,4.06964,2.91185,3.65958,1.59123,3.5385,2.78964,3.6378,1.43017,3.72368,3.13723,3.74202,1.60065,2.91324,2.36156,3.06805,1.25834,-0.59783
2010-02-04,5.45334,3.41892,4.34687,1.79168,3.9634,2.83584,3.56405,1.54968,3.4146,2.69147,3.51049,1.38103,3.42642,2.88679,3.4433,1.47288,2.84847,2.33076,2.97646,1.23905,-1.19494
2010-02-05,5.45334,3.41892,4.34687,1.79168,3.9149,2.80113,3.52043,1.53072,3.40656,2.6851,3.50223,1.37785,3.53117,2.97503,3.54856,1.5179,2.85527,2.33404,2.98643,1.24115,-0.29665
2010-02-08,5.45334,3.41892,4.34687,1.79168,3.80018,2.71905,3.41727,1.48587,3.26385,2.57202,3.35559,1.32125,3.39607,2.86121,3.41279,1.45983,2.81445,2.31418,2.92526,1.22829,1.21546
2010-02-09,5.45334,3.41892,4.34687,1.79168,3.76227,2.69193,3.38318,1.47104,3.24609,2.55795,3.33734,1.31421,3.48566,2.9367,3.50283,1.49834,2.82299,2.31837,2.93833,1.23103,0.17103
2010-02-10,5.45334,3.41892,4.34687,1.79168,3.64923,2.61105,3.28153,1.42685,3.10287,2.44447,3.19018,1.25741,3.07282,2.58887,3.08795,1.32088,2.79851,2.30631,2.90048,1.22308,0.25156
2010-02-11,5.45334,3.15651,4.1952,1.79168,3.54157,2.53401,3.18472,1.38475,2.9721,2.34086,3.05581,1.20555,2.96007,2.49388,2.97464,1.27241,2.78901,2.30159,2.88545,1.21992,0.03912
2010-02-12,5.45334,3.15651,4.1952,1.79168,3.43377,2.45688,3.08778,1.3426,2.8472,2.24189,2.92746,1.15602,2.74905,2.31609,2.76258,1.1817,2.78474,2.29946,2.87863,1.21849,-0.67326
2010-02-16,5.45334,3.15651,4.1952,1.79168,3.35577,2.40107,3.01764,1.3121,2.79241,2.19848,2.87117,1.13429,2.77823,2.34068,2.79191,1.19425,2.79168,2.30292,2.88969,1.22081,1.54736
2010-02-17,5.45334,3.15651,4.1952,1.79168,3.39488,2.42906,3.05281,1.32739,2.92102,2.30038,3.00332,1.18529,3.01608,2.54106,3.03093,1.29649,2.83131,2.32243,2.95092,1.23368,-0.63149
2010-02-18,5.45334,3.15651,4.1952,1.79168,3.31515,2.37201,2.98111,1.29622,2.85296,2.24646,2.93339,1.1583,2.88044,2.42679,2.89462,1.23818,2.81257,2.31325,2.92237,1.22768,0.20594
2010-02-19,5.45334,3.15651,4.1952,1.79168,3.21674,2.3016,2.89262,1.25774,2.73872,2.15594,2.816,1.113,2.83544,2.38888,2.84941,1.21884,2.79447,2.30431,2.89411,1.22174,-0.97048
2010-02-22,5.45334,3.15651,4.1952,1.79168,3.17746,2.27349,2.85729,1.24238,2.75385,2.16792,2.83155,1.119,2.96921,2.50158,2.98383,1.27634,2.80699,2.3105,2.91372,1.22586,-0.73588
2010-02-23,5.45334,3.15651,4.1952,1.79168,3.11496,2.22877,2.8011,1.21795,2.71879,2.14014,2.79552,1.10509,2.94091,2.47774,2.95539,1.26417,2.8044,2.30923,2.9097,1.22502,-0.77842
2010-02-24,5.45334,3.15651,4.1952,1.79168,3.05919,2.18887,2.75094,1.19614,2.69522,2.12147,2.7713,1.09575,2.84392,2.39602,2.85793,1.22248,2.80458,2.30932,2.90998,1.22508,0.54195
2010-02-25,5.45334,3.15651,4.1952,1.79168,2.98536,2.13604,2.68455,1.16727,2.617,2.05949,2.69092,1.06472,2.81558,2.37215,2.82945,1.2103,2.79461,2.30437,2.89432,1.22179,-0.60921
2010-02-26,5.45334,3.15651,4.1952,1.79168,2.91947,2.0889,2.6253,1.14151,2.57341,2.02495,2.64614,1.04744,2.83269,2.38656,2.84664,1.21766,2.79479,2.30447,2.89462,1.22185,0.03039
2010-03-01,5.45334,3.15651,4.1952,1.79168,2.83059,2.02531,2.54538,1.10676,2.47803,1.94938,2.54813,1.00961,2.73418,2.30357,2.74764,1.17531,2.78709,2.30063,2.88239,1.21928,-0.17088
2010-03-02,5.45334,3.15651,4.1952,1.79168,2.74645,1.9651,2.46971,1.07386,2.39713,1.88528,2.465,0.97753,2.67316,2.25215,2.68632,1.14908,2.78485,2.29952,2.87881,1.21853,-0.15069
2010-03-03,5.45334,3.15651,4.1952,1.79168,2.66445,1.90643,2.39598,1.0418,2.32159,1.82543,2.38738,0.94757,2.63585,2.22072,2.64883,1.13304,2.78379,2.29898,2.87711,1.21817,0.3313
2010-03-04,5.45334,3.15651,4.1952,1.79168,2.59161,1.85431,2.33047,1.01332,2.25522,1.77284,2.31919,0.92125,2.62006,2.20742,2.63296,1.12626,2.78347,2.29883,2.8766,1.21806,-0.07964
2010-03-05,5.45334,3.15651,4.1952,1.79168,2.51315,1.79817,2.25992,0.98264,2.08186,1.63567,2.14201,0.84687,2.51439,2.11839,2.52677,1.08083,2.78283,2.2985,2.87557,1.21784,-0.77022
2010-03-08,5.45334,3.15651,4.1952,1.79168,2.48391,1.77725,2.23363,0.9712,2.12914,1.67307,2.19061,0.86559,2.56649,2.16229,2.57913,1.10323,2.79337,2.30376,2.89237,1.22137,-0.19663
2010-03-09,5.45334,3.15651,4.1952,1.79168,2.41139,1.72536,2.16841,0.94285,2.06822,1.62487,2.12799,0.84147,2.51158,2.11602,2.52395,1.07962,2.78765,2.30091,2.88329,1.21947,0.06375
2010-03-10,5.45334,3.15651,4.1952,1.79168,2.33827,1.67304,2.10266,0.91426,2.00225,1.57267,2.06016,0.81534,2.48661,2.09499,2.49886,1.06889,2.78417,2.29917,2.87772,1.2183,-0.52075
2010-03-11,5.45334,3.15651,4.1952,1.79168,2.29039,1.63879,2.05961,0.89554,2.00118,1.57182,2.05906,0.81492,2.52483,2.12719,2.53727,1.08532,2.78808,2.30113,2.88397,1.21961,0.45186
2010-03-12,5.45334,3.15651,4.1952,1.79168,2.23858,1.60172,2.01302,0.87528,1.96932,1.54661,2.02631,0.8023,2.51347,2.11762,2.52585,1.08044,2.78636,2.30027,2.88122,1.21903,-1.16383
2010-03-15,5.45334,3.15651,4.1952,1.79168,2.28958,1.63821,2.05888,0.89522,2.16628,1.70246,2.2288,0.8803,2.68381,2.26113,2.69703,1.15366,2.81189,2.31292,2.92131,1.22746,-0.52497
2010-03-16,5.45334,3.15651,4.1952,1.79168,2.24406,1.60564,2.01795,0.87742,2.14658,1.68688,2.20855,0.8725,2.60629,2.19581,2.61912,1.12033,2.80069,2.30739,2.90389,1.2238,0.98402
2010-03-17,5.45334,3.15651,4.1952,1.79168,2.26134,1.618,2.03349,0.88418,2.21277,1.73926,2.2766,0.89872,2.73968,2.3082,2.75317,1.17767,2.80425,2.30915,2.90946,1.22497,-0.16731
2010-03-18,5.45334,3.15651,4.1952,1.79168,2.19496,1.57051,1.97379,0.85823,2.14152,1.68287,2.20335,0.8705,2.63728,2.22193,2.65027,1.13366,2.79188,2.30302,2.89001,1.22088,-0.87346
2010-03-19,5.45334,3.15651,4.1952,1.79168,2.19732,1.57219,1.97591,0.85915,2.20918,1.73642,2.27291,0.8973,2.71416,2.2867,2.72752,1.1667,2.80154,2.30781,2.90523,1.22408,-1.49863
2010-03-22,5.45334,3.15651,4.1952,1.79168,2.32808,1.66575,2.0935,0.91027,2.49429,1.96204,2.56604,1.01021,2.91343,2.45459,2.92778,1.25236,2.85079,2.33188,2.97987,1.23977,0.5736
2010-03-23,5.45334,3.15651,4.1952,1.79168,2.28558,1.63534,2.05528,0.89366,2.42878,1.91019,2.49868,0.98426,2.76242,2.32735,2.77602,1.18745,2.81496,2.31443,2.92604,1.22845,0.28581
2010-03-24,5.45334,3.15651,4.1952,1.79168,2.22317,1.59069,1.99916,0.86926,2.33807,1.83841,2.40542,0.94834,2.67569,2.25429,2.68887,1.15017,2.7959,2.30502,2.89637,1.22221,-0.85854
2010-03-25,5.45334,3.15651,4.1952,1.79168,2.22154,1.58952,1.99769,0.86862,2.37362,1.86654,2.44197,0.96242,2.77757,2.34012,2.79124,1.19396,2.80313,2.3086,2.90771,1.2246,-0.28254
2010-03-26,5.45334,3.056,4.13471,1.79168,2.16112,1.5463,1.94336,0.845,2.29735,1.80619,2.36356,0.93221,2.6727,2.25176,2.68586,1.14888,2.79261,2.30338,2.89116,1.22112,-0.66281
2010-03-29,5.45334,2.96013,4.0374,1.79168,2.13603,1.52834,1.9208,0.83519,2.29034,1.80065,2.35636,0.92944,2.59273,2.1844,2.6055,1.11451,2.7952,2.30467,2.89527,1.22198,0.17419
2010-03-30,5.45334,2.96013,4.0374,1.79168,2.07383,1.48384,1.86487,0.81087,2.20614,1.73401,2.26979,0.89609,2.53132,2.13266,2.54379,1.08811,2.78735,2.30076,2.8828,1.21936,0.00774
2010-03-31,5.45334,2.96013,4.0374,1.79168,2.01066,1.43864,1.80807,0.78617,2.12774,1.67197,2.18918,0.86504,2.52315,2.12577,2.53558,1.0846,2.78412,2.29915,2.87764,1.21828,1.43459
2010-04-01,5.45334,2.96013,4.0374,1.79168,2.1466,1.53591,1.93031,0.83932,2.35559,1.85228,2.42344,0.95528,2.81282,2.36982,2.82668,1.20912,2.81704,2.31545,2.92925,1.22912,-1.39178
2010-04-05,5.45334,2.96013,4.0374,1.79168,2.25647,1.61452,2.02911,0.88228,2.56617,2.01891,2.63994,1.03867,2.93418,2.47207,2.94863,1.26128,2.85217,2.33255,2.9819,1.2402,1.93402
2010-04-06,5.45334,2.96013,4.0374,1.79168,2.50083,1.78936,2.24884,0.97782,2.9482,2.33085,3.0286,1.18703,3.26745,2.75285,3.28354,1.40454,2.95099,2.37909,3.1182,1.26892,1.39864
2010-04-07,5.45334,2.96013,4.0374,1.79168,2.57811,1.84465,2.31834,1.00804,3.03133,2.39681,3.11397,1.22005,3.25927,2.74596,3.27532,1.40103,2.92885,2.36884,3.08905,1.26277,-0.83615
2010-04-08,5.45334,2.96013,4.0374,1.79168,2.55387,1.82731,2.29654,0.99856,2.97562,2.35261,3.05676,1.19792,3.20539,2.70056,3.22117,1.37786,2.87037,2.34128,3.00826,1.24574,-0.70444
2010-04-09,5.45334,2.96013,4.0374,1.79168,2.51509,1.79956,2.26166,0.9834,2.89995,2.29257,2.97905,1.16787,3.11365,2.62327,3.12898,1.33843,2.83384,2.32366,2.95472,1.23448,-0.50453
2010-04-12,5.45334,2.96013,4.0374,1.79168,2.45887,1.75933,2.21111,0.96141,2.79957,2.21292,2.87597,1.128,3.00696,2.53338,3.02176,1.29257,2.80996,2.31197,2.91833,1.22683,-0.15278
2010-04-13,5.45334,2.96013,4.0374,1.79168,2.38588,1.70711,2.14548,0.93288,2.67453,2.1137,2.74756,1.07834,2.77169,2.33517,2.78534,1.19144,2.7941,2.30412,2.89352,1.22162,-0.07444
2010-04-14,5.45334,2.96013,4.0374,1.79168,2.31367,1.65544,2.08054,0.90464,2.55708,2.02052,2.62696,1.03169,2.64807,2.23102,2.66111,1.13829,2.78714,2.30066,2.88247,1.21929,1.50933
2010-04-15,5.45334,2.96013,4.0374,1.79168,2.43432,1.74177,2.18904,0.95182,2.74432,2.16908,2.81923,1.10605,2.9439,2.48025,2.95839,1.26546,2.82466,2.31919,2.94087,1.23157,-0.47339
2010-04-16,5.45334,2.96013,4.0374,1.79168,2.37872,1.70199,2.13904,0.93008,2.65472,2.09799,2.72722,1.07047,2.75893,2.32442,2.77252,1.18595,2.80515,2.3096,2.91086,1.22526,-1.8778
2010-04-19,5.45334,2.96013,4.0374,1.79168,2.58896,2.01311,2.35999,1.01228,3.01055,2.38032,3.09262,1.21179,3.2293,2.72071,3.2452,1.38814,2.91565,2.36269,3.07131,1.25903,-0.05193
2010-04-20,5.45334,2.96013,4.0374,1.79168,2.5103,1.95194,2.28828,0.98152,2.86391,2.26397,2.94204,1.15355,2.96168,2.49523,2.97626,1.2731,2.83504,2.32425,2.95653,1.23486,-0.15766
2010-04-21,5.45334,2.96013,4.0374,1.79168,2.43583,1.89404,2.2204,0.95241,2.73356,2.16054,2.80818,1.10178,2.95541,2.48995,2.96996,1.27041,2.80431,2.30918,2.90956,1.22499,0.12344
2010-04-22,5.45334,2.96013,4.0374,1.79168,2.36289,1.83732,2.15391,0.92389,2.61011,2.06259,2.68141,1.05275,2.79579,2.35547,2.80955,1.20179,2.79092,2.30254,2.88848,1.22056,-0.00556
2010-04-23,5.45334,2.96013,4.0374,1.79168,2.29091,1.78135,2.0883,0.89574,2.49675,1.97265,2.56501,1.00773,2.77686,2.33953,2.79054,1.19366,2.7856,2.29989,2.88,1.21878,1.18782
2010-04-26,5.45334,2.96013,4.0374,1.79168,2.34246,1.82143,2.13529,0.9159,2.58167,2.04003,2.6522,1.04145,2.78678,2.34788,2.8005,1.19792,2.80431,2.30918,2.90955,1.22499,0.71686
2010-04-27,5.45334,2.96013,4.0374,1.79168,2.31507,1.80014,2.11032,0.90519,2.53561,2.00349,2.60491,1.02316,2.73858,2.30727,2.75207,1.1772,2.79795,2.30604,2.8996,1.22289,-1.02082
2010-04-28,5.45334,2.96013,4.0374,1.79168,2.33387,1.81476,2.12746,0.91254,2.58853,2.04547,2.65925,1.04418,2.85562,2.40588,2.86969,1.22751,2.81141,2.31268,2.92057,1.2273,0.83109
2010-04-29,5.45334,2.96013,4.0374,1.79168,2.3219,1.80545,2.11655,0.90786,2.56511,2.02688,2.6352,1.03488,2.86927,2.41738,2.8834,1.23338,2.80437,2.30921,2.90965,1.22501,0.81086
2010-04-30,5.45334,2.96013,4.0374,1.79168,2.30777,1.79446,2.10366,0.90233,2.54005,2.00701,2.60947,1.02493,2.91222,2.45357,2.92656,1.25184,2.80043,2.30726,2.90348,1.22371,-1.0591
2010-05-03,5.45334,2.96013,4.0374,1.79168,2.33377,1.81468,2.12737,0.9125,2.60368,2.05749,2.67481,1.0502,2.94687,2.48276,2.96138,1.26674,2.8149,2.3144,2.92595,1.22843,-0.98901
2010-05-04,5.45334,2.96013,4.0374,1.79168,2.34597,1.82416,2.13849,0.91727,2.63791,2.08465,2.70996,1.06379,2.94825,2.48392,2.96276,1.26733,2.8196,2.31671,2.93315,1.22995,-0.59326
2010-05-05,5.45334,2.96013,4.0374,1.79168,2.30467,1.79205,2.10084,0.90112,2.5553,2.02348,2.6232,1.03011,2.80623,2.36427,2.82005,1.20628,2.80597,2.31,2.91214,1.22553,-0.49568
2010-05-06,5.45334,2.96013,4.0374,1.79168,2.25593,1.75415,2.05641,0.88207,2.48772,1.96978,2.55385,1.00323,2.72359,2.29464,2.737,1.17076,2.79739,2.30575,2.89871,1.22271,-1.31217
2010-05-07,5.45334,2.96013,4.0374,1.79168,2.33658,1.81686,2.12993,0.9136,2.63187,2.08433,2.70178,1.06057,2.90594,2.44828,2.92025,1.24914,2.82969,2.32164,2.94847,1.23317,-0.56276
2010-05-10,5.45334,2.96013,4.0374,1.79168,2.29267,1.78272,2.0899,0.89643,2.56687,2.03268,2.63508,1.03471,2.737,2.30594,2.75048,1.17652,2.8097,2.31184,2.91793,1.22675,1.75569
2010-05-11,5.45334,2.96013,4.0374,1.79168,2.48006,1.92843,2.26072,0.9697,2.83884,2.24879,2.91418,1.14291,3.11063,2.62073,3.12595,1.33713,2.87028,2.34124,3.00813,1.24571,-0.20379
2010-05-12,5.45334,2.96013,4.0374,1.79168,2.4079,1.87231,2.19494,0.94148,2.71667,2.15171,2.7888,1.09431,2.85173,2.4026,2.86577,1.22584,2.81902,2.31642,2.93227,1.22976,-0.19573
2010-05-13,5.45334,2.96013,4.0374,1.79168,2.33776,1.81778,2.131,0.91406,2.60416,2.06231,2.67334,1.04955,2.8396,2.39238,2.85358,1.22062,2.79819,2.30615,2.89998,1.22297,-0.58646
2010-05-14,5.45334,2.96013,4.0374,1.79168,2.29613,1.78541,2.09305,0.89778,2.54576,2.0159,2.61341,1.02632,2.7885,2.34933,2.80223,1.19866,2.79591,2.30502,2.89638,1.22222,-0.86521
2010-05-17,5.45334,2.96013,4.0374,1.79168,2.29121,1.78159,2.08857,0.89586,2.55022,2.01945,2.61799,1.02809,2.82746,2.38216,2.84139,1.21541,2.80339,2.30872,2.90811,1.22468,0.17892
2010-05-18,5.45334,2.96013,4.0374,1.79168,2.22424,1.72951,2.02752,0.86967,2.44748,1.93781,2.51255,0.98722,2.57584,2.17016,2.58852,1.10725,2.79067,2.30242,2.88809,1.22048,-0.46164
2010-05-19,5.45334,2.96013,4.0374,1.79168,2.17579,1.69183,1.98335,0.85073,2.38565,1.88868,2.4491,0.96262,2.55543,2.15297,2.56802,1.09847,2.78993,2.30205,2.88691,1.22023,0.67503
2010-05-20,5.45334,2.96013,4.0374,1.79168,2.15147,1.67293,1.96119,0.84122,2.35382,1.86338,2.41643,0.94996,2.61069,2.19953,2.62355,1.12223,2.79053,2.30235,2.88787,1.22043,-1.3002
2010-05-21,5.45334,2.96013,4.0374,1.79168,2.23932,1.74124,2.04127,0.87557,2.51692,1.99299,2.58381,1.01484,2.82204,2.37759,2.83594,1.21308,2.82369,2.31871,2.9394,1.23126,-0.50294
2010-05-24,5.45334,2.96013,4.0374,1.79168,2.19385,1.70588,1.99982,0.85779,2.45418,1.94313,2.51943,0.98989,2.6728,2.25185,2.68596,1.14893,2.80543,2.30973,2.91129,1.22535,0.19881
2010-05-25,5.45334,2.96013,4.0374,1.79168,2.13066,1.65674,1.94222,0.83308,2.36056,1.86874,2.42335,0.95264,2.65504,2.23689,2.66812,1.14129,2.79156,2.30286,2.88951,1.22077,-1.65203
2010-05-26,5.45334,2.96013,4.0374,1.79168,2.31051,1.79659,2.10616,0.9034,2.66134,2.10774,2.73202,1.0723,3.03982,2.56107,3.05478,1.30669,2.85993,2.33628,2.99322,1.24258,4.60726
2010-05-27,5.45334,2.96013,4.0374,1.79168,3.65362,2.84096,3.33048,1.42856,4.54987,3.60841,4.67008,1.82358,5.13066,4.32262,5.15593,2.20546,6.36536,5.28806,6.39602,2.58963,1.25243
2010-05-28,5.45334,2.96013,4.0374,1.79168,3.62817,2.82117,3.30728,1.41861,4.41087,3.49796,4.52742,1.76828,4.13638,3.48493,4.15675,1.77806,6.20906,5.10791,6.23837,2.45108,0.34796
2010-06-01,5.45334,2.96013,4.0374,1.79168,3.52439,2.74047,3.21268,1.37803,4.17349,3.30933,4.28382,1.67385,4.04293,3.40619,4.06283,1.73789,5.7826,4.61155,5.80759,2.13956,-0.44174
2010-06-02,5.45334,2.96013,4.0374,1.79168,3.42821,2.66568,3.12501,1.34042,3.96426,3.14307,4.06911,1.59062,4.04933,3.41159,4.06927,1.74064,5.16446,3.88931,5.18329,1.82186,-0.17221
2010-06-03,5.45334,2.96013,4.0374,1.79168,3.32552,2.58584,3.0314,1.30027,3.75431,2.97624,3.85365,1.50709,3.91726,3.30032,3.93655,1.68387,4.27623,3.03292,4.33071,1.54541,1.88714
2010-06-04,5.45334,2.96013,4.0374,1.79168,3.43413,2.67029,3.1304,1.34274,3.90418,3.07945,4.01727,1.55516,3.37184,2.8408,3.38844,1.44941,4.40613,3.13043,4.44753,1.57669,-0.91511
2010-06-07,5.45334,2.96013,4.0374,1.79168,3.3785,2.62703,3.0797,1.32099,3.78346,2.98405,3.89308,1.50742,3.14369,2.64858,3.15917,1.35134,3.77807,2.74177,3.91036,1.44233,0.72543
2010-06-08,5.45334,2.96013,4.0374,1.79168,3.30696,2.5714,3.01448,1.29302,3.63691,2.86824,3.74231,1.44946,3.14468,2.64942,3.16017,1.35177,3.21363,2.49458,3.41661,1.3325,1.28877
2010-06-09,5.45334,2.96013,4.0374,1.79168,3.30631,2.5709,3.01389,1.29276,3.6061,2.84389,3.71061,1.43727,3.30107,2.78117,3.31732,1.41899,3.06908,2.4322,3.26199,1.2994,0.23578
2010-06-10,5.45334,2.96013,4.0374,1.79168,3.20899,2.49522,2.92517,1.25471,3.43168,2.70605,3.53118,1.3683,3.18255,2.68132,3.19822,1.36804,2.89269,2.35189,3.03979,1.25238,0.15048
2010-06-11,5.45334,2.96013,4.0374,1.79168,3.11265,2.42032,2.83736,1.21704,3.26736,2.5762,3.36214,1.30332,2.9548,2.48944,2.96935,1.27015,2.82582,2.31975,2.94263,1.23194,-0.7001
2010-06-14,5.45334,2.96013,4.0374,1.79168,3.04954,2.37124,2.77983,1.19236,3.16999,2.49925,3.26197,1.26481,2.97859,2.50948,2.99326,1.28037,2.81235,2.31314,2.92202,1.22761,1.50892
2010-06-15,5.45334,2.96013,4.0374,1.79168,3.10407,2.41364,2.82954,1.21369,3.2563,2.56745,3.35076,1.29894,3.23312,2.72392,3.24904,1.38978,2.84395,2.32857,2.96979,1.23765,2.03391
2010-06-16,5.45334,2.96013,4.0374,1.79168,3.26813,2.54121,2.97909,1.27784,3.50896,2.76712,3.61069,1.39886,3.52443,2.96935,3.54178,1.515,2.96769,2.38675,3.13968,1.27346,0.36233
2010-06-17,5.45334,2.96013,4.0374,1.79168,3.17669,2.47011,2.89574,1.24208,3.34857,2.64037,3.44568,1.33543,3.24198,2.73139,3.25794,1.39359,2.85713,2.33493,2.98914,1.24172,-0.95825
2010-06-18,5.45334,2.96013,4.0374,1.79168,3.13788,2.43993,2.86036,1.22691,3.28899,2.59329,3.38439,1.31187,3.35259,2.82458,3.3691,1.44114,2.84152,2.32739,2.96618,1.23689,0.5318
2010-06-21,5.45334,2.96013,4.0374,1.79168,3.06047,2.37974,2.7898,1.19664,3.1606,2.49182,3.25231,1.26109,3.29816,2.77872,3.3144,1.41774,2.81012,2.31205,2.91858,1.22688,-0.14935
2010-06-22,5.45334,2.96013,4.0374,1.79168,2.96871,2.30839,2.70615,1.16076,3.01854,2.37956,3.10616,1.20491,3.16041,2.66267,3.17598,1.35853,2.79414,2.30414,2.89358,1.22163,-1.65918
2010-06-23,5.45334,2.96013,4.0374,1.79168,3.06021,2.37954,2.78956,1.19654,3.19579,2.51963,3.28851,1.27501,3.30234,2.78224,3.3186,1.41954,2.86362,2.33805,2.99855,1.2437,0.25962
2010-06-24,5.45334,2.96013,4.0374,1.79168,2.97144,2.31051,2.70864,1.16183,3.05343,2.40713,3.14205,1.21871,3.09901,2.61094,3.11427,1.33214,2.81515,2.31452,2.92634,1.22851,-0.0459
2010-06-25,5.45334,2.96013,4.0374,1.79168,2.88106,2.24023,2.62625,1.12649,2.91672,2.29909,3.00141,1.16464,3.04499,2.56542,3.05998,1.30891,2.79552,2.30483,2.89577,1.22209,1.08822
2010-06-28,5.45334,2.96013,4.0374,1.79168,2.87528,2.23574,2.62098,1.12423,2.92097,2.30245,3.00578,1.16632,3.16339,2.66518,3.17897,1.35981,2.80562,2.30983,2.91159,1.22541,-0.21706
2010-06-29,5.45334,2.96013,4.0374,1.79168,2.791,2.17021,2.54416,1.09128,2.80109,2.20771,2.88246,1.11892,2.8085,2.36618,2.82233,1.20726,2.79291,2.30353,2.89164,1.22122,-1.56593
2010-06-30,5.45334,2.96013,4.0374,1.79168,2.87831,2.2381,2.62375,1.12542,2.98207,2.35074,3.06864,1.19049,2.99843,2.5262,3.0132,1.2889,2.85053,2.33176,2.9795,1.23969,-1.2711
2010-07-01,5.45334,2.96013,4.0374,1.79168,2.90202,2.25653,2.64536,1.13469,3.04104,2.39734,3.12931,1.21381,3.03521,2.55719,3.05016,1.30471,2.86437,2.33841,2.99964,1.24393,-0.62022
2010-07-02,5.45334,2.96013,4.0374,1.79168,2.84031,2.20227,2.58806,1.11056,2.95245,2.32733,3.03817,1.17878,2.96152,2.4951,2.97611,1.27304,2.82742,2.32053,2.94505,1.23245,0.37421
2010-07-06,5.45334,2.96013,4.0374,1.79168,2.76375,2.1429,2.51829,1.08062,2.82579,2.22885,2.90698,1.12914,2.85821,2.40806,2.87228,1.22863,2.76548,2.27062,2.88987,1.19808,0.15576
2010-07-07,5.45334,2.96013,4.0374,1.79168,2.68133,2.079,2.4432,1.0484,2.71106,2.13812,2.78898,1.08374,2.80007,2.35908,2.81386,1.20363,2.75143,2.26385,2.86801,1.19344,1.02591
2010-07-08,5.45334,2.96013,4.0374,1.79168,2.67791,2.07635,2.44008,1.04706,2.72253,2.1472,2.80078,1.08828,2.80768,2.36549,2.82151,1.20691,2.76657,2.27115,2.89156,1.19844,-0.3805
2010-07-09,5.45334,2.96013,4.0374,1.79168,2.60725,2.02156,2.3757,1.01943,2.63407,2.07724,2.7098,1.05327,2.63535,2.2203,2.64833,1.13283,2.75562,2.26587,2.87457,1.19483,-1.15953
2010-07-12,5.45334,2.96013,4.0374,1.79168,2.63013,2.0393,2.39654,1.02838,2.70375,2.13234,2.78147,1.08084,2.79298,2.35311,2.80673,1.20059,2.78393,2.27944,2.91795,1.20404,-0.12917
2010-07-13,5.45334,2.96013,4.0374,1.79168,2.55129,1.97817,2.3247,0.99755,2.59957,2.04996,2.67432,1.03962,2.67052,2.24993,2.68367,1.14794,2.75903,2.26752,2.87989,1.19596,1.00818
2010-07-14,5.45334,2.96013,4.0374,1.79168,2.55292,1.97944,2.3262,0.99819,2.62024,2.06631,2.69558,1.0478,2.82888,2.38335,2.84281,1.21602,2.76971,2.27265,2.89638,1.19946,-0.54196
2010-07-15,5.45334,2.96013,4.0374,1.79168,2.49833,1.93711,2.27645,0.97684,2.5603,2.0189,2.63393,1.02407,2.72007,2.29168,2.73347,1.16925,2.76072,2.26833,2.88251,1.19652,0.36271
2010-07-16,5.45334,2.96013,4.0374,1.79168,2.43286,1.88634,2.21679,0.95124,2.479,1.95462,2.55033,0.9919,2.6751,2.25379,2.68827,1.14991,2.75132,2.26379,2.86783,1.1934,0.93788
2010-07-19,5.45334,2.96013,4.0374,1.79168,2.43082,1.88476,2.21493,0.95045,2.49778,1.96947,2.56964,0.99933,2.66659,2.24662,2.67972,1.14626,2.76243,2.26916,2.88516,1.19708,-0.5107
2010-07-20,5.45334,2.96013,4.0374,1.79168,2.37838,1.8441,2.16716,0.92994,2.44507,1.92778,2.51542,0.97847,2.62845,2.21449,2.64139,1.12986,2.75675,2.26642,2.87634,1.19521,0.67406
2010-07-21,5.45334,2.96013,4.0374,1.79168,2.34427,1.81766,2.13608,0.91661,2.41445,1.90357,2.48393,0.96635,2.60403,2.19392,2.61686,1.11937,2.75581,2.26597,2.87487,1.1949,0.10359
2010-07-22,5.45334,2.96013,4.0374,1.79168,2.27378,1.763,2.07185,0.88905,2.33142,1.83791,2.39854,0.9335,2.54141,2.14116,2.55392,1.09245,2.74753,2.26196,2.86188,1.19214,1.02941
2010-07-23,5.45334,2.96013,4.0374,1.79168,2.29691,1.78093,2.09292,0.89809,2.39201,1.88582,2.46085,0.95747,2.70836,2.28181,2.72169,1.16421,2.76466,2.27023,2.88861,1.19781,0.00134
2010-07-26,5.45334,2.96013,4.0374,1.79168,2.22693,1.72668,2.02916,0.87073,2.31016,1.8211,2.37668,0.92508,2.51796,2.1214,2.53036,1.08237,2.75095,2.26362,2.86726,1.19328,-0.25818
2010-07-27,5.45334,2.96013,4.0374,1.79168,2.16514,1.67877,1.97285,0.84657,2.2467,1.77092,2.31141,0.89997,2.51156,2.116,2.52393,1.07961,2.74742,2.26191,2.8617,1.1921,0.20894
2010-07-28,5.45334,2.96013,4.0374,1.79168,2.10326,1.63079,1.91647,0.82237,2.18194,1.71971,2.24481,0.87434,2.4831,2.09203,2.49533,1.06738,2.74468,2.26057,2.85736,1.19118,-0.47668
2010-07-29,5.45334,2.96013,4.0374,1.79168,2.06094,1.59797,1.8779,0.80582,2.15583,1.69906,2.21795,0.86401,2.50019,2.10643,2.5125,1.07473,2.74837,2.26237,2.8632,1.19242,0.43506
2010-07-30,5.45334,2.96013,4.0374,1.79168,2.01666,1.56364,1.83755,0.78851,2.1193,1.67017,2.18039,0.84955,2.44109,2.05663,2.45311,1.04932,2.74733,2.26186,2.86156,1.19207,0.75317
2010-08-02,5.45334,2.96013,4.0374,1.79168,2.01135,1.55952,1.83272,0.78643,2.14062,1.68703,2.20232,0.85799,2.48605,2.09451,2.49829,1.06865,2.75384,2.26502,2.8718,1.19424,0.76852
2010-08-03,5.45334,2.96013,4.0374,1.79168,2.00863,1.55741,1.83024,0.78537,2.16264,1.70444,2.22495,0.8667,2.50711,2.11226,2.51945,1.0777,2.75731,2.26669,2.87722,1.19539,-0.53776
2010-08-04,5.45334,2.96013,4.0374,1.79168,1.97636,1.53239,1.80084,0.77275,2.06783,1.62873,2.12703,0.8333,2.45481,2.0682,2.4669,1.05522,2.75523,2.26568,2.87396,1.1947,-0.11833
2010-08-05,5.45334,2.96013,4.0374,1.79168,1.91759,1.48682,1.74728,0.74977,2.00731,1.58084,2.06481,0.80933,2.4118,2.03196,2.42368,1.03673,2.74782,2.2621,2.86233,1.19223,0.32656
2010-08-06,5.45334,2.96013,4.0374,1.79168,1.87039,1.45023,1.70428,0.73132,1.96242,1.54533,2.01866,0.79156,2.41654,2.03595,2.42844,1.03877,2.74577,2.2611,2.85908,1.19154,-1.20053
2010-08-09,5.45334,2.96013,4.0374,1.79168,1.96319,1.52218,1.78884,0.7676,2.15435,1.6972,2.21599,0.86757,2.60488,2.19463,2.6177,1.11973,2.78065,2.27788,2.91301,1.20299,-0.39332
2010-08-10,5.45334,2.96013,4.0374,1.79168,1.91927,1.48812,1.74881,0.75043,2.11118,1.66304,2.1716,0.85047,2.45694,2.06999,2.46904,1.05614,2.76163,2.26877,2.88393,1.19682,-0.74073
2010-08-11,5.45334,2.96013,4.0374,1.79168,1.91779,1.48698,1.74747,0.74985,2.13761,1.68396,2.19878,0.86094,2.49929,2.10566,2.51159,1.07434,2.76372,2.26978,2.88715,1.1975,-0.97726
2010-08-12,5.45334,2.96013,4.0374,1.79168,1.95756,1.51782,1.78371,0.7654,2.22408,1.75238,2.28768,0.89518,2.61123,2.19998,2.62409,1.12246,2.77635,2.27583,2.9065,1.20161,-0.92933
2010-08-13,5.45334,2.96013,4.0374,1.79168,1.98522,1.35397,1.77412,0.77622,2.28417,1.79993,2.34946,0.91898,2.648,2.23096,2.66104,1.13827,2.78034,2.27773,2.91254,1.20289,-0.10142
2010-08-16,5.45334,2.96013,4.0374,1.79168,1.92579,1.31344,1.72101,0.75298,2.20387,1.73639,2.2669,0.88718,2.47358,2.08401,2.48576,1.06329,2.75744,2.26675,2.87741,1.19543,0.16201
2010-08-17,5.45334,2.96013,4.0374,1.79168,1.86988,1.27531,1.67105,0.73112,2.12999,1.67793,2.19094,0.85792,2.46494,2.07673,2.47708,1.05958,2.74835,2.26235,2.86316,1.19241,-0.85339
2010-08-18,5.45334,2.96013,4.0374,1.79168,1.8901,1.2891,1.68912,0.73903,2.18244,1.71943,2.24487,0.87869,2.54052,2.14041,2.55303,1.09206,2.76181,2.26886,2.8842,1.19688,0.69896
2010-08-19,5.45334,2.96013,4.0374,1.79168,1.88411,1.28501,1.68377,0.73668,2.17521,1.71371,2.23744,0.87583,2.49112,2.09879,2.50339,1.07083,2.75876,2.26739,2.87947,1.19587,-0.8817
2010-08-20,5.45334,2.96013,4.0374,1.79168,1.90839,1.30158,1.70547,0.74618,2.22904,1.75631,2.29279,0.89715,2.51761,2.12111,2.53001,1.08222,2.76849,2.27207,2.89451,1.19907,-0.80004
2010-08-23,5.45334,2.96013,4.0374,1.79168,1.91694,1.3074,1.71311,0.74952,2.25478,1.77667,2.31924,0.90734,2.55506,2.15266,2.56765,1.09832,2.76955,2.27258,2.89613,1.19941,-0.78531
2010-08-24,5.45334,2.96013,4.0374,1.79168,1.92255,1.31123,1.71813,0.75172,2.27374,1.79168,2.33874,0.91485,2.58399,2.17703,2.59671,1.11075,2.7694,2.27251,2.8959,1.19936,-0.4693
2010-08-25,5.45334,2.96013,4.0374,1.79168,1.88703,1.287,1.68638,0.73783,2.22944,1.75662,2.29319,0.89731,2.51801,2.12144,2.53041,1.08239,2.75869,2.26736,2.87937,1.19585,0.04511
2010-08-26,5.45334,2.96013,4.0374,1.79168,1.82976,1.24795,1.6352,0.71543,2.15095,1.69452,2.2125,0.86622,2.46434,2.07623,2.47648,1.05932,2.7486,2.26248,2.86356,1.19249,-1.31104
2010-08-27,5.45334,2.96013,4.0374,1.79168,1.95492,1.33331,1.68537,0.76437,2.3483,1.85068,2.4154,0.94438,2.70547,2.27938,2.71879,1.16297,2.79203,2.28328,2.93005,1.20661,0.36282
2010-08-30,5.45334,2.96013,4.0374,1.79168,1.90895,1.30195,1.64574,0.7464,2.27525,1.79287,2.34029,0.91545,2.52926,2.13092,2.54171,1.08722,2.76369,2.26976,2.88711,1.19749,-0.48198
2010-08-31,5.45334,2.96013,4.0374,1.79168,1.87526,1.27898,1.6167,0.73322,2.2327,1.7592,2.29655,0.8986,2.51433,2.11834,2.52671,1.08081,2.75658,2.26634,2.87608,1.19515,-1.47118
2010-09-01,5.45334,2.96013,4.0374,1.79168,2.03839,1.46053,1.79216,0.79701,2.47626,1.95194,2.54696,0.99505,2.82715,2.38189,2.84107,1.21527,2.81627,2.29468,2.9655,1.21414,0.9509
2010-09-02,5.45334,2.96013,4.0374,1.79168,2.06413,1.47896,1.81478,0.80707,2.4826,1.96646,2.55031,0.98975,2.75566,2.32166,2.76923,1.18454,2.79565,2.28499,2.93542,1.20775,0.95509
2010-09-03,5.45334,2.96013,4.0374,1.79168,2.08878,1.49663,1.83645,0.81671,2.50451,1.98384,2.57281,0.99845,2.71687,2.28898,2.73025,1.16787,2.78563,2.28025,2.9205,1.20458,-0.34674
2010-09-07,5.45334,2.96013,4.0374,1.79168,2.03676,1.45936,1.79072,0.79637,2.42378,1.91981,2.48989,0.9664,2.64813,2.23107,2.66117,1.13832,2.7627,2.26929,2.88558,1.19717,-0.07746
2010-09-08,5.45334,2.96013,4.0374,1.79168,1.97531,1.41533,1.73669,0.77234,2.33348,1.8482,2.39713,0.93056,2.62236,2.20935,2.63527,1.12724,2.75048,2.26339,2.86652,1.19312,-0.17345
2010-09-09,5.45334,2.96013,4.0374,1.79168,1.91821,1.37442,1.68649,0.75002,2.25437,1.78547,2.31588,0.89916,2.46556,2.07725,2.4777,1.05984,2.74637,2.2614,2.86004,1.19175,-0.52499
2010-09-10,5.45334,2.96013,4.0374,1.79168,1.88863,1.35322,1.66049,0.73845,2.21927,1.75763,2.27982,0.88522,2.4491,2.06338,2.46115,1.05276,2.75016,2.26323,2.86601,1.19302,1.55376
2010-09-13,5.45334,2.96013,4.0374,1.79168,2.07374,1.48585,1.82323,0.81083,2.47822,1.96298,2.5458,0.98801,2.76464,2.32923,2.77825,1.1884,2.80795,2.29078,2.95346,1.21159,0.45181
2010-09-14,5.45334,2.96013,4.0374,1.79168,2.03039,1.45479,1.78512,0.79388,2.40872,1.90787,2.47441,0.96042,2.56334,2.15963,2.57596,1.10187,2.77161,2.27356,2.89928,1.20008,0.60862
2010-09-15,5.45334,2.96013,4.0374,1.79168,2.00512,1.43669,1.7629,0.784,2.36791,1.87551,2.4325,0.94423,2.59427,2.18569,2.60705,1.11517,2.76049,2.26822,2.88216,1.19644,0.07874
2010-09-16,5.45334,2.96013,4.0374,1.79168,1.94466,1.39337,1.70975,0.76036,2.28174,1.80717,2.34399,0.91002,2.55938,2.15629,2.57198,1.10017,2.7493,2.26282,2.86467,1.19273,-0.83479
2010-09-17,5.45334,2.96013,4.0374,1.79168,1.95661,1.40193,1.72025,0.76503,2.30478,1.82545,2.36766,0.91917,2.65822,2.23957,2.67131,1.14266,2.7615,2.26871,2.88372,1.19677,-0.05198
2010-09-20,5.45334,2.96013,4.0374,1.79168,1.89728,1.35942,1.66809,0.74183,2.22375,1.76119,2.28442,0.887,2.42738,2.04508,2.43933,1.04343,2.7499,2.26311,2.8656,1.19293,-0.44948
2010-09-21,5.45334,2.96013,4.0374,1.79168,1.86091,1.33336,1.63611,0.72761,2.18064,1.727,2.24015,0.86989,2.44197,2.05737,2.45399,1.0497,2.75003,2.26317,2.86582,1.19297,-1.40277
2010-09-22,5.45334,2.96013,4.0374,1.79168,2.00686,1.51279,1.77691,0.78468,2.39663,1.89828,2.462,0.95562,2.72241,2.29365,2.73581,1.17025,2.80253,2.28824,2.94555,1.2099,0.92335
2010-09-23,5.45334,2.96013,4.0374,1.79168,2.02989,1.53015,1.7973,0.79368,2.42145,1.91797,2.48749,0.96548,2.67951,2.2575,2.6927,1.15181,2.78721,2.281,2.92286,1.20509,0.5315
2010-09-24,5.45334,2.96013,4.0374,1.79168,1.99602,1.50462,1.76731,0.78044,2.36761,1.87527,2.43219,0.9441,2.59793,2.18878,2.61073,1.11674,2.76507,2.27043,2.88924,1.19795,-0.17081
2010-09-27,5.45334,2.96013,4.0374,1.79168,1.93817,1.46101,1.71609,0.75782,2.28549,1.81015,2.34784,0.91151,2.57366,2.16832,2.58633,1.10631,2.75208,2.26416,2.86903,1.19366,0.51291
2010-09-28,5.45334,2.96013,4.0374,1.79168,1.9064,1.43706,1.68796,0.7454,2.24217,1.77579,2.30334,0.89431,2.60273,2.19282,2.61555,1.11881,2.75015,2.26323,2.86599,1.19301,-0.69531
2010-09-29,5.45334,2.96013,4.0374,1.79168,1.89895,1.43145,1.68137,0.74249,2.2391,1.77336,2.30019,0.89309,2.50912,2.11395,2.52147,1.07857,2.75664,2.26637,2.87617,1.19517,1.29257
2010-09-30,5.45334,2.91946,4.03062,1.79168,2.01131,1.51615,1.78085,0.78642,2.39625,1.89799,2.46161,0.95548,2.69128,2.26742,2.70453,1.15687,2.7868,2.2808,2.92225,1.20496,0.98296
2010-10-01,3.49972,2.63693,3.56122,1.79168,1.61432,1.46523,1.71402,0.79958,2.4361,1.92958,2.50254,0.97129,2.68179,2.25942,2.69499,1.15279,2.78277,2.27889,2.9162,1.20367,-0.74998
2010-10-04,3.49972,2.63693,3.56122,1.79168,1.60849,1.45994,1.70783,0.79669,2.39043,1.89508,2.45429,0.95604,2.63037,2.21611,2.64332,1.13069,2.77417,2.27479,2.90319,1.20091,-1.05584
2010-10-05,3.49972,2.63693,3.56122,1.79168,1.64459,1.4927,1.74615,0.81456,2.45206,1.94401,2.51755,0.98054,2.73404,2.30345,2.74751,1.17525,2.7875,2.28114,2.9233,1.20518,0.52949
2010-10-06,3.49972,2.63693,3.56122,1.79168,1.61584,1.46661,1.71564,0.80033,2.39352,1.89754,2.45747,0.95727,2.63913,2.22348,2.65212,1.13445,2.76514,2.27046,2.88935,1.19797,0.08761
2010-10-07,3.49972,2.63693,3.56122,1.79168,1.56722,1.42248,1.66401,0.77624,2.30551,1.82765,2.36711,0.92228,2.50656,2.11179,2.5189,1.07746,2.75111,2.26369,2.86751,1.19333,-0.30824
2010-10-08,3.49972,2.63693,3.56122,1.79168,1.5271,1.38606,1.62141,0.75637,2.23824,1.77423,2.29806,0.89554,2.45881,2.07156,2.47092,1.05694,2.74813,2.26225,2.86282,1.19234,-1.04692
2010-10-11,3.49972,2.63693,3.56122,1.79168,1.5685,1.42364,1.66536,0.77688,2.31838,1.83787,2.38033,0.9274,2.60321,2.19322,2.61603,1.11901,2.77166,2.27359,2.89936,1.2001,0.46892
2010-10-12,3.49972,2.63693,3.56122,1.79168,1.5383,1.39622,1.6333,0.76192,2.26408,1.79475,2.32459,0.90582,2.46288,2.07499,2.47501,1.05869,2.75738,2.26672,2.87732,1.19542,-0.50187
2010-10-13,3.49972,2.63693,3.56122,1.79168,1.51194,1.37231,1.60532,0.74887,2.22323,1.76232,2.28265,0.88958,2.4293,2.0467,2.44126,1.04425,2.75437,2.26527,2.87262,1.19442,1.84888
2010-10-14,3.49972,2.63693,3.56122,1.79168,1.72768,1.56811,1.83437,0.85572,2.59012,2.05364,2.65928,1.03542,2.96067,2.49439,2.97525,1.27267,2.85974,2.31475,3.02633,1.22707,-0.05581
2010-10-15,3.49972,2.63693,3.56122,1.79168,1.67527,1.52055,1.77873,0.82976,2.48701,1.97177,2.55343,0.99443,2.66362,2.24412,2.67674,1.14498,2.78697,2.28088,2.92251,1.20501,-1.1811
2010-10-18,3.49972,2.63693,3.56122,1.79168,1.72607,1.56666,1.83267,0.85492,2.57059,2.03813,2.63923,1.02765,2.82115,2.37683,2.83504,1.21269,2.80595,2.28984,2.95055,1.21097,0.22409
2010-10-19,3.49972,2.63693,3.56122,1.79168,1.67715,1.52226,1.78073,0.8307,2.47385,1.96132,2.53992,0.9892,2.6866,2.26348,2.69983,1.15486,2.76737,2.27153,2.89278,1.1987,-1.74245
2010-10-20,3.49972,2.63693,3.56122,1.79168,1.91192,1.75728,1.9942,0.91149,2.75368,2.18352,2.82719,1.10043,3.12687,2.63441,3.14226,1.34411,2.87502,2.3217,3.04692,1.23145,2.05443
2010-10-21,3.49972,2.63693,3.56122,1.79168,2.13315,1.96061,2.22495,1.01696,3.09059,2.45104,3.17304,1.23435,3.30381,2.78348,3.32007,1.42017,3.10907,2.42261,3.32118,1.2901,-1.0371
2010-10-22,3.49972,2.63693,3.56122,1.79168,2.13571,1.96296,2.22762,1.01818,3.06539,2.43103,3.14717,1.22434,3.1164,2.62559,3.13174,1.33961,2.96925,2.36346,3.16584,1.25679,-1.08811
2010-10-25,3.49972,2.63693,3.56122,1.79168,2.1448,1.97131,2.23709,1.02251,3.05408,2.42205,3.13556,1.21984,3.1177,2.62668,3.13305,1.34017,2.9032,2.33438,3.08389,1.23932,0.08622
2010-10-26,3.49972,2.63693,3.56122,1.79168,2.07993,1.91169,2.16944,0.99159,2.91734,2.31347,2.99519,1.16548,3.02145,2.54559,3.03633,1.2988,2.8024,2.28818,2.94536,1.20986,0.93532
2010-10-27,3.49972,2.63693,3.56122,1.79168,2.07304,1.90536,2.16225,0.9883,2.88284,2.28608,2.95978,1.15177,2.98282,2.51304,2.9975,1.28219,2.78784,2.28129,2.9238,1.20529,0.67074
2010-10-28,3.49972,2.63693,3.56122,1.79168,2.03921,1.87427,2.12697,0.97218,2.8059,2.22498,2.88079,1.12119,2.73431,2.30368,2.74778,1.17537,2.76929,2.27245,2.89573,1.19932,-0.41398
2010-10-29,3.49972,2.63693,3.56122,1.79168,1.9885,1.82766,2.07407,0.948,2.70752,2.14686,2.7798,1.08208,2.65035,2.23294,2.6634,1.13928,2.7574,2.26674,2.87736,1.19542,-0.30555
2010-11-01,3.49972,2.63693,3.56122,1.79168,1.9343,1.77785,2.01754,0.92216,2.60736,2.06733,2.67698,1.04227,2.55075,2.14902,2.56331,1.09646,2.75064,2.26347,2.86677,1.19318,0.87911
2010-11-02,3.49972,2.63693,3.56122,1.79168,1.92901,1.77298,2.01202,0.91964,2.59507,2.06034,2.66302,1.03755,2.64162,2.22559,2.65463,1.13552,2.7597,2.26784,2.88093,1.19618,-1.21674
2010-11-03,3.49972,2.63693,3.56122,1.79168,1.97196,1.81246,2.05682,0.94011,2.6722,2.12165,2.74217,1.06825,2.75377,2.32007,2.76733,1.18373,2.79129,2.28293,2.92895,1.20638,1.31067
2010-11-04,3.49972,2.63693,3.56122,1.79168,2.02702,1.86306,2.11425,0.96636,2.75867,2.19038,2.83089,1.10266,2.85622,2.40639,2.87028,1.22777,2.81123,2.29232,2.95823,1.2126,2.11163
2010-11-05,3.49972,1.8778,3.4347,1.79168,2.24486,2.06328,2.34146,1.07022,3.11483,2.4735,3.19634,1.2444,3.34462,2.81786,3.36109,1.43771,3.03274,2.39067,3.23911,1.27247,-0.28015
2010-11-08,3.49972,1.8778,3.4347,1.79168,2.18123,2.0048,2.27509,1.03988,2.98356,2.36915,3.06165,1.19216,3.01969,2.54411,3.03456,1.29804,2.85385,2.31206,3.01829,1.22536,0.24203
2010-11-09,3.49972,1.8778,3.4347,1.79168,2.11843,1.94708,2.20959,1.00994,2.85839,2.26965,2.93321,1.14234,2.97869,2.50957,2.99336,1.28041,2.78558,2.28022,2.92042,1.20457,1.69312
2010-11-10,3.49972,1.8778,3.4347,1.79168,2.23053,2.05011,2.32651,1.06338,3.03752,2.41204,3.11701,1.21363,3.28521,2.76781,3.30138,1.41217,2.86189,2.31573,3.02925,1.22769,2.01794
2010-11-11,3.49972,1.74751,3.21661,1.79168,2.39827,2.20429,2.50148,1.14336,3.30187,2.62217,3.38825,1.31883,3.52668,2.97125,3.54404,1.51597,3.06693,2.40507,3.27663,1.28052,-1.733
2010-11-12,3.15651,1.74245,2.49057,1.79168,2.39657,2.17523,2.34762,1.18702,3.43362,2.7269,3.52343,1.37126,3.41683,2.87871,3.43366,1.46875,3.22547,2.47024,3.43618,1.31499,-2.6117
2010-11-15,3.15651,1.74751,2.63545,1.79168,2.76191,2.53851,2.68482,1.31672,3.86551,3.07021,3.96658,1.54314,3.99414,3.36509,4.01381,1.71691,4.73961,3.41181,4.75893,1.64973,0.59115
2010-11-16,3.15651,1.74751,2.63545,1.79168,2.69494,2.47696,2.61972,1.28479,3.70288,2.94094,3.79971,1.47842,3.60827,3.03999,3.62604,1.55104,3.83497,2.7347,3.94851,1.4303,-0.3583
2010-11-17,3.15651,1.74751,2.63545,1.79168,2.61932,2.40746,2.54621,1.24874,3.53493,2.80743,3.62738,1.41158,3.45239,2.90866,3.46939,1.48404,3.15831,2.44288,3.37116,1.30089,-0.21796
2010-11-18,3.15651,1.74245,2.63461,1.79168,2.54199,2.33638,2.47104,1.21187,3.37101,2.67713,3.45919,1.34635,3.25024,2.73835,3.26624,1.39714,2.89513,2.33077,3.07344,1.23709,1.59519
2010-11-19,2.91946,1.733,2.34015,1.79168,2.59726,2.38718,2.52477,1.23822,3.445,2.73595,3.53511,1.37579,3.39916,2.86382,3.4159,1.46116,2.93973,2.35057,3.12999,1.24914,-0.62482
2010-11-22,2.91946,1.733,2.34015,1.79168,2.53852,2.33319,2.46767,1.21022,3.32011,2.63667,3.40696,1.32609,2.85125,2.40219,2.86529,1.22563,2.83672,2.30417,2.99454,1.22031,1.51557
2010-11-23,2.91946,1.733,2.34015,1.79168,2.58144,2.37264,2.50938,1.23068,3.37847,2.68306,3.46684,1.34932,3.12472,2.6326,3.14011,1.34319,2.87309,2.32083,3.04435,1.2309,-0.84577
2010-11-24,2.91946,1.733,2.34015,1.79168,2.54024,2.33477,2.46934,1.21104,3.28983,2.6126,3.3759,1.31404,3.0285,2.55153,3.04341,1.30183,2.82351,2.29805,2.97588,1.21635,0.14239
2010-11-26,2.91946,1.733,2.34015,1.79168,2.46394,2.26465,2.39517,1.17466,3.13933,2.49297,3.22147,1.25415,2.97249,2.50434,2.98713,1.27775,2.77342,2.27443,2.90204,1.20066,0.32265
2010-11-29,2.91946,1.733,2.34015,1.79168,2.39463,2.20094,2.32779,1.14162,3.00742,2.38812,3.08613,1.20165,2.83122,2.38532,2.84516,1.21702,2.75584,2.26598,2.87492,1.19491,2.74194
2010-11-30,2.91946,1.733,2.34015,1.79168,2.71568,2.49602,2.63988,1.29468,3.58486,2.84712,3.67862,1.43145,3.79597,3.19813,3.81466,1.63173,3.42636,2.55182,3.61494,1.35424,-0.7312
2010-12-01,2.91946,1.733,2.34015,1.79168,2.65962,2.44449,2.58538,1.26795,3.46224,2.74965,3.5528,1.38266,3.25019,2.73831,3.26619,1.39712,3.05083,2.39831,3.25912,1.27676,1.12552
2010-12-02,2.91946,1.733,2.34015,1.79168,2.64264,2.42889,2.56888,1.25986,3.40403,2.70792,3.48991,1.36535,3.34459,2.81784,3.36106,1.4377,2.93535,2.34864,3.12457,1.24798,0.89595
2010-12-03,2.91946,1.733,2.34015,1.79168,2.60317,2.39261,2.5305,1.24104,3.31549,2.63739,3.39915,1.33003,3.35033,2.82267,3.36682,1.44017,2.84805,2.3094,3.01031,1.22366,0.03186
2010-12-06,2.91946,1.733,2.34015,1.79168,2.52392,2.31977,2.45347,1.20325,3.16068,2.51407,3.24046,1.26827,3.27041,2.75534,3.28651,1.40581,2.7823,2.27867,2.9155,1.20352,1.33707
2010-12-07,2.91946,1.733,2.34015,1.79168,2.54163,2.33605,2.47069,1.2117,3.18942,2.53696,3.26992,1.27974,3.11091,2.62096,3.12622,1.33725,2.80797,2.29079,2.95349,1.21159,-0.17353
2010-12-08,2.91946,1.733,2.34015,1.79168,2.46581,2.26637,2.39699,1.17556,3.04714,2.42362,3.12407,1.22298,2.88664,2.43202,2.90086,1.24085,2.76871,2.27217,2.89483,1.19913,0.01074
2010-12-09,2.91946,1.733,2.34015,1.79168,2.3907,2.19733,2.32397,1.13975,2.91121,2.31534,2.98473,1.16876,2.81069,2.36803,2.82453,1.2082,2.75249,2.26436,2.86967,1.19379,0.25502
2010-12-10,2.91946,1.733,2.34015,1.79168,2.32157,2.13379,2.25677,1.10679,2.79125,2.21978,2.86176,1.1209,2.77326,2.33649,2.78691,1.19211,2.74697,2.26169,2.86099,1.19195,-1.02683
2010-12-13,2.91946,1.733,2.34015,1.79168,2.31185,2.12486,2.24732,1.10216,2.79699,2.22434,2.86764,1.12319,2.89066,2.4354,2.90489,1.24257,2.7698,2.2727,2.89651,1.19949,1.25086
2010-12-14,2.91946,1.733,2.34015,1.79168,2.33174,2.14314,2.26666,1.11164,2.84849,2.26537,2.92044,1.14373,2.88518,2.43078,2.89938,1.24022,2.79184,2.28319,2.92977,1.20655,-1.32613
2010-12-15,2.91946,1.733,2.34015,1.79168,2.36116,2.17018,2.29525,1.12566,2.92413,2.32562,2.99797,1.17391,2.97981,2.51051,2.99449,1.2809,2.82554,2.29899,2.97876,1.21696,-0.75342
2010-12-16,2.91946,1.733,2.34015,1.79168,2.32173,2.13393,2.25692,1.10686,2.86195,2.2761,2.93424,1.1491,2.82934,2.38373,2.84327,1.21621,2.79451,2.28445,2.93373,1.20739,-0.64778
2010-12-17,2.91946,1.733,2.34015,1.79168,2.27547,2.09142,2.21196,1.08481,2.7889,2.2179,2.85935,1.11996,2.83838,2.39135,2.85236,1.2201,2.77522,2.27529,2.90478,1.20125,-1.02209
2010-12-20,2.91946,1.733,2.34015,1.79168,2.26779,2.08436,2.20449,1.08115,2.79381,2.22181,2.86439,1.12192,2.90185,2.44483,2.91614,1.24738,2.7857,2.28028,2.92061,1.20461,1.00926
2010-12-21,2.91946,1.733,2.34015,1.79168,2.25903,2.07631,2.19597,1.07697,2.78696,2.21636,2.85737,1.11919,2.88235,2.4284,2.89655,1.239,2.78376,2.27936,2.91769,1.20399,0.28357
2010-12-22,2.91946,1.733,2.34015,1.79168,2.19505,2.0175,2.13378,1.04647,2.67802,2.12958,2.74569,1.07573,2.66897,2.24863,2.68211,1.14728,2.75943,2.26772,2.88052,1.1961,-0.78062
2010-12-23,2.91946,1.733,2.34015,1.79168,2.16564,1.99048,2.1052,1.03245,2.64458,2.10293,2.71141,1.06239,2.72097,2.29244,2.73437,1.16963,2.76426,2.27004,2.888,1.19768,0.9772
2010-12-27,2.91946,1.733,2.34015,1.79168,2.15887,1.98425,2.09861,1.02922,2.64736,2.10515,2.71426,1.0635,2.76297,2.32782,2.77658,1.18769,2.77087,2.27321,2.89815,1.19984,0.04559
2010-12-28,2.91946,1.733,2.34015,1.79168,2.09323,1.92392,2.0348,0.99793,2.54086,2.02031,2.60509,1.02101,2.60553,2.19518,2.61836,1.12001,2.75328,2.26474,2.87092,1.19406,0.45972
2010-12-29,2.91946,1.733,2.34015,1.79168,2.04316,1.8779,1.98613,0.97406,2.46681,1.96132,2.52918,0.99147,2.57679,2.17096,2.58948,1.10765,2.74972,2.26302,2.86532,1.19287,0.35748
2010-12-30,2.91946,1.733,2.34015,1.79168,1.98941,1.8285,1.93389,0.94844,2.38896,1.8993,2.44937,0.96042,2.5725,2.16735,2.58517,1.10581,2.74686,2.26163,2.86081,1.19191,-0.25063
2010-12-31,2.91946,1.733,2.34015,1.79168,1.9331,1.77674,1.87915,0.92159,2.31206,1.83804,2.37054,0.92974,2.41163,2.03182,2.42351,1.03666,2.7457,2.26107,2.85897,1.19152,0.65412
2011-01-03,2.91946,1.733,2.34015,1.79168,1.90411,1.75009,1.85096,0.90777,2.25306,1.7913,2.30963,0.90806,2.37874,2.00411,2.39045,1.02252,2.62879,2.17123,2.7297,1.14369,1.31612
2011-01-04,2.91946,1.733,2.34015,1.79168,1.96605,1.80703,1.91118,0.9373,2.40122,1.90938,2.46147,0.9672,2.62233,2.20934,2.63525,1.12723,2.65773,2.18522,2.77684,1.15367,-0.21546
2011-01-05,2.91946,1.733,2.34015,1.79168,1.90937,1.75493,1.85608,0.91028,2.31748,1.84264,2.37565,0.93377,2.44247,2.0578,2.4545,1.04992,2.63687,2.17516,2.74307,1.14652,-0.39341
2011-01-06,2.6117,1.68956,2.13517,1.79168,1.86221,1.71158,1.81023,0.88779,2.25678,1.79426,2.31344,0.90955,2.45723,2.07023,2.46933,1.05626,2.631,2.1723,2.73337,1.14447,-1.20303
2011-01-07,1.8778,1.65918,1.88562,1.79168,1.90835,1.754,1.85509,0.90979,2.38166,1.89379,2.44142,0.95939,2.65956,2.2407,2.67266,1.14324,2.65846,2.18557,2.778,1.15392,-0.37519
2011-01-10,1.8778,1.65203,1.87936,1.79168,1.86023,1.70977,1.80831,0.88685,2.31319,1.83922,2.37126,0.93206,2.5241,2.12657,2.53653,1.08501,2.63939,2.17638,2.7472,1.1474,0.84797
2011-01-11,1.8778,1.65203,1.87936,1.79168,1.85544,1.70536,1.80365,0.88456,2.32212,1.84634,2.38041,0.93563,2.52415,2.12661,2.53657,1.08503,2.64053,2.17693,2.74907,1.14779,0.1977
2011-01-12,1.8778,1.65203,1.87936,1.79168,1.80178,1.65605,1.75149,0.85898,2.24147,1.78206,2.29775,0.90343,2.45877,2.07153,2.47087,1.05692,2.6294,2.17152,2.73072,1.14391,0.86764
2011-01-13,1.8778,1.65203,1.87936,1.79168,1.80288,1.65705,1.75255,0.85951,2.26348,1.7996,2.32031,0.91222,2.56004,2.15685,2.57264,1.10045,2.63638,2.17492,2.74226,1.14635,-0.63502
2011-01-14,1.8778,1.65203,1.87936,1.79168,1.77814,1.63432,1.72851,0.84771,2.24387,1.78397,2.30021,0.90439,2.44025,2.05593,2.45226,1.04896,2.63582,2.17465,2.74134,1.14616,-0.48144
2011-01-18,1.8778,1.65203,1.87936,1.79168,1.74163,1.60076,1.69302,0.83031,2.20137,1.7501,2.25665,0.88743,2.4044,2.02572,2.41624,1.03355,2.6321,2.17283,2.73519,1.14485,0.72481
2011-01-19,1.8778,1.65203,1.87936,1.79168,1.72915,1.58929,1.68089,0.82436,2.19732,1.74687,2.2525,0.88581,2.41935,2.03832,2.43126,1.03998,2.63359,2.17356,2.73766,1.14538,-0.66201
2011-01-20,1.8778,1.65203,1.87936,1.79168,1.71063,1.57227,1.66289,0.81553,2.19,1.74103,2.245,0.88289,2.438,2.05403,2.45001,1.048,2.63528,2.17439,2.74046,1.14597,-0.21196
2011-01-21,1.8778,1.65203,1.87936,1.79168,1.66209,1.52765,1.6157,0.79239,2.12395,1.68839,2.17731,0.85653,2.33385,1.96629,2.34534,1.00323,2.62819,2.17093,2.72869,1.14348,0.48059
2011-01-24,1.8778,1.65203,1.87936,1.79168,1.63027,1.4984,1.58476,0.77721,2.087,1.65894,2.13944,0.84178,2.32711,1.9606,2.33857,1.00033,2.62726,2.17047,2.72714,1.14315,-0.81816
2011-01-25,1.8778,1.65203,1.87936,1.79168,1.63555,1.50326,1.58989,0.77973,2.12727,1.69104,2.18071,0.85785,2.41093,2.03123,2.4228,1.03636,2.63706,2.17525,2.74338,1.14659,-2.334
2011-01-26,2.334,1.65918,1.99302,1.79168,2.0854,1.87955,2.10093,0.94782,2.77261,2.20539,2.8421,1.11544,3.17246,2.67282,3.18808,1.36371,2.9667,2.32133,3.18051,1.23926,0.47852
2011-01-27,2.334,1.65918,1.99302,1.79168,2.03825,1.83705,2.05343,0.92639,2.67702,2.12921,2.74413,1.07729,2.73353,2.30302,2.74699,1.17503,2.75335,2.22974,2.91938,1.18383,-1.04437
2011-01-28,2.334,1.65918,1.99302,1.79168,2.05475,1.85192,2.07005,0.93389,2.69867,2.14646,2.76632,1.08593,2.88234,2.42839,2.89653,1.239,2.71917,2.21411,2.87061,1.17351,1.2467
2011-01-31,2.334,1.65918,1.99302,1.79168,2.10241,1.89488,2.11807,0.95555,2.75895,2.19451,2.8281,1.10999,3.01105,2.53683,3.02588,1.29433,2.71032,2.21001,2.8576,1.17076,1.99715
2011-02-01,2.334,1.65918,1.99302,1.79168,2.30509,2.07755,2.32225,1.04767,3.06566,2.43896,3.14244,1.23241,3.40725,2.87063,3.42403,1.46463,2.88376,2.28679,3.08675,1.2193,-1.15801
2011-02-02,2.334,1.65918,1.99302,1.79168,2.32037,2.09132,2.33765,1.05461,3.07834,2.4522,3.1539,1.23803,3.01327,2.5387,3.0281,1.29528,2.81295,2.25629,2.99928,1.20075,0.64521
2011-02-03,2.334,1.65918,1.99302,1.79168,2.2764,2.05169,2.29335,1.03463,2.97736,2.37162,3.05045,1.19767,2.95035,2.48569,2.96488,1.26823,2.70613,2.20807,2.85138,1.16944,0.47249
2011-02-04,2.334,1.65918,1.99302,1.79168,2.22169,2.00239,2.23824,1.00976,2.86491,2.2819,2.93526,1.15273,2.86511,2.41387,2.87922,1.23159,2.65804,2.18537,2.77734,1.15378,-1.43049
2011-02-07,2.334,1.65918,1.99302,1.79168,2.28782,2.06199,2.30486,1.03982,2.96851,2.36456,3.04139,1.19414,3.06416,2.58157,3.07924,1.31715,2.70099,2.20567,2.8437,1.16782,-1.78874
2011-02-08,2.334,1.733,2.01461,1.79168,2.41856,2.17982,2.43657,1.09924,3.17426,2.52873,3.25216,1.27636,3.1495,2.65348,3.16501,1.35384,2.82667,2.26228,3.01683,1.20447,-0.67591
2011-02-09,2.334,1.733,2.01461,1.79168,2.373,2.13876,2.39068,1.07853,3.07448,2.44911,3.14994,1.23648,2.87387,2.42126,2.88803,1.23536,2.72022,2.2146,2.87214,1.17383,-0.49857
2011-02-10,2.334,1.733,2.01461,1.79168,2.31635,2.0877,2.3336,1.05278,2.96088,2.35847,3.03357,1.19109,2.84867,2.40003,2.8627,1.22453,2.66725,2.18977,2.79192,1.15686,-0.88405
2011-02-11,2.334,1.733,2.01461,1.79168,2.29577,2.06915,2.31287,1.04343,2.916,2.32266,2.98759,1.17315,2.92461,2.46401,2.93902,1.25717,2.6602,2.1864,2.78077,1.1545,-1.32586
2011-02-14,2.334,1.733,2.01461,1.79168,2.33772,2.10696,2.35512,1.0625,2.9817,2.37508,3.0549,1.19941,3.00953,2.53555,3.02434,1.29367,2.69022,2.20063,2.82744,1.16438,-1.67249
2011-02-15,2.334,1.733,2.01461,1.79168,2.43916,2.19839,2.45732,1.1086,3.145,2.50539,3.22219,1.26467,3.09511,2.60766,3.11036,1.33046,2.77807,2.24085,2.95328,1.191,0.0312
2011-02-16,2.334,1.733,2.01461,1.79168,2.36491,2.13147,2.38252,1.07486,2.99781,2.38795,3.07141,1.20585,2.84281,2.39508,2.8568,1.222,2.67892,2.1953,2.81011,1.16071,0.39357
2011-02-17,2.334,1.733,2.01461,1.79168,2.30266,2.07536,2.31981,1.04656,2.87663,2.29125,2.94727,1.15742,2.84908,2.40037,2.86311,1.2247,2.646,2.17958,2.75798,1.14968,0.39201
2011-02-18,2.334,1.733,2.01461,1.79168,2.24248,2.02113,2.25918,1.01921,2.76496,2.20215,2.83287,1.11279,2.80743,2.36528,2.82125,1.2068,2.63319,2.17337,2.737,1.14524,-0.09429
2011-02-22,2.334,1.733,2.01461,1.79168,2.17476,1.96009,2.19096,0.98843,2.64757,2.10849,2.71262,1.06588,2.68468,2.26186,2.6979,1.15403,2.6266,2.17015,2.72605,1.14292,3.67616
2011-02-23,2.334,1.733,2.01461,1.79168,2.89328,2.60768,2.91483,1.315,3.84661,3.06519,3.94091,1.54506,4.26059,3.58957,4.28156,1.83145,5.31329,4.0836,5.33294,1.87011,0.75345
2011-02-24,2.334,1.733,2.01461,1.79168,2.83438,2.55459,2.85549,1.28823,3.69589,2.94493,3.78651,1.48482,3.50254,2.95091,3.51978,1.50559,4.58371,3.26023,4.60221,1.58559,-1.05221
2011-02-25,2.334,1.733,2.01461,1.79168,2.80593,2.52895,2.82683,1.2753,3.61057,2.87685,3.69911,1.45073,3.58722,3.02226,3.60488,1.542,4.01198,2.79548,4.0767,1.44141,0.76497
2011-02-28,2.334,1.733,2.01461,1.79168,2.75152,2.47991,2.772,1.25057,3.48056,2.77312,3.56592,1.39877,3.5174,2.96344,3.53472,1.51199,3.25096,2.43437,3.45296,1.29797,0.90844
2011-03-01,2.334,1.733,2.01461,1.79168,2.71225,2.44452,2.73244,1.23272,3.38317,2.69542,3.46617,1.35985,3.57769,3.01423,3.59531,1.5379,2.91482,2.29987,3.12286,1.22698,1.06452
2011-03-02,2.334,1.733,2.01461,1.79168,2.69148,2.4258,2.71152,1.22328,3.3232,2.64756,3.40473,1.33588,2.98385,2.51392,2.99855,1.28263,2.79299,2.24749,2.97322,1.19523,-0.34873
2011-03-03,2.334,1.733,2.01461,1.79168,2.61624,2.35799,2.63573,1.18909,3.17653,2.53054,3.25449,1.27727,2.85762,2.40756,2.87169,1.22837,2.69026,2.20065,2.8275,1.16439,0.09331
2011-03-04,2.334,1.733,2.01461,1.79168,2.53704,2.28661,2.55593,1.15309,3.04694,2.42163,3.12507,1.22085,2.71985,2.29149,2.73324,1.16915,2.64756,2.18033,2.76051,1.15021,0.57202
2011-03-07,2.334,1.733,2.01461,1.79168,2.479,2.23429,2.49746,1.12671,2.94602,2.34132,3.02158,1.18064,2.71665,2.28879,2.73002,1.16777,2.63677,2.17511,2.74289,1.14648,0.50831
2011-03-08,2.334,1.733,2.01461,1.79168,2.41904,2.18025,2.43705,1.09946,2.84633,2.26197,2.91934,1.1409,2.67407,2.25293,2.68724,1.14947,2.63116,2.17238,2.73364,1.14453,1.43668
2011-03-09,2.334,1.733,2.01461,1.79168,2.46985,2.22605,2.48824,1.12255,2.94031,2.33677,3.01572,1.17836,2.90621,2.4485,2.92052,1.24926,2.66888,2.19054,2.79447,1.1574,-1.08821
2011-03-10,2.334,1.733,2.01461,1.79168,2.46538,2.22202,2.48374,1.12052,2.9419,2.33804,3.01735,1.17899,2.88294,2.42889,2.89713,1.23925,2.6742,2.19307,2.80278,1.15916,-0.15832
2011-03-11,2.334,1.733,2.01461,1.79168,2.3918,2.1557,2.40961,1.08708,2.82031,2.24126,2.89266,1.13054,2.74193,2.31009,2.75543,1.17864,2.64256,2.17791,2.75237,1.14849,-1.35527
2011-03-14,2.334,1.733,2.01461,1.79168,2.43124,2.19125,2.44935,1.105,2.90414,2.30798,2.97863,1.16394,2.99457,2.52294,3.00931,1.28724,2.67968,2.19566,2.81129,1.16096,1.06878
2011-03-15,2.334,1.733,2.01461,1.79168,2.42654,2.18701,2.44461,1.10286,2.89813,2.3032,2.97247,1.16155,3.00056,2.52799,3.01533,1.28981,2.67169,2.19188,2.79887,1.15833,-2.13113
2011-03-16,2.334,1.74245,2.08097,1.79168,2.61801,2.35958,2.6375,1.18989,3.23379,2.57034,3.31669,1.29531,3.42083,2.88207,3.43767,1.47047,2.93246,2.30721,3.14282,1.23123,0.75266
2011-03-17,2.334,1.74245,2.08097,1.79168,2.57046,2.31673,2.5896,1.16828,3.14033,2.49596,3.22084,1.25807,3.09001,2.60335,3.10522,1.32827,2.76116,2.23327,2.93021,1.18612,0.98544
2011-03-18,2.334,1.74245,2.08097,1.79168,2.54811,2.29659,2.56709,1.15812,3.09329,2.45853,3.17261,1.23933,3.14597,2.6505,3.16146,1.35232,2.70738,2.20865,2.85324,1.16984,0.65307
2011-03-21,2.334,1.74245,2.08097,1.79168,2.49543,2.24911,2.51402,1.13418,2.99829,2.38291,3.07518,1.20147,3.03614,2.55797,3.05109,1.30511,2.66384,2.18814,2.78654,1.15572,0.47013
2011-03-22,2.334,1.74245,2.08097,1.79168,2.43264,2.19251,2.45076,1.10564,2.89073,2.29731,2.96488,1.1586,2.97113,2.5032,2.98576,1.27717,2.6414,2.17735,2.75049,1.14809,0.90553
2011-03-23,2.334,1.74245,2.08097,1.79168,2.4085,2.17075,2.42643,1.09467,2.8533,2.26752,2.92649,1.14368,2.8195,2.37545,2.83338,1.21199,2.64356,2.1784,2.75402,1.14884,1.57722
2011-03-24,2.334,1.74245,2.08097,1.79168,2.48503,2.23973,2.50353,1.12945,2.98838,2.37503,3.06502,1.19752,3.09106,2.60424,3.10628,1.32872,2.69405,2.20243,2.83325,1.16561,0.50937
2011-03-25,2.334,1.74245,2.08097,1.79168,2.42491,2.18554,2.44297,1.10213,2.88543,2.29309,2.95944,1.15649,2.68487,2.26202,2.69809,1.15411,2.65418,2.18351,2.77117,1.15247,-0.89974
2011-03-28,2.334,1.74245,2.08097,1.79168,2.40053,2.16357,2.4184,1.09104,2.85368,2.26782,2.92688,1.14383,2.75857,2.32411,2.77215,1.18579,2.65423,2.18354,2.77125,1.15249,-0.10827
2011-03-29,2.334,1.74245,2.08097,1.79168,2.32813,2.09831,2.34546,1.05814,2.73689,2.17487,2.80712,1.09729,2.66087,2.2418,2.67397,1.1438,2.63466,2.17408,2.73943,1.14575,0.66505
2011-03-30,2.334,1.74245,2.08097,1.79168,2.28548,2.05988,2.3025,1.03876,2.67417,2.12495,2.7428,1.0723,2.67334,2.25231,2.68651,1.14916,2.6333,2.17342,2.73718,1.14528,-0.32612
2011-03-31,2.334,1.74245,2.08097,1.79168,2.22282,2.0034,2.23937,1.01027,2.58243,2.05194,2.64871,1.03574,2.4812,2.09042,2.49341,1.06656,2.62862,2.17114,2.72941,1.14363,1.21841
2011-04-01,2.334,1.74245,2.08097,1.79168,2.25292,2.03053,2.2697,1.02396,2.65145,2.10687,2.71949,1.06324,2.68835,2.26495,2.70159,1.15561,2.65138,2.18217,2.76667,1.15152,0.27907
2011-04-04,2.334,1.74245,2.08097,1.79168,2.18946,1.97333,2.20576,0.99511,2.52988,2.01152,2.59331,1.01981,2.49932,2.10569,2.51163,1.07435,2.63408,2.1738,2.73847,1.14555,-0.66575
2011-04-05,2.334,1.74245,2.08097,1.79168,2.15287,1.94036,2.1689,0.97848,2.49116,1.98065,2.55362,1.00435,2.56769,2.1633,2.58034,1.10374,2.63561,2.17454,2.74099,1.14608,-0.73095
2011-04-06,2.334,1.74245,2.08097,1.79168,2.12413,1.91446,2.13995,0.96542,2.46739,1.9617,2.52926,0.99486,2.58503,2.1779,2.59776,1.1112,2.63825,2.17583,2.74533,1.147,0.23121
2011-04-07,2.334,1.74245,2.08097,1.79168,2.06319,1.85953,2.07855,0.93772,2.38203,1.89367,2.44178,0.96079,2.53459,2.13541,2.54707,1.08952,2.62872,2.17119,2.72958,1.14367,0.15224
2011-04-08,2.334,1.74245,2.08097,1.79168,2.00202,1.8044,2.01693,0.90992,2.30008,1.82835,2.3578,0.92808,2.40157,2.02334,2.41339,1.03233,2.62472,2.16924,2.72291,1.14225,-1.11638
2011-04-11,2.334,1.74245,2.08097,1.79168,2.03214,1.83154,2.04727,0.92361,2.38758,1.89809,2.44747,0.963,2.59306,2.18467,2.60582,1.11465,2.64893,2.18099,2.76272,1.15068,-0.17736
2011-04-12,2.334,1.74245,2.08097,1.79168,1.97255,1.77784,1.98724,0.89653,2.30832,1.83491,2.36624,0.93136,2.4543,2.06776,2.46638,1.055,2.63315,2.17335,2.73693,1.14522,1.19934
2011-04-13,2.334,1.733,2.05683,1.79168,2.01874,1.77297,2.02052,0.91752,2.40405,1.91122,2.46435,0.96958,2.63479,2.21983,2.64776,1.13259,2.65307,2.18298,2.76939,1.15209,-1.23884
2011-04-14,2.334,1.733,2.05683,1.79168,2.06798,1.81622,2.06981,0.9399,2.51162,1.99696,2.57459,1.01252,2.73894,2.30757,2.75242,1.17736,2.67643,2.19413,2.80626,1.1599,-0.12892
2011-04-15,2.334,1.733,2.05683,1.79168,2.00619,1.76195,2.00796,0.91181,2.42052,1.92435,2.48123,0.97615,2.53436,2.13521,2.54684,1.08941,2.64314,2.1782,2.75333,1.14869,1.3666
2011-04-18,2.334,1.733,2.05683,1.79168,2.07984,1.82664,2.08168,0.94529,2.54913,2.02686,2.61303,1.02749,2.75587,2.32184,2.76944,1.18463,2.67169,2.19188,2.79887,1.15833,-0.42275
2011-04-19,2.334,1.733,2.05683,1.79168,2.02931,1.78226,2.03111,0.92233,2.47611,1.96866,2.5382,0.99835,2.60586,2.19545,2.61869,1.12015,2.64562,2.17939,2.75736,1.14955,0.06985
2011-04-20,2.334,1.733,2.05683,1.79168,1.96785,1.72828,1.96959,0.89439,2.3851,1.89612,2.44493,0.96202,2.49156,2.09915,2.50382,1.07102,2.63096,2.17228,2.73331,1.14445,-0.59951
2011-04-25,2.334,1.733,2.05683,1.79168,1.93507,1.69949,1.93678,0.87949,2.34983,1.868,2.40879,0.94794,2.44978,2.06396,2.46184,1.05306,2.63252,2.17304,2.73589,1.145,3.28581
2011-04-26,2.334,1.733,2.05683,1.79168,2.57987,2.26579,2.58216,1.17256,3.37218,2.68291,3.45652,1.35605,3.89819,3.28425,3.91739,1.67567,4.49045,3.16945,4.51204,1.55834,-0.45213
2011-04-27,2.334,1.733,2.05683,1.79168,2.51312,2.20717,2.51534,1.14222,3.2378,2.5758,3.3188,1.30241,3.0866,2.60048,3.1018,1.3268,3.54017,2.55245,3.69122,1.35075,0.35938
2011-04-28,2.334,1.733,2.05683,1.79168,2.44425,2.14668,2.44641,1.11091,3.10247,2.46792,3.18011,1.24838,3.07656,2.59202,3.09171,1.32248,2.93852,2.30972,3.14959,1.23267,-0.12658
2011-05-02,2.334,1.733,2.05683,1.79168,2.37077,2.08215,2.37286,1.07752,2.96812,2.36084,3.04242,1.19475,3.05801,2.5764,3.07307,1.31451,2.73462,2.22122,2.89294,1.17823,1.53503
2011-05-03,2.334,1.733,2.05683,1.79168,2.44289,2.14549,2.44505,1.1103,3.06702,2.43967,3.14378,1.23423,3.3593,2.83023,3.37584,1.44402,2.76636,2.23561,2.93736,1.18763,-0.55575
2011-05-04,2.334,1.733,2.05683,1.79168,2.38733,2.09669,2.38945,1.08505,2.96633,2.35941,3.0406,1.19404,2.62693,2.21321,2.63987,1.12921,2.68819,2.19968,2.82436,1.16372,0.44158
2011-05-05,2.334,1.733,2.05683,1.79168,2.32681,2.04354,2.32887,1.05754,2.85709,2.27234,2.92864,1.15043,2.61759,2.20534,2.63048,1.12519,2.65043,2.18171,2.76514,1.15119,1.43395
2011-05-10,2.334,1.733,2.05683,1.79168,2.38462,2.09432,2.38673,1.08381,2.94557,2.33806,3.02191,1.18368,2.89049,2.43526,2.90472,1.2425,2.68342,2.19743,2.81705,1.16218,-6.24543
2011-05-11,2.6117,1.74245,2.80891,1.79168,5.55544,3.68037,5.2718,1.85594,5.50316,4.37276,5.6452,2.20244,6.42959,5.41697,6.46125,2.76381,6.49548,5.46101,6.52739,2.76691,-1.96768
2011-05-12,2.6117,1.78874,2.84645,1.79168,5.57607,3.69404,5.29138,1.86283,5.43486,4.31843,5.57514,2.17524,5.08321,4.28264,5.10824,2.18506,6.47229,5.43453,6.50403,2.74161,-0.16526
2011-05-13,2.6117,1.78874,2.84645,1.79168,5.40756,3.5824,5.13148,1.80653,5.16083,4.10042,5.29407,2.06608,4.89133,4.12098,4.91541,2.10258,6.34878,5.29314,6.37958,2.6133,-0.10749
2011-05-17,2.6117,1.78874,2.84645,1.79168,5.24342,3.47366,4.97571,1.7517,4.90206,3.89456,5.02866,1.96301,4.88413,4.11491,4.90818,2.09948,6.07592,4.97861,6.10435,2.36479,1.03776
2011-05-18,2.6117,1.78874,2.84645,1.79168,5.14031,3.40535,4.87787,1.71725,4.71966,3.74945,4.84157,1.89035,4.91081,4.13739,4.93499,2.11095,5.76296,4.61392,5.78814,2.13059,0.31012
2011-05-19,2.6117,1.78874,2.84645,1.79168,4.9889,3.30505,4.73419,1.66667,4.4914,3.56785,4.60745,1.79943,3.30365,2.78335,3.31992,1.4201,5.06623,3.7927,5.08302,1.75755,-0.44782
2011-05-20,2.6117,1.78874,2.84645,1.79168,4.84805,3.21174,4.60053,1.61961,4.28676,3.40505,4.39755,1.71791,3.12768,2.63509,3.14308,1.34446,4.17538,2.90585,4.21959,1.47759,0.12578
2011-05-23,2.6117,1.78874,2.84645,1.79168,4.70127,3.1145,4.46124,1.57058,4.08047,3.24094,4.18597,1.63574,3.0946,2.60722,3.10983,1.33024,3.21846,2.42158,3.42453,1.29178,0.37378
2011-05-24,2.6117,1.78874,2.84645,1.79168,4.56628,3.02507,4.33314,1.52548,3.89508,3.09344,3.99581,1.56189,3.09213,2.60514,3.10736,1.32918,2.83082,2.26409,3.02208,1.20558,0.04294
2011-05-25,2.6117,1.78874,2.84645,1.79168,4.42728,2.93299,4.20124,1.47905,3.71249,2.94819,3.80853,1.48916,3.02433,2.54802,3.03922,1.30003,2.69708,2.20384,2.83783,1.16657,-0.49046
2011-05-31,2.6117,1.78874,2.84645,1.79168,4.30745,2.8536,4.08753,1.43901,3.56273,2.82904,3.65492,1.42951,3.02833,2.55139,3.04324,1.30175,2.65762,2.18516,2.77666,1.15363,3.86173
2011-06-01,2.6117,1.78874,2.84645,1.79168,5.0456,3.34261,4.788,1.68561,4.46193,3.54441,4.57722,1.78769,4.68606,3.94804,4.70913,2.01434,5.78989,4.64546,5.81537,2.14885,-1.0027
2011-06-02,2.6117,1.78874,2.84645,1.79168,4.94683,3.19344,4.68031,1.65261,4.31434,3.42699,4.42584,1.7289,3.99008,3.36167,4.00973,1.71517,5.40055,4.18682,5.4213,1.91463,0.50642
2011-06-03,2.6117,1.78874,2.84645,1.79168,4.81048,3.10542,4.55131,1.60706,4.12157,3.27363,4.22812,1.65211,3.95011,3.328,3.96956,1.69799,4.59483,3.2714,4.61304,1.58895,0.24827
2011-06-06,2.6117,1.78874,2.84645,1.79168,4.66749,3.01311,4.41602,1.55929,3.92837,3.11993,4.02996,1.57516,3.82792,3.22505,3.84676,1.64546,3.56056,2.56132,3.70753,1.35444,0.51529
2011-06-07,2.6117,1.78874,2.84645,1.79168,4.54104,2.93148,4.29638,1.51705,3.76175,2.98738,3.85906,1.50879,3.84194,3.23686,3.86086,1.65149,2.96409,2.32026,3.17767,1.23866,-0.16031
2011-06-08,2.6117,1.78874,2.84645,1.79168,4.40427,2.84319,4.16698,1.47136,3.59032,2.85099,3.68322,1.4405,3.13042,2.6374,3.14584,1.34564,2.7438,2.2254,2.90598,1.18099,-0.24862
2011-06-09,2.6117,1.78874,2.84645,1.79168,4.27399,2.75908,4.04372,1.42783,3.43334,2.7261,3.52221,1.37797,3.08434,2.59858,3.09953,1.32583,2.66965,2.19091,2.79569,1.15766,0.14497
2011-06-10,2.6117,1.78874,2.84645,1.79168,4.14515,2.67591,3.92182,1.38479,3.28152,2.60533,3.36649,1.3175,3.03749,2.55911,3.05245,1.30569,2.64011,2.17673,2.74838,1.14765,-1.4872
2011-06-13,2.6117,1.78874,2.84645,1.79168,4.16418,2.6882,3.93982,1.39115,3.33858,2.65072,3.42502,1.34022,3.33111,2.80648,3.34751,1.43191,2.69241,2.20166,2.83078,1.16508,-1.27337
2011-06-14,2.6117,1.78874,2.84645,1.79168,4.14387,2.67509,3.92061,1.38436,3.41832,2.68767,3.52307,1.35427,3.40223,2.8664,3.41898,1.46248,2.70777,2.20883,2.85382,1.16996,0.02905
2011-06-15,2.6117,1.78874,2.84645,1.79168,4.01769,2.59363,3.80123,1.34221,3.27817,2.57731,3.37866,1.29906,3.26014,2.74669,3.27619,1.4014,2.65392,2.18339,2.77074,1.15238,0.022
2011-06-21,2.6117,1.78874,2.84645,1.79168,3.89533,2.51464,3.68546,1.30133,3.14696,2.47399,3.24344,1.24736,2.71255,2.28534,2.72591,1.16601,2.63408,2.1738,2.73847,1.14555,-2.10567
2011-06-22,2.6117,1.96768,2.89927,1.79168,4.08005,2.63389,3.86023,1.36304,3.40697,2.67873,3.51138,1.3498,3.29497,2.77604,3.3112,1.41637,2.82997,2.26372,3.02101,1.20535,-0.06434
2011-06-23,2.6117,1.96768,2.89927,1.79168,3.95604,2.55383,3.7429,1.32161,3.26812,2.56939,3.36829,1.29509,2.84257,2.39488,2.85657,1.2219,2.69735,2.20397,2.83824,1.16666,-1.05215
2011-06-24,2.6117,1.96768,2.89927,1.79168,3.91233,2.52562,3.70155,1.30701,3.2357,2.54387,3.33488,1.28232,2.9217,2.46155,2.93609,1.25592,2.68805,2.19961,2.82414,1.16368,0.80355
2011-06-27,2.6117,1.96768,2.89927,1.79168,3.83863,2.47804,3.63182,1.28239,3.16077,2.48486,3.25767,1.2528,2.91194,2.45333,2.92628,1.25172,2.66142,2.18698,2.78271,1.15491,-0.29554
2011-06-28,2.6117,1.96768,2.89927,1.79168,3.72799,2.40662,3.52714,1.24543,3.04601,2.3945,3.13941,1.20758,2.87068,2.41857,2.88482,1.23399,2.63929,2.17633,2.74703,1.14736,1.02498
2011-06-29,2.6117,1.96768,2.89927,1.79168,3.69173,2.3832,3.49283,1.23332,3.02259,2.37606,3.11529,1.19836,2.78055,2.34263,2.79424,1.19524,2.64748,2.18029,2.76037,1.15018,-0.56541
2011-06-30,2.6117,1.96768,2.89927,1.79168,3.60319,2.32605,3.40906,1.20374,2.93988,2.31093,3.03005,1.16577,2.73993,2.30841,2.75342,1.17778,2.6389,2.17614,2.7464,1.14723,1.24238
2011-07-01,2.6117,1.96768,2.89927,1.79168,3.61024,2.3306,3.41573,1.20609,2.97144,2.33578,3.06257,1.1782,2.88751,2.43275,2.90173,1.24122,2.65938,2.18601,2.77947,1.15423,-0.23184
2011-07-05,2.6117,1.96768,2.89927,1.79168,3.50438,2.26226,3.31557,1.17073,2.86629,2.25299,2.95422,1.13678,2.73038,2.30036,2.74382,1.17368,2.63769,2.17555,2.7444,1.1468,-0.77172
2011-07-06,2.6117,1.96768,2.89927,1.79168,3.44442,2.22355,3.25884,1.15069,2.82322,2.21907,2.90984,1.11981,2.81015,2.36757,2.82398,1.20796,2.64059,2.17696,2.74917,1.14781,-0.01734
2011-07-07,2.6117,1.96768,2.89927,1.79168,3.33951,2.15583,3.15959,1.11565,2.72224,2.13955,2.80577,1.08002,2.45967,2.07229,2.47178,1.05731,2.62914,2.17139,2.73028,1.14381,0.68539
2011-07-08,2.6117,1.96768,2.89927,1.79168,3.27654,2.11518,3.10001,1.09461,2.67371,2.10134,2.75577,1.0609,2.50474,2.11026,2.51707,1.07668,2.63135,2.17247,2.73395,1.14459,-1.61941
2011-07-11,2.6117,1.96768,2.89927,1.79168,3.39138,2.18931,3.20866,1.13298,2.85196,2.2417,2.93945,1.13113,2.79665,2.3562,2.81042,1.20216,2.7017,2.206,2.84477,1.16804,0.9653
2011-07-12,2.6117,1.96768,2.89927,1.79168,3.36338,2.17124,3.18217,1.12362,2.83625,2.22933,2.92326,1.12494,2.71329,2.28596,2.72665,1.16633,2.67642,2.19412,2.80624,1.15989,-0.00213
2011-07-14,2.6117,1.96768,2.89927,1.79168,3.26091,2.10509,3.08523,1.08939,2.73428,2.14904,2.81819,1.08477,2.59151,2.18337,2.60427,1.11398,2.64249,2.17788,2.75227,1.14847,0.16415
2011-07-15,2.6117,1.96768,2.89927,1.79168,3.16386,2.04244,2.9934,1.05697,2.64147,2.07595,2.72254,1.0482,2.59557,2.18678,2.60835,1.11573,2.63,2.17181,2.73171,1.14412,1.02917
2011-07-18,2.6117,1.96768,2.89927,1.79168,3.15893,2.03926,2.98874,1.05532,2.65959,2.09022,2.74122,1.05533,2.73673,2.30571,2.7502,1.1764,2.64268,2.17797,2.75257,1.14853,0.1579
2011-07-19,2.6117,1.96768,2.89927,1.79168,3.06489,1.97854,2.89976,1.0239,2.57186,2.02114,2.65081,1.02077,2.49083,2.09855,2.5031,1.07071,2.63004,2.17184,2.73178,1.14413,0.56645
2011-07-20,2.6117,1.96768,2.89927,1.79168,3.0004,1.93692,2.83875,1.00236,2.4987,1.96355,2.57534,0.99231,2.42921,2.04663,2.44118,1.04422,2.62377,2.15617,2.74799,1.14003,0.46345
2011-07-21,2.6117,1.96768,2.89927,1.79168,2.92878,1.89068,2.77098,0.97843,2.4404,1.91764,2.51526,0.96933,2.40825,2.02897,2.42011,1.03521,2.62148,2.15509,2.74426,1.13926,0.16686
2011-07-22,2.6117,1.96768,2.89927,1.79168,2.84219,1.83478,2.68906,0.94951,2.36656,1.8595,2.43918,0.94024,2.39037,2.01391,2.40214,1.02752,2.61757,2.15323,2.73784,1.13792,-0.81147
2011-07-25,2.6117,1.96768,2.89927,1.79168,2.81911,1.81988,2.66722,0.94179,2.37751,1.86812,2.45047,0.94456,2.4379,2.05395,2.4499,1.04795,2.63208,2.16011,2.76146,1.14283,0.10027
2011-07-26,2.6117,1.96768,2.89927,1.79168,2.73421,1.76508,2.5869,0.91343,2.30669,1.81234,2.37749,0.91665,2.29415,1.93284,2.30544,0.98616,2.62125,2.15498,2.74388,1.13918,0.23845
2011-07-27,2.6117,1.96768,2.89927,1.79168,2.65668,1.71502,2.51354,0.88753,2.24643,1.76489,2.3154,0.89291,2.28218,1.92275,2.29341,0.98101,2.61788,2.15338,2.73836,1.13803,-0.90828
2011-07-28,2.6117,1.96768,2.89927,1.79168,2.66045,1.71746,2.51711,0.88879,2.29131,1.80024,2.36164,0.91059,2.3949,2.01772,2.4067,1.02947,2.63679,2.16232,2.76901,1.14439,-0.27522
2011-07-29,2.6117,1.96768,2.89927,1.79168,2.58728,1.67022,2.44788,0.86435,2.23712,1.75756,2.3058,0.88924,2.31274,1.9485,2.32413,0.99415,2.6253,2.1569,2.7505,1.14055,-1.30179
2011-08-01,2.6117,1.96768,2.89927,1.79168,2.68392,1.73261,2.53932,0.89663,2.3879,1.8763,2.46117,0.94865,2.56259,2.159,2.57521,1.10155,2.67149,2.17846,2.82309,1.15561,-0.28463
2011-08-02,2.6117,1.96768,2.89927,1.79168,2.61051,1.68522,2.46987,0.87211,2.32653,1.82797,2.39793,0.92447,2.39697,2.01946,2.40877,1.03036,2.63847,2.16312,2.7717,1.14495,-0.49825
2011-08-03,2.6117,1.96768,2.89927,1.79168,2.55722,1.65082,2.41944,0.8543,2.29142,1.80032,2.36176,0.91063,2.42434,2.04253,2.43628,1.04212,2.63054,2.15938,2.75897,1.14231,-0.7596
2011-08-04,2.6117,1.96768,2.89927,1.79168,2.5411,1.64041,2.40419,0.84892,2.3006,1.80755,2.37121,0.91425,2.42398,2.04222,2.43592,1.04197,2.63608,2.16199,2.76788,1.14416,-2.36496
2011-08-05,2.6117,2.10567,2.96548,1.79168,3.01274,2.01946,2.99359,1.00648,2.85322,2.24274,2.94065,1.132,3.22598,2.71791,3.24186,1.38671,3.14828,2.37345,3.36994,1.26965,-0.36128
2011-08-08,2.6117,2.10567,2.96548,1.79168,2.93295,1.96598,2.91431,0.97983,2.76164,2.17062,2.84629,1.09592,2.70293,2.27723,2.71623,1.16188,2.8024,2.2363,3.00476,1.19329,-2.33143
2011-08-09,2.6117,2.13113,3.00311,1.79168,3.31787,2.32499,3.36568,1.10842,3.18542,2.50435,3.28296,1.2629,3.45177,2.90814,3.46877,1.48377,3.73134,2.61217,3.84446,1.37293,-0.96297
2011-08-10,2.6117,2.13113,3.00311,1.79168,3.29337,2.30782,3.34083,1.10023,3.14298,2.47093,3.23923,1.24618,3.16738,2.66854,3.18297,1.36152,3.20367,2.39445,3.4189,1.28002,2.4853
2011-08-11,2.6117,2.13113,3.00311,1.79168,3.67643,2.57625,3.72941,1.2282,3.53159,2.77696,3.63967,1.3993,3.81227,3.21186,3.83104,1.63874,4.58365,3.22507,4.60019,1.56577,0.3214
2011-08-12,2.6117,2.13113,3.00311,1.79168,3.57221,2.50322,3.62369,1.19339,3.38777,2.6637,3.49147,1.34263,3.14713,2.65148,3.16263,1.35282,3.51397,2.51576,3.67259,1.33468,0.42656
2011-08-15,2.6117,2.13113,3.00311,1.79168,3.47748,2.43684,3.5276,1.16174,3.25987,2.56297,3.35968,1.29223,3.15794,2.66059,3.17349,1.35747,2.91684,2.28361,3.14033,1.22148,0.69299
2011-08-16,2.6117,2.13113,3.00311,1.79168,3.40962,2.38928,3.45876,1.13907,3.16615,2.48917,3.26311,1.25531,2.9369,2.47435,2.95136,1.26245,2.74251,2.2104,2.92567,1.17688,-1.00695
2011-08-17,2.6117,2.13113,3.00311,1.79168,3.38719,2.37357,3.43601,1.13158,3.13331,2.46331,3.22927,1.24237,2.98335,2.51349,2.99804,1.28242,2.71103,2.19642,2.88147,1.16772,-0.15643
2011-08-18,2.6117,2.13113,3.00311,1.79168,3.286,2.30266,3.33336,1.09777,3.02696,2.37921,3.12082,1.19563,2.55159,2.14973,2.56415,1.09682,2.65068,2.16883,2.791,1.14895,-2.29304
2011-08-19,2.6117,2.29304,3.03009,1.79168,3.60232,2.52432,3.65423,1.20344,3.38245,2.65888,3.4873,1.33556,3.31132,2.78981,3.32763,1.4234,3.1225,2.36366,3.34652,1.2647,-0.20055
2011-08-22,2.6117,2.29304,3.03009,1.79168,3.49567,2.44958,3.54605,1.16782,3.2447,2.55051,3.3453,1.28134,2.90904,2.45088,2.92336,1.25047,2.78447,2.22864,2.98173,1.18851,1.2674
2011-08-23,2.6117,2.29304,3.03009,1.79168,3.51427,2.46262,3.56492,1.17403,3.2516,2.55594,3.3524,1.28405,3.11054,2.62065,3.12586,1.33709,2.75689,2.2167,2.94523,1.18094,0.45354
2011-08-24,2.6117,2.29304,3.03009,1.79168,3.4234,2.39894,3.47274,1.14367,3.13636,2.46527,3.2336,1.23869,2.95504,2.48964,2.96959,1.27025,2.67102,2.17824,2.82237,1.15546,-0.00322
2011-08-25,2.6117,2.29304,3.03009,1.79168,3.31911,2.32586,3.36695,1.10883,3.01133,2.36691,3.10471,1.18948,2.93727,2.47467,2.95173,1.26261,2.6353,2.16162,2.76663,1.1439,-0.45465
2011-08-26,2.6117,2.29304,3.03009,1.79168,3.23522,2.26707,3.28184,1.08081,2.91577,2.29173,3.00619,1.15186,2.67947,2.25747,2.69266,1.15179,2.62815,2.15825,2.75512,1.14151,-0.26743
2011-08-29,2.6117,2.29304,3.03009,1.79168,3.14278,2.2023,3.18808,1.04993,2.81371,2.21144,2.90098,1.11168,2.65758,2.23903,2.67067,1.14238,2.62192,2.1553,2.74498,1.1394,0.92341
2011-08-30,2.6117,2.29304,3.03009,1.79168,3.12136,2.18728,3.16634,1.04277,2.79607,2.19756,2.8828,1.10474,2.69469,2.2703,2.70796,1.15834,2.63414,2.16108,2.76477,1.14351,-0.30973
2011-08-31,2.6117,2.29304,3.03009,1.79168,3.03478,2.12661,3.07851,1.01384,2.70546,2.12627,2.78939,1.06907,2.59599,2.18714,2.60877,1.11591,2.62483,2.15668,2.74972,1.14039,0.53611
2011-09-01,2.6117,2.29304,3.03009,1.79168,2.96846,2.08015,3.01125,0.99169,2.64028,2.07499,2.7222,1.04341,2.63339,2.21865,2.64636,1.13198,2.62325,2.15593,2.74716,1.13986,1.40071
2011-09-02,2.6117,2.29304,3.03009,1.79168,3.05579,2.14134,3.09983,1.02086,2.75465,2.16497,2.84009,1.08843,2.89894,2.44238,2.91321,1.24613,2.66841,2.17704,2.81839,1.15464,-1.6437
2011-09-06,2.6117,2.29304,3.03009,1.79168,3.19844,2.2413,3.24454,1.06852,2.93094,2.30367,3.02184,1.15783,3.12078,2.62928,3.13615,1.34149,2.77326,2.22381,2.96706,1.18547,-0.85176
2011-09-07,2.6117,2.29304,3.03009,1.79168,3.16327,2.21665,3.20886,1.05677,2.89307,2.27387,2.9828,1.14292,2.89251,2.43696,2.90676,1.24337,2.70933,2.19565,2.87902,1.16721,1.20971
2011-09-08,2.6117,2.29304,3.03009,1.79168,3.19259,2.2372,3.2386,1.06657,2.92615,2.29989,3.0169,1.15594,3.04065,2.56176,3.05562,1.30705,2.70317,2.19288,2.87011,1.16536,-0.07716
2011-09-09,2.6117,2.29304,3.03009,1.79168,3.09585,2.16941,3.14046,1.03425,2.81643,2.21357,2.90378,1.11275,2.83218,2.38613,2.84613,1.21744,2.64706,2.16714,2.7853,1.14777,-0.59191
2011-09-12,2.6117,2.29304,3.03009,1.79168,3.03275,2.12519,3.07646,1.01317,2.75094,2.16205,2.83627,1.08697,2.76358,2.32834,2.77719,1.18795,2.63696,2.16241,2.76929,1.14445,0.36797
2011-09-13,2.6117,2.29304,3.03009,1.79168,2.95271,2.06911,2.99527,0.98643,2.66642,2.09556,2.74915,1.05371,2.49788,2.10448,2.51018,1.07373,2.62508,2.1568,2.75012,1.14047,1.54633
2011-09-14,2.6117,2.29304,3.03009,1.79168,3.0791,2.15767,3.12348,1.02865,2.81978,2.21621,2.90724,1.11407,2.82863,2.38314,2.84256,1.21591,2.68746,2.18576,2.84706,1.16058,-0.19012
2011-09-15,2.6117,2.29304,3.03009,1.79168,2.98855,2.09422,3.03163,0.9984,2.72098,2.13848,2.80539,1.07518,2.53886,2.13901,2.55137,1.09135,2.64275,2.16512,2.7785,1.14636,-0.33537
2011-09-16,2.6117,2.29304,3.03009,1.79168,2.90793,2.03772,2.94984,0.97147,2.63789,2.07311,2.71973,1.04247,2.5463,2.14527,2.55883,1.09455,2.62857,2.15845,2.75579,1.14165,-1.9466
2011-09-19,2.6117,2.29304,3.03009,1.79168,3.16003,2.21438,3.20557,1.05569,2.93226,2.3064,3.02227,1.15859,3.07352,2.58947,3.08866,1.32118,2.81828,2.24303,3.02472,1.19744,-0.95063
2011-09-20,2.6117,2.29304,3.03009,1.79168,3.14205,2.20178,3.18733,1.04968,2.91139,2.28998,3.00077,1.15037,2.89983,2.44313,2.91411,1.24652,2.7428,2.21053,2.92607,1.17697,0.77643
2011-09-21,2.6117,2.29304,3.03009,1.79168,3.09907,2.17166,3.14373,1.03532,2.86091,2.25024,2.94875,1.13048,2.70662,2.28035,2.71995,1.16346,2.68065,2.18266,2.83691,1.15848,-1.02374
2011-09-22,2.6117,2.29304,3.03009,1.79168,3.097,2.17021,3.14163,1.03463,2.86104,2.25034,2.94888,1.13053,2.81612,2.3726,2.82999,1.21053,2.67894,2.18187,2.83433,1.15794,-2.48648
2011-09-23,2.6117,2.33143,3.06233,1.79168,3.51279,2.58203,3.6232,1.17354,3.31876,2.61067,3.42061,1.31083,3.54769,2.98895,3.56515,1.525,3.54992,2.53079,3.70094,1.34091,-0.29858
2011-09-26,2.6117,2.33143,3.06233,1.79168,3.41281,2.50854,3.52008,1.14013,3.19201,2.51088,3.28997,1.2609,2.93055,2.469,2.94498,1.25972,2.9278,2.288,3.15238,1.224,0.93694
2011-09-27,2.6117,2.33143,3.06233,1.79168,3.3794,2.48398,3.48562,1.12897,3.14151,2.47113,3.23793,1.24101,3.00374,2.53067,3.01853,1.29118,2.77502,2.22457,2.96938,1.18595,3.04173
2011-09-28,2.6117,2.33143,3.06233,1.79168,3.96347,2.9133,4.08805,1.3241,3.76181,2.95944,3.87721,1.48534,4.04508,3.40801,4.065,1.73881,4.92644,3.59667,4.94056,1.67751,-1.94676
2011-09-29,2.6117,2.33143,3.06233,1.79168,4.09927,3.01311,4.22812,1.36946,3.87889,3.05162,3.99788,1.53146,3.86889,3.25956,3.88794,1.66307,5.341,4.0842,5.35981,1.85189,0.19747
2011-09-30,2.6117,2.33143,3.06233,1.79168,3.97702,2.92326,4.10203,1.32863,3.71079,2.91928,3.82463,1.46524,3.35453,2.82621,3.37105,1.44197,4.37005,3.02628,4.39584,1.5079,-2.00479
2011-10-03,2.6117,2.33143,3.06233,1.79168,4.12655,3.03317,4.25626,1.37858,3.85102,3.02967,3.96915,1.52048,3.82808,3.22518,3.84693,1.64553,4.97457,3.65213,4.98903,1.69535,-1.32527
2011-10-04,2.6117,2.33143,3.06233,1.79168,4.11715,3.02626,4.24656,1.37544,3.81228,2.99918,3.92923,1.50522,3.74048,3.15138,3.7589,1.60788,4.67956,3.32366,4.69426,1.5945,-0.89715
2011-10-05,2.6117,2.33143,3.06233,1.79168,4.04556,2.97364,4.17273,1.35152,3.70696,2.91626,3.82068,1.46373,3.29312,2.77447,3.30933,1.41557,3.95542,2.73041,4.02754,1.41524,2.67694
2011-10-06,2.6117,2.33143,3.06233,1.79168,4.38601,3.22388,4.52387,1.46526,4.05998,3.19417,4.18451,1.60279,3.90297,3.28828,3.92219,1.67772,5.49284,4.2646,5.51371,1.92891,0.72112
2011-10-07,2.6117,2.33143,3.06233,1.79168,4.28514,3.14974,4.41983,1.43156,3.91368,3.079,4.03373,1.54516,3.50126,2.94983,3.5185,1.50504,4.73626,3.3842,4.75039,1.61237,-0.93602
2011-10-10,2.6117,2.33143,3.06233,1.79168,4.2109,3.09517,4.34326,1.40676,3.80568,2.99398,3.92242,1.50262,3.37738,2.84547,3.39401,1.45179,4.04863,2.78719,4.10675,1.4342,0.86133
2011-10-11,2.6117,2.33143,3.06233,1.79168,4.13118,3.03657,4.26103,1.38012,3.69382,2.90592,3.80715,1.45856,3.33062,2.80607,3.34702,1.43169,3.2902,2.42734,3.49241,1.29569,1.10301
2011-10-12,2.6117,2.33143,3.06233,1.79168,4.08616,3.00348,4.2146,1.36508,3.62633,2.85279,3.73759,1.43198,3.39332,2.85889,3.41003,1.45865,2.97964,2.30857,3.20759,1.23553,-0.73528
2011-10-13,2.6117,2.33143,3.06233,1.79168,3.99819,2.93882,4.12386,1.3357,3.51501,2.76516,3.62286,1.38813,3.03147,2.55404,3.0464,1.3031,2.78394,2.22841,2.98104,1.18837,-1.63514
2011-10-14,2.6117,2.33143,3.06233,1.79168,4.05756,2.98246,4.1851,1.35553,3.58063,2.81682,3.69049,1.41397,3.29763,2.77828,3.31387,1.41751,2.9018,2.27753,3.12352,1.21798,1.78501
2011-10-17,2.6117,2.33143,3.06233,1.79168,4.14595,3.04743,4.27627,1.38506,3.6722,2.8889,3.78486,1.45004,3.47721,2.92957,3.49433,1.49471,3.06004,2.33979,3.28787,1.25235,1.71395
2011-10-18,2.6117,2.33143,3.06233,1.79168,4.21152,3.09562,4.34389,1.40696,3.74154,2.95014,3.85226,1.4808,3.59338,3.02745,3.61108,1.54465,3.17653,2.38416,3.39512,1.27498,0.71566
2011-10-19,2.6117,2.33143,3.06233,1.79168,4.11679,3.026,4.24619,1.37532,3.61454,2.84994,3.72152,1.43066,3.36095,2.83163,3.3775,1.44473,2.83865,2.25158,3.04974,1.20263,-1.46627
2011-10-20,2.6117,2.33143,3.06233,1.79168,4.13364,3.03837,4.26356,1.38095,3.62954,2.86178,3.73696,1.43658,3.55743,2.99716,3.57494,1.52919,2.88258,2.26972,3.10165,1.21343,0.73344
2011-10-21,2.6117,2.33143,3.06233,1.79168,4.04363,2.97222,4.17073,1.35088,3.51304,2.76986,3.61702,1.39059,3.35337,2.82524,3.36989,1.44148,2.73321,2.2063,2.91281,1.17422,-0.43046
2011-10-24,2.6117,2.33143,3.06233,1.79168,3.93313,2.89099,4.05675,1.31396,3.3781,2.66339,3.47809,1.33731,3.17573,2.67558,3.19137,1.36511,2.66543,2.17567,2.81384,1.15369,2.73237
2011-10-25,2.6117,2.33143,3.06233,1.79168,4.30755,3.16621,4.44294,1.43905,3.82653,3.0172,3.93977,1.51435,3.86804,3.25885,3.88709,1.66271,3.75431,2.62327,3.86284,1.37709,0.99138
2011-10-26,2.6117,2.33143,3.06233,1.79168,4.23911,3.1159,4.37235,1.41618,3.72849,2.93985,3.83883,1.47564,3.48953,2.93996,3.50672,1.5,3.17233,2.38257,3.3914,1.27419,-0.91313
2011-10-27,2.6117,2.33143,3.06233,1.79168,4.16415,3.0608,4.29503,1.39114,3.6298,2.86198,3.73723,1.43668,3.42036,2.88168,3.4372,1.47027,2.90015,2.27686,3.12166,1.2176,1.216
2011-10-28,2.6117,2.33143,3.06233,1.79168,4.13457,3.03906,4.26452,1.38126,3.58709,2.82828,3.69326,1.41982,3.41091,2.87372,3.42771,1.46621,2.81348,2.24101,3.01873,1.19619,0.48044
2011-10-31,2.6117,2.33143,3.06233,1.79168,4.02406,2.95783,4.15054,1.34434,3.44929,2.71956,3.55139,1.36541,3.28192,2.76504,3.29808,1.41076,2.6921,2.18787,2.85393,1.16201,0.49602
2011-11-01,2.6117,2.33143,3.06233,1.79168,3.91838,2.88016,4.04155,1.30904,3.32257,2.61958,3.42093,1.31539,2.92791,2.46678,2.94232,1.25858,2.64842,2.16777,2.78744,1.14822,-1.36112
2011-11-02,2.6117,2.33143,3.06233,1.79168,3.92791,2.88716,4.05137,1.31222,3.34591,2.63799,3.44495,1.3246,3.06645,2.5835,3.08154,1.31814,2.69677,2.18999,2.86078,1.16343,-1.44256
2011-11-03,2.6117,2.33143,3.06233,1.79168,3.95241,2.90517,4.07664,1.3204,3.38576,2.66944,3.48599,1.34033,3.14963,2.65359,3.16514,1.3539,2.75155,2.21437,2.93801,1.17944,0.85669
2011-11-04,2.6117,2.33143,3.06233,1.79168,3.88314,2.85425,4.0052,1.29726,3.30486,2.6056,3.40269,1.30839,3.01008,2.53601,3.0249,1.29391,2.68997,2.1869,2.85077,1.16135,0.14018
2011-11-07,2.6117,2.33143,3.06233,1.79168,3.76625,2.76833,3.88463,1.25821,3.16924,2.4986,3.26308,1.25485,2.83974,2.3925,2.85372,1.22069,2.64209,2.16481,2.77746,1.14615,-0.54933
2011-11-08,2.6117,2.33143,3.06233,1.79168,3.67366,2.70028,3.78913,1.22728,3.07005,2.42034,3.16096,1.21569,2.86247,2.41165,2.87656,1.23045,2.63349,2.16077,2.76373,1.1433,1.00504
2011-11-09,2.6117,2.33143,3.06233,1.79168,3.63718,2.67346,3.7515,1.21509,3.04209,2.39828,3.13217,1.20465,2.87644,2.42342,2.8906,1.23646,2.644,2.16571,2.78047,1.14677,0.47197
2011-11-10,2.6117,2.33143,3.06233,1.79168,3.54332,2.60447,3.65469,1.18373,2.94355,2.32053,3.03072,1.16575,2.7006,2.27527,2.7139,1.16087,2.62948,2.15888,2.75727,1.14196,0.99961
2011-11-11,2.6117,2.33143,3.06233,1.79168,3.51269,2.58195,3.6231,1.1735,2.92718,2.30762,3.01387,1.15928,2.77787,2.34037,2.79155,1.19409,2.64164,2.1646,2.77674,1.146,-0.99109
2011-11-14,2.6117,2.33143,3.06233,1.79168,3.48234,2.55965,3.5918,1.16336,2.91435,2.29749,3.00066,1.15422,2.83587,2.38924,2.84983,1.21902,2.65458,2.17064,2.79708,1.15022,-0.93483
2011-11-15,2.6117,2.33143,3.06233,1.79168,3.44513,2.5323,3.55342,1.15093,2.89223,2.28004,2.97789,1.14549,2.83141,2.38548,2.84535,1.2171,2.65765,2.17206,2.80184,1.1512,0.38113
2011-11-16,2.6117,2.33143,3.06233,1.79168,3.35184,2.46373,3.4572,1.11977,2.78251,2.19491,2.86381,1.10419,2.6606,2.24157,2.6737,1.14368,2.63302,2.16055,2.76298,1.14314,1.53784
2011-11-17,2.6117,2.33143,3.06233,1.79168,3.43979,2.52838,3.54791,1.14915,2.91311,2.29804,2.99821,1.1558,2.95246,2.48747,2.967,1.26914,2.69313,2.18834,2.85544,1.16232,-1.24318
2011-11-18,2.6117,2.33143,3.06233,1.79168,3.45733,2.54126,3.566,1.15501,2.95483,2.33099,3.04114,1.17229,2.93148,2.46979,2.94591,1.26012,2.71264,2.19713,2.88377,1.1682,-1.05849
2011-11-21,2.6117,2.33143,3.06233,1.79168,3.44068,2.52903,3.54883,1.14945,2.9514,2.32828,3.03762,1.17094,2.89012,2.43495,2.90436,1.24234,2.7006,2.19172,2.86639,1.16459,-0.63597
2011-11-22,2.6117,2.33143,3.06233,1.79168,3.3683,2.47582,3.47417,1.12526,2.87901,2.27112,2.96313,1.14233,2.80462,2.36291,2.81843,1.20559,2.66143,2.17382,2.8077,1.15242,1.13057
2011-11-23,2.6117,2.33143,3.06233,1.79168,3.36925,2.47652,3.47515,1.12558,2.89394,2.28291,2.97849,1.14823,2.95145,2.48662,2.96599,1.26871,2.66758,2.17666,2.81713,1.15438,-2.39766
2011-11-25,2.6117,2.334,3.07337,1.79168,3.70962,2.72671,3.82622,1.23929,3.31459,2.6151,3.41137,1.31446,3.41706,2.87889,3.43388,1.46885,3.33582,2.44485,3.53004,1.30376,0.56549
2011-11-28,2.48648,2.33143,3.02666,1.79168,3.62043,2.57641,3.72011,1.2095,3.203,2.52698,3.29654,1.27036,2.95507,2.48967,2.96962,1.27026,2.87292,2.26576,3.09046,1.2111,2.09371
2011-11-29,2.48648,2.33143,3.02666,1.79168,3.83115,2.72636,3.93663,1.27989,3.44271,2.71628,3.54322,1.36509,3.45198,2.90832,3.46898,1.48386,3.32567,2.44094,3.52173,1.30197,2.80417
2011-11-30,2.48648,2.33143,3.02666,1.79168,4.24552,3.02124,4.36241,1.41832,3.89938,3.07691,4.01318,1.54555,4.04496,3.40791,4.06488,1.73876,5.27538,4.00623,5.2933,1.82095,1.32479
2011-12-01,2.48648,2.33143,3.02666,1.79168,4.22925,3.00966,4.34568,1.41289,3.84941,3.03745,3.96176,1.52581,3.71655,3.13122,3.73485,1.59759,4.89462,3.5603,4.90858,1.66602,0.17422
2011-12-02,2.48648,2.33143,3.02666,1.79168,4.1024,2.91939,4.21534,1.37051,3.67781,2.90194,3.78517,1.45799,3.35185,2.82396,3.36835,1.44082,3.81272,2.65246,3.90991,1.38784,-0.79322
2011-12-05,2.48648,2.33143,3.02666,1.79168,4.01972,2.86055,4.13039,1.34289,3.56628,2.81386,3.67039,1.41392,3.39176,2.85758,3.40846,1.45798,3.166,2.38017,3.38579,1.273,0.07443
2011-12-06,2.48648,2.33143,3.02666,1.79168,3.89764,2.77368,4.00495,1.30211,3.41144,2.69158,3.51105,1.35273,3.11314,2.62284,3.12847,1.33821,2.79163,2.23171,2.99099,1.19043,0.52792
2011-12-07,2.48648,2.33143,3.02666,1.79168,3.79868,2.70325,3.90326,1.26904,3.2892,2.59505,3.38525,1.30443,2.72804,2.29839,2.74147,1.17267,2.68632,2.18524,2.84536,1.16023,-0.22886
2011-12-08,2.48648,2.33143,3.02666,1.79168,3.68678,2.62362,3.78828,1.23166,3.15767,2.49118,3.24989,1.25245,2.61067,2.19951,2.62353,1.12222,2.64294,2.16521,2.77879,1.14642,-0.84477
2011-12-09,2.48648,2.33143,3.02666,1.79168,3.62773,2.5816,3.72761,1.21194,3.09668,2.44301,3.18713,1.22835,2.71415,2.28669,2.72752,1.1667,2.64619,2.16673,2.78393,1.14749,-0.34257
2011-12-12,2.48648,2.33143,3.02666,1.79168,3.52617,2.50933,3.62325,1.17801,2.98499,2.35481,3.07218,1.18421,2.61877,2.20633,2.63167,1.1257,2.63002,2.15913,2.75814,1.14214,-2.01487
2011-12-13,2.48648,2.33143,3.02666,1.79168,3.7243,2.65032,3.82683,1.2442,3.24338,2.55887,3.3381,1.28632,3.2021,2.69779,3.21787,1.37645,2.85163,2.25698,3.06536,1.20588,0.85173
2011-12-14,2.48648,2.33143,3.02666,1.79168,3.66445,2.60773,3.76533,1.2242,3.1724,2.50281,3.26505,1.25827,2.97092,2.50302,2.98555,1.27708,2.73221,2.20585,2.91142,1.17393,-2.16636
2011-12-15,2.48648,2.33143,3.02666,1.79168,3.89172,2.76947,3.99887,1.30013,3.45046,2.72239,3.5512,1.36815,3.5219,2.96722,3.53924,1.51392,3.23702,2.40709,3.44762,1.28613,-0.52864
2011-12-16,2.48648,2.33143,3.02666,1.79168,3.79302,2.69923,3.89745,1.26716,3.32618,2.62815,3.42114,1.32028,3.19093,2.68838,3.20664,1.37165,2.84945,2.25607,3.06275,1.20534,-0.35801
2011-12-19,2.48648,2.33143,3.02666,1.79168,3.68683,2.62366,3.78833,1.23168,3.20175,2.52976,3.29316,1.27104,3.18023,2.67937,3.19589,1.36705,2.70424,2.19336,2.87168,1.16569,0.19959
2011-12-20,2.48648,2.33143,3.02666,1.79168,3.57751,2.54586,3.676,1.19516,3.0773,2.43134,3.16516,1.22179,2.9399,2.47689,2.95438,1.26374,2.64751,2.16735,2.78601,1.14792,1.22832
2011-12-21,2.48648,2.33143,3.02666,1.79168,3.58354,2.55016,3.6822,1.19717,3.09166,2.44269,3.17993,1.22747,3.09194,2.60498,3.10716,1.32909,2.66789,2.1768,2.81761,1.15447,0.58209
2011-12-22,2.48648,2.33143,3.02666,1.79168,3.50049,2.49105,3.59686,1.16943,3.00132,2.37126,3.08703,1.19172,2.75977,2.32512,2.77335,1.18631,2.64152,2.16454,2.77655,1.14596,0.46557
2011-12-23,2.48648,2.33143,3.02666,1.79168,3.41097,2.42735,3.50488,1.13952,2.90688,2.29658,2.9899,1.15435,2.74312,2.3111,2.75663,1.17916,2.6284,2.15837,2.75553,1.14159,-0.8108
2011-12-27,2.48648,2.33143,3.02666,1.79168,3.36007,2.39113,3.45258,1.12252,2.8643,2.2629,2.9461,1.13749,2.79976,2.35882,2.81355,1.2035,2.63734,2.16259,2.7699,1.14458,1.79731
2011-12-28,2.48648,2.33143,3.02666,1.79168,3.51416,2.50078,3.61091,1.17399,3.05873,2.41666,3.14607,1.21444,3.12985,2.63692,3.14526,1.34539,2.74716,2.21244,2.93204,1.1782,-0.67697
2011-12-29,2.48648,2.33143,3.02666,1.79168,3.44307,2.45019,3.53786,1.15024,2.9842,2.35772,3.06942,1.18494,2.864,2.41294,2.8781,1.23111,2.68339,2.18391,2.841,1.15933,-0.05395
2011-12-30,2.48648,2.33143,3.02666,1.79168,3.33841,2.37571,3.43032,1.11528,2.87185,2.26888,2.95387,1.14048,2.74208,2.31022,2.75558,1.1787,2.63992,2.1638,2.77401,1.14543,-1.11957
2012-01-03,2.48648,2.33143,3.02666,1.79168,3.33918,2.37626,3.43112,1.11554,2.88975,2.28303,2.97228,1.14757,2.80321,2.36173,2.81702,1.20499,2.66363,2.17484,2.81108,1.15312,1.30475
2012-01-04,2.48648,2.33143,3.02666,1.79168,3.37585,2.40235,3.46879,1.12779,2.94291,2.32507,3.02696,1.16861,2.89517,2.4392,2.90943,1.24451,2.68598,2.18509,2.84486,1.16013,-0.46412
2012-01-05,2.48648,2.33143,3.02666,1.79168,3.29065,2.34172,3.38124,1.09932,2.85457,2.25521,2.9361,1.13365,2.60466,2.19444,2.61748,1.11963,2.6485,2.16781,2.78757,1.14824,-1.15382
2012-01-06,2.48648,2.33143,3.02666,1.79168,3.30066,2.34885,3.39153,1.10267,2.88181,2.27675,2.96411,1.14442,2.76185,2.32687,2.77545,1.1872,2.67219,2.17878,2.82415,1.15583,-0.2795
2012-01-09,2.48648,2.33143,3.02666,1.79168,3.20667,2.28196,3.29495,1.07127,2.78445,2.19976,2.86398,1.1059,2.66028,2.24131,2.67338,1.14355,2.63864,2.16319,2.77197,1.14501,0.42653
2012-01-10,2.48648,2.33143,3.02666,1.79168,3.12467,2.22361,3.21069,1.04387,2.70333,2.13562,2.78056,1.07379,2.6054,2.19507,2.61823,1.11995,2.6266,2.15752,2.7526,1.14099,0.64909
2012-01-11,2.48648,2.33143,3.02666,1.79168,3.06663,2.18231,3.15106,1.02449,2.65278,2.09564,2.72856,1.05379,2.55673,2.15406,2.56932,1.09903,2.62664,2.15753,2.75266,1.141,-1.64514
2012-01-12,2.48648,2.33143,3.02666,1.79168,3.20858,2.28332,3.29692,1.07191,2.83959,2.24337,2.92069,1.12772,2.92011,2.46021,2.93449,1.25523,2.72562,2.20293,2.9022,1.17202,-2.19374
2012-01-13,2.48648,2.33143,3.02666,1.79168,3.50208,2.49218,3.59849,1.16996,3.18349,2.51532,3.27438,1.26381,3.31153,2.78999,3.32784,1.42349,3.25333,2.41329,3.46148,1.28908,0.23437
2012-01-17,2.48648,2.33143,3.02666,1.79168,3.39973,2.41935,3.49333,1.13577,3.06157,2.4189,3.14899,1.21556,2.90166,2.44467,2.91595,1.2473,2.82059,2.24401,3.02759,1.19803,-0.63223
2012-01-18,2.48648,2.33143,3.02666,1.79168,3.3286,2.36873,3.42024,1.112,2.98138,2.35549,3.06652,1.18383,2.93573,2.47338,2.95019,1.26195,2.71013,2.19601,2.88016,1.16745,-0.07655
2012-01-19,2.48648,2.33143,3.02666,1.79168,3.22769,2.29692,3.31655,1.07829,2.864,2.26422,2.94521,1.13648,2.80025,2.35923,2.81404,1.20371,2.66679,2.19931,2.78051,1.15266,-1.38787
2012-01-20,2.48648,2.33143,3.02666,1.79168,3.29066,2.34173,3.38125,1.09933,2.94276,2.32652,3.02619,1.16766,2.93835,2.47558,2.95282,1.26308,2.70336,2.21671,2.83879,1.1649,-2.2213
2012-01-23,2.48648,2.33143,3.02666,1.79168,3.58209,2.54912,3.6807,1.19669,3.2671,2.58309,3.35971,1.29607,3.23663,2.72688,3.25257,1.39129,3.0266,2.35621,3.24797,1.25104,2.24496
2012-01-24,2.48648,2.33143,3.02666,1.79168,3.84329,2.735,3.9491,1.28395,3.53634,2.79608,3.63657,1.40266,3.53211,2.97583,3.5495,1.51831,3.76146,2.65883,3.87738,1.38883,2.12664
2012-01-25,2.48648,2.33143,3.02666,1.79168,4.03931,2.87449,4.15052,1.34943,3.72496,2.94529,3.83052,1.47733,3.70864,3.12456,3.7269,1.59419,4.46029,3.12456,4.48496,1.54157,0.27038
2012-01-26,2.48648,2.33143,3.02666,1.79168,3.92127,2.79049,4.02923,1.31,3.57114,2.82361,3.67235,1.41643,3.41842,2.88004,3.43525,1.46944,3.41358,2.508,3.59892,1.32649,0.79928
2012-01-27,2.48648,2.33143,3.02666,1.79168,3.84672,2.73744,3.95262,1.28509,3.47031,2.74384,3.56866,1.37651,3.40438,2.86821,3.42114,1.4634,2.96383,2.33074,3.18025,1.23671,-1.31035
2012-01-30,2.48648,2.33143,3.02666,1.79168,3.85129,2.7407,3.95732,1.28662,3.46322,2.73824,3.56138,1.37371,3.34589,2.81893,3.36236,1.43826,2.9028,2.30536,3.10987,1.22186,0.85521
2012-01-31,2.48648,2.33143,3.02666,1.79168,3.78625,2.69441,3.89049,1.26489,3.37798,2.6708,3.47372,1.33996,3.03407,2.55622,3.04901,1.30422,2.76928,2.24712,2.93647,1.18541,-1.99639
2012-02-01,2.48648,2.33143,3.02666,1.79168,3.95199,2.81235,4.06079,1.32026,3.55483,2.8107,3.65558,1.40998,3.29417,2.77536,3.31039,1.41603,3.01403,2.35116,3.23475,1.24823,-2.69937
2012-02-02,2.69937,2.334,3.08798,1.79168,4.31259,3.06897,4.43132,1.44073,3.93651,3.11264,4.04806,1.56108,3.90025,3.28598,3.91945,1.67655,4.77129,3.43225,4.78684,1.63331,-0.64264
2012-02-03,2.69937,2.334,3.08798,1.79168,4.20768,2.99431,4.32352,1.40568,3.79397,2.99988,3.90148,1.50465,3.44661,2.90379,3.46358,1.48155,3.86736,2.71214,3.96307,1.4087,1.47366
2012-02-06,2.69937,2.334,3.08798,1.79168,4.22017,3.0032,4.33635,1.40985,3.78485,2.99267,3.89211,1.50104,3.58817,3.02306,3.60584,1.54241,3.63475,2.60037,3.77631,1.36585,-0.48656
2012-02-07,2.69937,2.334,3.08798,1.79168,4.10713,2.92275,4.2202,1.37209,3.6399,2.878,3.74305,1.44365,3.43899,2.89737,3.45592,1.47828,3.00436,2.34725,3.22448,1.24606,1.97846
2012-02-08,2.69937,2.33143,3.08756,1.79168,3.94425,2.95737,4.14125,1.41581,3.77093,2.98166,3.8778,1.49553,3.70565,3.12203,3.7239,1.5929,3.32904,2.47464,3.52871,1.31118,-1.09546
2012-02-09,2.69937,2.33143,3.08756,1.79168,3.89648,2.92154,4.09108,1.39866,3.69739,2.92348,3.80218,1.46642,3.2714,2.75617,3.2875,1.40624,3.03898,2.36117,3.26083,1.25376,0.48789
2012-02-10,2.69937,2.33143,3.08756,1.79168,3.79242,2.84352,3.98182,1.36131,3.55747,2.81279,3.65829,1.41102,3.19475,2.6916,3.21048,1.37329,2.78942,2.25617,2.96457,1.19131,-0.44371
2012-02-13,2.69937,2.33143,3.08756,1.79168,3.68933,2.76623,3.87359,1.32431,3.42485,2.70788,3.52192,1.35852,3.09247,2.60543,3.1077,1.32932,2.70301,2.21655,2.83825,1.16479,-0.15696
2012-02-14,2.69937,2.33143,3.08756,1.79168,3.57854,2.68316,3.75727,1.28454,3.28715,2.59895,3.38033,1.304,3.03166,2.5542,3.04659,1.30318,2.66532,2.1986,2.7781,1.15216,0.92454
2012-02-15,2.69937,2.33143,3.08756,1.79168,3.52642,2.64408,3.70254,1.26583,3.22638,2.55088,3.31783,1.27994,2.88162,2.42778,2.89581,1.23869,2.66614,2.199,2.77943,1.15244,0.68868
2012-02-16,2.69937,2.33143,3.08756,1.79168,3.45114,2.58763,3.6235,1.23881,3.1391,2.48183,3.22808,1.24539,2.81785,2.37406,2.83172,1.21128,2.65881,2.19546,2.76737,1.1499,-0.59446
2012-02-17,2.69937,2.33143,3.08756,1.79168,3.3705,2.52717,3.53884,1.20986,3.03572,2.40443,3.11912,1.20734,2.81302,2.36999,2.82687,1.2092,2.65525,2.19374,2.76146,1.14866,2.54764
2012-02-21,2.69937,2.33143,3.08756,1.79168,3.70149,2.77534,3.88635,1.32867,3.46737,2.74654,3.5626,1.37858,3.64132,3.06784,3.65925,1.56525,3.07082,2.37385,3.29322,1.26064,0.856
2012-02-22,2.69937,2.33143,3.08756,1.79168,3.63595,2.72621,3.81755,1.30515,3.37934,2.67677,3.47215,1.34366,3.26743,2.75284,3.28352,1.40453,2.83862,2.27787,3.03017,1.20509,-0.69247
2012-02-23,2.69937,2.33143,3.08756,1.79168,3.55672,2.6668,3.73435,1.27671,3.27971,2.5978,3.36979,1.30413,3.1727,2.67302,3.18832,1.36381,2.73518,2.23154,2.88706,1.17504,1.15668
2012-02-24,2.69937,2.33143,3.08756,1.79168,3.53755,2.65242,3.71423,1.26982,3.25789,2.58051,3.34737,1.29548,3.22781,2.71945,3.2437,1.3875,2.71792,2.22353,2.86116,1.1696,0.08894
2012-02-27,2.69937,2.33143,3.08756,1.79168,3.43032,2.57202,3.60164,1.23133,3.12617,2.47612,3.21205,1.24323,3.0509,2.57041,3.06592,1.31146,2.66989,2.2008,2.78557,1.15373,-1.20642
2012-02-28,2.69937,2.33143,3.08756,1.79168,3.42619,2.56893,3.59731,1.22985,3.13338,2.48183,3.21945,1.24609,2.9268,2.46585,2.94121,1.25811,2.68917,2.21001,2.81655,1.16023,-1.47172
2012-02-29,2.69937,2.33143,3.08756,1.79168,3.47031,2.60201,3.64363,1.24569,3.20101,2.53544,3.28894,1.27292,3.07667,2.59211,3.09182,1.32253,2.73212,2.23013,2.88252,1.17408,0.59068
2012-03-01,2.69937,2.33143,3.08756,1.79168,3.38865,2.54078,3.55789,1.21638,3.10249,2.45735,3.18772,1.23383,2.90839,2.45033,2.92271,1.25019,2.68324,2.20719,2.8071,1.15825,0.16492
2012-03-02,2.69937,2.33143,3.08756,1.79168,3.28734,2.46482,3.45153,1.18001,2.98312,2.36274,3.06508,1.18648,2.80146,2.36025,2.81526,1.20423,2.6576,2.19487,2.76536,1.14948,-1.70431
2012-03-05,2.69937,2.33143,3.08756,1.79168,3.39276,2.54386,3.56221,1.21785,3.13492,2.48305,3.22103,1.2467,3.16064,2.66286,3.1762,1.35863,2.73753,2.23262,2.89055,1.17577,-0.87481
2012-03-06,2.69937,2.33143,3.08756,1.79168,3.34313,2.50665,3.5101,1.20004,3.08049,2.43991,3.16511,1.2251,2.86786,2.41619,2.88198,1.23277,2.70287,2.21648,2.83803,1.16474,-0.71512
2012-03-07,2.69937,2.33143,3.08756,1.79168,3.27782,2.45768,3.44153,1.17659,3.00794,2.38241,3.09058,1.19632,2.75841,2.32398,2.77199,1.18572,2.67833,2.20485,2.79924,1.1566,-0.02777
2012-03-08,2.69937,2.33143,3.08756,1.79168,3.17802,2.38285,3.33674,1.14077,2.89304,2.29134,2.97253,1.15074,2.66074,2.24169,2.67384,1.14374,2.65558,2.1939,2.762,1.14877,-0.28569
2012-03-09,2.69937,2.33143,3.08756,1.79168,3.08737,2.31488,3.24156,1.10823,2.79454,2.21328,2.87133,1.11167,2.66851,2.24823,2.68164,1.14708,2.64878,2.19059,2.75063,1.14638,-0.00665
2012-03-12,2.69937,2.33143,3.08756,1.79168,2.99332,2.24436,3.14281,1.07447,2.69479,2.13422,2.76885,1.0721,2.42172,2.04032,2.43365,1.041,2.6446,2.18856,2.74358,1.1449,-0.78787
2012-03-13,2.69937,2.33143,3.08756,1.79168,2.95151,2.21301,3.09892,1.05946,2.66754,2.11262,2.74085,1.06129,2.46221,2.07443,2.47433,1.0584,2.654,2.19313,2.75938,1.14822,-0.23204
2012-03-14,2.69937,2.33143,3.08756,1.79168,2.86597,2.14888,3.00911,1.02876,2.58316,2.04574,2.65416,1.02782,2.37519,2.00111,2.38688,1.02099,2.64766,2.19005,2.74875,1.14599,-0.57325
2012-03-15,2.69937,2.33143,3.08756,1.79168,2.80606,2.10396,2.94621,1.00725,2.53546,2.00794,2.60515,1.00889,2.42519,2.04324,2.43713,1.04249,2.65001,2.19119,2.75269,1.14682,-0.18687
2012-03-16,2.69937,2.33143,3.08756,1.79168,2.72356,2.0421,2.85959,0.97764,2.45918,1.94748,2.52678,0.97863,2.39385,2.01683,2.40563,1.02902,2.64579,2.18914,2.7456,1.14533,-0.14527
2012-03-19,2.69937,2.33143,3.08756,1.79168,2.64245,1.98129,2.77443,0.94852,2.38727,1.89049,2.4529,0.95011,2.37906,2.00437,2.39077,1.02266,2.64394,2.18823,2.74247,1.14467,1.9782
2012-03-20,2.69937,2.33143,3.08756,1.79168,2.89583,2.17127,3.04046,1.03948,2.73641,2.16739,2.81187,1.08666,2.95453,2.48921,2.96907,1.27003,2.75818,2.24208,2.92065,1.18209,-0.25637
2012-03-21,2.69937,2.33143,3.08756,1.79168,2.81306,2.10921,2.95356,1.00977,2.64887,2.09803,2.72193,1.05195,2.62841,2.21446,2.64136,1.12985,2.68666,2.20882,2.81256,1.1594,0.88982
2012-03-22,2.69937,2.33143,3.08756,1.79168,2.79414,2.09502,2.93369,1.00297,2.6419,2.09251,2.71476,1.04918,2.62777,2.21391,2.64071,1.12957,2.67501,2.20326,2.79387,1.15547,-0.82799
2012-03-23,2.69937,2.33143,3.08756,1.79168,2.76731,2.07491,2.90552,0.99334,2.62611,2.07999,2.69853,1.04292,2.65517,2.237,2.66824,1.14135,2.67008,2.20089,2.78588,1.15379,-1.2344
2012-03-26,2.69937,2.33143,3.08756,1.79168,2.81213,2.10851,2.95258,1.00943,2.69694,2.13611,2.77131,1.07101,2.8265,2.38134,2.84041,1.21499,2.69153,2.21113,2.82028,1.16102,1.25984
2012-03-27,2.69937,2.33143,3.08756,1.79168,2.85879,2.1435,3.00157,1.02618,2.76317,2.18859,2.83937,1.09727,2.70748,2.28107,2.72082,1.16383,2.70112,2.21566,2.83531,1.16417,-0.57425
2012-03-28,2.69937,2.33143,3.08756,1.79168,2.79927,2.09887,2.93907,1.00481,2.70023,2.13873,2.7747,1.07231,2.61728,2.20508,2.63017,1.12506,2.67256,2.20208,2.78991,1.15464,-1.20533
2012-03-29,2.69937,2.33143,3.08756,1.79168,2.83589,2.12632,2.97752,1.01796,2.75476,2.18193,2.83073,1.09394,2.75262,2.3191,2.76617,1.18323,2.69083,2.2108,2.81917,1.16078,-1.36687
2012-03-30,2.69937,2.33143,3.08756,1.79168,2.9034,2.17694,3.04841,1.04219,2.84231,2.2513,2.92069,1.12866,2.84723,2.39881,2.86125,1.22391,2.71963,2.22433,2.86375,1.17014,-0.1673
2012-04-02,2.69937,2.33143,3.08756,1.79168,2.81726,2.11236,2.95797,1.01127,2.74314,2.17272,2.81879,1.08933,2.60045,2.1909,2.61326,1.11783,2.67148,2.20156,2.78815,1.15427,-0.6313
2012-04-03,2.69937,2.33143,3.08756,1.79168,2.7652,2.07332,2.90331,0.99259,2.6888,2.12967,2.76296,1.06778,2.56996,2.16521,2.58262,1.10472,2.66167,2.19684,2.77209,1.15089,0.21355
2012-04-04,2.69937,2.33143,3.08756,1.79168,2.68492,2.01313,2.81902,0.96377,2.60243,2.06124,2.6742,1.03353,2.47183,2.08254,2.484,1.06254,2.64987,2.19112,2.75245,1.14677,0.63077
2012-04-05,2.69937,2.33143,3.08756,1.79168,2.63847,1.9783,2.77025,0.9471,2.55948,2.0272,2.63007,1.01649,2.43346,2.05021,2.44545,1.04604,2.65054,2.19145,2.75358,1.147,-0.21386
2012-04-09,2.69937,2.33143,3.08756,1.79168,2.56225,1.92116,2.69022,0.91974,2.48331,1.96685,2.5518,0.98629,2.2719,1.91409,2.28309,0.9766,2.64619,2.18933,2.74627,1.14547,-0.28036
2012-04-10,2.69937,2.33143,3.08756,1.79168,2.49155,1.86814,2.61599,0.89436,2.41679,1.91414,2.48345,0.95991,2.28012,1.92102,2.29135,0.98013,2.6451,2.1888,2.74442,1.14508,-0.30721
2012-04-11,2.69937,2.33143,3.08756,1.79168,2.42473,1.81804,2.54583,0.87037,2.35746,1.86714,2.42249,0.93638,2.26156,1.90538,2.2727,0.97215,2.64494,2.18872,2.74415,1.14502,0.06
2012-04-12,2.69937,2.33143,3.08756,1.79168,2.35122,1.76292,2.46865,0.84398,2.29214,1.81538,2.35537,0.91048,2.24937,1.89511,2.26045,0.96691,2.64314,2.18784,2.74111,1.14438,-0.05512
2012-04-13,2.69937,2.33143,3.08756,1.79168,2.2799,1.70945,2.39377,0.81838,2.23208,1.76779,2.29365,0.88666,2.21054,1.8624,2.22143,0.95022,2.64259,2.18757,2.74016,1.14418,-0.42024
2012-04-16,2.69937,2.33143,3.08756,1.79168,2.22897,1.67126,2.34029,0.8001,2.19852,1.7412,2.25917,0.87335,2.2401,1.8873,2.25113,0.96293,2.6453,2.1889,2.74476,1.14515,0.66794
2012-04-17,2.69937,2.33143,3.08756,1.79168,2.20861,1.656,2.31892,0.79279,2.20016,1.7425,2.26085,0.874,2.29483,1.93341,2.30613,0.98645,2.64935,2.19087,2.75158,1.14658,0.94279
2012-04-18,2.69937,2.33143,3.08756,1.79168,2.23589,1.67645,2.34756,0.80259,2.25468,1.7857,2.31687,0.89562,2.40587,2.02696,2.41772,1.03418,2.65889,2.1955,2.76749,1.14993,-0.54766
2012-04-19,2.69937,2.33143,3.08756,1.79168,2.19975,1.64935,2.30961,0.78961,2.20806,1.75066,2.26837,0.87547,2.35471,1.98386,2.3663,1.01219,2.65423,2.19324,2.75975,1.1483,-0.79393
2012-04-20,2.69937,2.33143,3.08756,1.79168,2.20047,1.6499,2.31037,0.78987,2.22926,1.76746,2.29014,0.88387,2.36849,1.99547,2.38016,1.01812,2.65881,2.19546,2.76736,1.1499,-0.05012
2012-04-23,2.69937,2.33143,3.08756,1.79168,2.13371,1.59984,2.24028,0.76591,2.17059,1.72095,2.22987,0.8606,2.293,1.93187,2.30429,0.98566,2.64843,2.19042,2.75004,1.14626,0.82774
2012-04-24,2.69937,2.33143,3.08756,1.79168,2.14444,1.60788,2.25154,0.76976,2.20355,1.74708,2.26373,0.87367,2.37501,2.00096,2.3867,1.02092,2.6547,2.19347,2.76054,1.14847,1.03128
2012-04-25,2.69937,2.33143,3.08756,1.79168,2.19498,1.64578,2.30461,0.7879,2.27858,1.80655,2.34081,0.90344,2.42964,2.04699,2.44161,1.0444,2.6652,2.19855,2.7779,1.15212,0.61606
2012-04-26,2.69937,2.33143,3.08756,1.79168,2.16924,1.62648,2.27758,0.77866,2.26224,1.7936,2.32402,0.89696,2.34734,1.97765,2.3589,1.00902,2.65668,2.19443,2.76382,1.14916,1.38668
2012-04-27,2.69937,2.33143,3.08756,1.79168,2.30622,1.72919,2.4214,0.82783,2.42838,1.9253,2.4947,0.96288,2.57965,2.17338,2.59236,1.10889,2.68835,2.20962,2.81524,1.15996,-0.44549
2012-04-30,2.69937,2.33143,3.08756,1.79168,2.25654,1.69193,2.36924,0.81,2.37643,1.88412,2.44133,0.94227,2.42848,2.04601,2.44044,1.0439,2.66407,2.198,2.77604,1.15172,0.75818
2012-05-01,2.69937,2.33143,3.08756,1.79168,2.24814,1.68563,2.36042,0.80698,2.37322,1.88157,2.43803,0.94099,2.44225,2.05761,2.45427,1.04982,2.65982,2.19595,2.76904,1.15025,2.68034
2012-05-02,2.69937,2.33143,3.08756,1.79168,2.8454,2.13345,2.98751,1.02137,3.03932,2.40959,3.12234,1.20528,3.37298,2.84176,3.38959,1.4499,3.25232,2.44476,3.46274,1.29691,0.20324
2012-05-03,2.69937,2.33143,3.08756,1.79168,2.7622,2.07107,2.90015,0.99151,2.92403,2.3182,3.0039,1.15954,2.81734,2.37363,2.83121,1.21106,2.84292,2.27974,3.03571,1.20626,-1.14138
2012-05-04,2.69937,2.33143,3.08756,1.79168,2.78901,2.09118,2.92831,1.00113,2.93647,2.32806,3.01668,1.16447,2.90081,2.44396,2.9151,1.24694,2.78768,2.2554,2.96218,1.19081,-0.95837
2012-05-07,2.69937,2.33143,3.08756,1.79168,2.78201,2.08593,2.92095,0.99862,2.91173,2.30845,2.99126,1.15466,2.92058,2.46061,2.93496,1.25543,2.73442,2.23119,2.88593,1.1748,-0.31983
2012-05-08,2.69937,2.33143,3.08756,1.79168,2.70607,2.02899,2.84123,0.97136,2.81129,2.22884,2.88808,1.11481,2.82468,2.37981,2.83859,1.21421,2.67915,2.20524,2.80056,1.15687,-0.43487
2012-05-09,2.69937,2.33143,3.08756,1.79168,2.64036,1.97972,2.77223,0.94778,2.72702,2.16203,2.8015,1.08137,2.42797,2.04558,2.43993,1.04368,2.6602,2.19613,2.76966,1.15038,0.50225
2012-05-10,2.69937,2.33143,3.08756,1.79168,2.58277,1.93654,2.71176,0.9271,2.65619,2.10589,2.72874,1.05327,2.45027,2.06437,2.46234,1.05327,2.65245,2.19238,2.75679,1.14768,0.07676
2012-05-11,2.69937,2.33143,3.08756,1.79168,2.50464,1.87795,2.62973,0.89905,2.56493,2.03354,2.63498,1.01706,2.34202,1.97317,2.35355,1.00674,2.64596,2.18922,2.74588,1.14538,-0.50296
2012-05-14,2.69937,2.33143,3.08756,1.79168,2.45247,1.83884,2.57496,0.88033,2.50737,1.98792,2.57585,0.99422,2.32778,1.96117,2.33924,1.00062,2.64797,2.1902,2.74926,1.14609,0.13548
2012-05-15,2.69937,2.33143,3.08756,1.79168,2.37955,1.78417,2.4984,0.85416,2.4287,1.92555,2.49503,0.963,2.29883,1.93678,2.31015,0.98817,2.6444,2.18846,2.74324,1.14483,-0.86046
2012-05-16,2.69937,2.33143,3.08756,1.79168,2.38061,1.78496,2.49951,0.85454,2.43815,1.93304,2.50474,0.96676,2.41632,2.03576,2.42821,1.03867,2.65624,2.19421,2.76309,1.149,0.98639
2012-05-17,2.48648,2.29304,2.42882,1.79168,2.07404,1.76623,1.98984,0.86301,2.47308,1.96073,2.54062,0.98061,2.49248,2.09993,2.50475,1.07141,2.66408,2.19801,2.77606,1.15173,0.97684
2012-05-18,2.48648,2.29304,2.42882,1.79168,2.09147,1.78106,2.00655,0.87026,2.49837,1.98002,2.56654,0.99296,2.54194,2.1416,2.55445,1.09267,2.6677,2.19975,2.78199,1.15298,-0.64304
2012-05-21,2.48648,2.29304,2.42882,1.79168,2.06278,1.75664,1.97903,0.85833,2.46568,1.95411,2.53296,0.97999,2.50367,2.10936,2.516,1.07622,2.66035,2.1962,2.76991,1.15044,0.74069
2012-05-22,2.48648,2.29304,2.42882,1.79168,2.04692,1.74313,1.96381,0.85173,2.44965,1.9414,2.5165,0.97363,2.5468,2.1457,2.55934,1.09477,2.65767,2.19491,2.76548,1.1495,-1.26081
2012-05-23,2.48648,2.29304,2.42882,1.79168,2.11881,1.80435,2.03279,0.88164,2.54834,2.01965,2.61788,1.0128,2.71418,2.28672,2.72755,1.16671,2.68517,2.20811,2.8102,1.1589,0.03069
2012-05-24,2.48648,2.29304,2.42882,1.79168,2.05434,1.74945,1.97094,0.85482,2.46627,1.95458,2.53357,0.98022,2.50423,2.10983,2.51656,1.07646,2.658,2.19507,2.76602,1.14962,1.03899
2012-05-25,2.48648,2.29304,2.42882,1.79168,2.08355,1.77433,1.99896,0.86697,2.50711,1.98695,2.57552,0.99643,2.61021,2.19912,2.62306,1.12202,2.66731,2.19956,2.78136,1.15284,-0.93883
2012-05-29,2.48648,2.29304,2.42882,1.79168,2.09432,1.78349,2.00929,0.87145,2.52383,2.00021,2.5927,1.00307,2.6281,2.21419,2.64104,1.12971,2.67117,2.20142,2.78766,1.15417,-0.45341
2012-05-30,2.48648,2.29304,2.42882,1.79168,2.04798,1.74403,1.96483,0.85217,2.46624,1.95455,2.53354,0.98021,2.5179,2.12135,2.5303,1.08234,2.65737,2.19476,2.76497,1.1494,-1.87079
2012-05-31,2.48648,2.29304,2.42882,1.79168,2.27055,1.97347,2.20179,0.94478,2.75489,2.18341,2.83006,1.09476,2.95655,2.49092,2.97111,1.2709,2.77146,2.2481,2.93954,1.18605,-1.24874
2012-06-01,2.48648,2.29304,2.42882,1.79168,2.32087,2.01721,2.25059,0.96572,2.81082,2.22775,2.88751,1.11696,2.89789,2.44149,2.91216,1.24568,2.76063,2.24319,2.92415,1.18282,-1.74544
2012-06-04,2.48648,2.29304,2.42882,1.79168,2.47366,2.15001,2.39875,1.0293,2.99593,2.37451,3.07766,1.19042,3.05545,2.57423,3.07049,1.31341,2.87232,2.29241,3.0728,1.21406,1.58737
2012-06-05,2.48648,2.29304,2.42882,1.79168,2.57392,2.23715,2.49597,1.07101,3.1054,2.46131,3.19012,1.23386,3.13106,2.63794,3.14648,1.34591,2.90084,2.30453,3.10752,1.22137,0.73596
2012-06-06,2.48648,2.29304,2.42882,1.79168,2.53283,2.20144,2.45613,1.05392,3.03132,2.40257,3.11402,1.20446,2.98653,2.51618,3.00124,1.28379,2.75763,2.24183,2.91985,1.18192,0.01704
2012-06-07,2.48648,2.29304,2.42882,1.79168,2.45569,2.13439,2.38132,1.02182,2.91472,2.31012,2.99424,1.15819,2.74221,2.31033,2.75571,1.17876,2.68389,2.2075,2.80814,1.15847,-0.71918
2012-06-08,2.48648,2.29304,2.42882,1.79168,2.41823,2.10183,2.345,1.00623,2.85546,2.26314,2.93337,1.13467,2.73458,2.3039,2.74804,1.17548,2.66998,2.20084,2.78571,1.15376,-0.9734
2012-06-11,2.48648,2.29304,2.42882,1.79168,2.41357,2.09778,2.34047,1.00429,2.84222,2.25264,2.91976,1.12942,2.66506,2.24533,2.67818,1.1456,2.67431,2.20292,2.79275,1.15524,-1.15592
2012-06-12,2.48648,2.29304,2.42882,1.79168,2.43697,2.11812,2.36317,1.01403,2.86686,2.27218,2.94508,1.1392,2.64863,2.23149,2.66167,1.13854,2.68817,2.20953,2.81496,1.1599,0.41279
2012-06-13,2.48648,2.29304,2.42882,1.79168,2.37519,2.06442,2.30326,0.98832,2.77779,2.20156,2.85358,1.10385,2.52448,2.12689,2.53691,1.08517,2.66197,2.19699,2.77258,1.151,-0.53988
2012-06-14,2.48648,2.29304,2.42882,1.79168,2.32466,2.0205,2.25426,0.9673,2.70819,2.14638,2.78209,1.07623,2.55374,2.15155,2.56632,1.09775,2.65535,2.19379,2.76163,1.14869,1.21178
2012-06-15,2.48648,2.29304,2.42882,1.79168,2.36404,2.05472,2.29244,0.98368,2.75929,2.1869,2.83458,1.09651,2.73584,2.30497,2.74931,1.17602,2.67497,2.20324,2.79382,1.15546,2.67291
2012-06-18,2.48648,2.29304,2.42882,1.79168,2.78014,2.41638,2.69594,1.15682,3.29985,2.61547,3.38986,1.31103,3.54559,2.98718,3.56305,1.5241,3.33356,2.47641,3.53253,1.31201,0.13847
2012-06-19,2.48648,2.29304,2.42882,1.79168,2.69668,2.34384,2.61501,1.12209,3.17122,2.51783,3.25553,1.2606,2.95967,2.49354,2.97425,1.27224,2.86602,2.28971,3.06496,1.21241,1.88534
2012-06-20,2.48648,2.29304,2.42882,1.79168,2.84034,2.46871,2.75432,1.18187,3.3417,2.6532,3.43055,1.32837,3.41446,2.87671,3.43127,1.46773,3.04215,2.36244,3.2641,1.25446,-1.21679
2012-06-21,2.48648,2.29304,2.42882,1.79168,2.84544,2.47314,2.75927,1.184,3.32545,2.64029,3.41386,1.32191,3.33905,2.81317,3.35549,1.43532,2.92258,2.31366,3.13321,1.22678,-1.95247
2012-06-22,2.48648,2.29304,2.42882,1.79168,2.98861,2.59758,2.8981,1.24357,3.49318,2.77347,3.58606,1.38858,3.6371,3.06428,3.65501,1.56344,3.25377,2.44533,3.46402,1.29718,1.11292
2012-06-25,2.48648,2.29304,2.42882,1.79168,2.97071,2.58202,2.88074,1.23612,3.44318,2.73377,3.53473,1.3687,3.19393,2.69091,3.20966,1.37294,2.97832,2.33667,3.19628,1.24009,1.78925
2012-06-26,2.48648,2.29304,2.42882,1.79168,3.06676,2.6655,2.97388,1.27609,3.54811,2.81708,3.64245,1.41041,3.51559,2.96191,3.53291,1.51121,3.11614,2.39173,3.33778,1.27013,-0.05461
2012-06-27,2.48648,2.29304,2.42882,1.79168,2.97351,2.58445,2.88345,1.23728,3.39776,2.6977,3.4881,1.35065,3.11404,2.6236,3.12937,1.33859,2.79999,2.26089,2.97903,1.19435,1.64181
2012-06-28,2.48648,2.29304,2.42882,1.79168,3.04062,2.64278,2.94853,1.26521,3.47015,2.75518,3.56241,1.37942,3.38751,2.854,3.40419,1.45615,2.85304,2.28412,3.04864,1.20897,-1.82861
2012-06-29,2.48648,2.29304,2.42882,1.79168,3.13837,2.72775,3.04333,1.30588,3.58234,2.84426,3.67759,1.42401,3.4502,2.90682,3.46719,1.4831,3.03783,2.36072,3.25965,1.25351,3.22124
2012-07-02,2.48648,2.29304,2.42882,1.79168,3.58528,3.11618,3.4767,1.49184,4.15702,3.30055,4.26754,1.65243,4.30708,3.62874,4.32829,1.85143,5.59373,4.38664,5.61606,1.99207,-1.16203
2012-07-03,2.48648,2.29304,2.42882,1.79168,3.54273,3.07919,3.43543,1.47414,4.0572,3.22129,4.16507,1.61275,3.71129,3.12679,3.72957,1.59533,5.20338,3.92471,5.22072,1.79703,1.64914
2012-07-05,2.48648,2.29304,2.42882,1.79168,3.56936,3.10234,3.46126,1.48522,4.05641,3.22066,4.16426,1.61244,3.90006,3.28582,3.91926,1.67647,5.13351,3.84262,5.15009,1.76722,0.30717
2012-07-06,2.48648,2.29304,2.42882,1.79168,3.46534,3.01194,3.36039,1.44194,3.87975,3.0804,3.98291,1.54222,3.60393,3.03633,3.62167,1.54918,4.13293,2.86967,4.18699,1.46279,-0.47942
2012-07-09,2.48648,2.29304,2.42882,1.79168,3.37161,2.93046,3.2695,1.40293,3.72427,2.95695,3.82329,1.48043,3.47487,2.9276,3.49198,1.4937,3.24651,2.44251,3.45764,1.29581,-0.71649
2012-07-10,2.48648,2.29304,2.42882,1.79168,3.29599,2.86474,3.19617,1.37147,3.60043,2.85862,3.69615,1.4312,3.0402,2.56139,3.05517,1.30685,2.89747,2.3031,3.10347,1.22052,-0.25509
2012-07-11,2.48648,2.29304,2.42882,1.79168,3.19911,2.78054,3.10222,1.33116,3.45146,2.74034,3.54322,1.37199,2.93319,2.47123,2.94763,1.26085,2.73513,2.23152,2.88699,1.17502,-0.15901
2012-07-12,2.48648,2.29304,2.42882,1.79168,3.10306,2.69706,3.00909,1.29119,3.30926,2.62743,3.39724,1.31547,2.772,2.33543,2.78565,1.19157,2.67699,2.2042,2.79708,1.15614,1.10514
2012-07-13,2.48648,2.29304,2.42882,1.79168,3.07807,2.67533,2.98485,1.28079,3.27515,2.60035,3.36223,1.30191,2.92808,2.46693,2.9425,1.25866,2.68119,2.20621,2.80383,1.15756,0.41038
2012-07-16,2.48648,2.29304,2.42882,1.79168,2.99406,2.60232,2.90338,1.24584,3.15685,2.50643,3.24079,1.2549,2.83997,2.39269,2.85395,1.22078,2.65925,2.19567,2.76809,1.15005,1.0235
2012-07-17,2.48648,2.29304,2.42882,1.79168,2.96472,2.57681,2.87493,1.23363,3.12286,2.47944,3.20589,1.24138,2.94991,2.48532,2.96444,1.26804,2.66726,2.19954,2.78128,1.15283,-0.91394
2012-07-18,2.48648,2.29304,2.42882,1.79168,2.92432,2.5417,2.83575,1.21682,3.07393,2.44059,3.15566,1.22194,2.96373,2.49697,2.97833,1.27399,2.66998,2.20085,2.78572,1.15376,0.13281
2012-07-19,2.48648,2.29304,2.42882,1.79168,2.83631,2.4652,2.75041,1.1802,2.93047,2.32924,3.00659,1.16818,2.78728,2.3483,2.80101,1.19814,2.642,2.19077,2.73203,1.14346,2.49231
2012-07-20,2.48648,2.29304,2.42882,1.79168,3.11681,2.70901,3.02242,1.29691,3.36751,2.67673,3.45496,1.34216,3.56416,3.00283,3.58171,1.53208,2.92578,2.31957,3.13275,1.22788,-0.13516
2012-07-23,2.48648,2.29304,2.42882,1.79168,3.02291,2.62739,2.93136,1.25784,3.22489,2.56334,3.30865,1.28539,3.0778,2.59307,3.09295,1.32302,2.73644,2.23597,2.88291,1.17523,-1.18724
2012-07-24,2.48648,2.29304,2.42882,1.79168,3.013,2.61878,2.92175,1.25372,3.2143,2.55492,3.29778,1.28117,3.19751,2.69393,3.21326,1.37448,2.72126,2.22888,2.86002,1.17041,1.27397
2012-07-25,2.48648,2.29304,2.42882,1.79168,3.01594,2.62134,2.9246,1.25494,3.2214,2.56056,3.30507,1.284,3.22104,2.71375,3.2369,1.38459,2.7132,2.22509,2.84766,1.16781,0.82635
2012-07-26,2.48648,2.29304,2.42882,1.79168,2.96425,2.57641,2.87448,1.23343,3.14697,2.50138,3.22871,1.25437,3.17691,2.67657,3.19255,1.36562,2.67815,2.20838,2.79225,1.15615,-0.72349
2012-07-27,2.48648,2.29304,2.42882,1.79168,2.90534,2.5252,2.81735,1.20892,3.06602,2.43702,3.14566,1.22214,2.83808,2.3911,2.85205,1.21997,2.66111,2.20013,2.76427,1.15026,-0.19642
2012-07-30,2.48648,2.29304,2.42882,1.79168,2.8192,2.45033,2.73382,1.17308,2.94682,2.34224,3.02336,1.17469,2.79972,2.35879,2.81351,1.20348,2.64451,2.192,2.7363,1.14436,0.08307
2012-07-31,2.48648,2.29304,2.42882,1.79168,2.73375,2.37607,2.65096,1.13752,2.83314,2.25185,2.90674,1.12944,2.67674,2.25517,2.68992,1.15062,2.63751,2.18855,2.72432,1.14184,-0.33684
2012-08-01,2.48648,2.29304,2.42882,1.79168,2.65788,2.31012,2.57738,1.10595,2.73896,2.17696,2.81011,1.09194,2.5449,2.14409,2.55743,1.09395,2.63656,2.18808,2.72267,1.14149,0.31597
2012-08-02,2.48648,2.2213,2.40488,1.79168,2.55801,2.20017,2.37291,1.07505,2.65029,2.10646,2.71914,1.05665,2.32558,1.95932,2.33703,0.99967,2.63543,2.18752,2.72073,1.14108,-1.48727
2012-08-03,2.48648,2.2213,2.40488,1.79168,2.62721,2.25969,2.4371,1.10413,2.7869,2.21509,2.8593,1.11103,2.64185,2.22577,2.65485,1.13562,2.67633,2.2075,2.78929,1.15553,-0.05116
2012-08-06,2.48648,2.19374,2.38193,1.79168,2.35024,2.18885,2.30327,1.07057,2.68482,2.13392,2.75457,1.07039,2.38895,2.01271,2.40072,1.02691,2.64944,2.19442,2.74468,1.14613,0.30604
2012-08-07,2.48648,2.19374,2.38193,1.79168,2.28458,2.1277,2.23892,1.04066,2.59984,2.06635,2.66738,1.03656,2.40329,2.02479,2.41513,1.03308,2.64033,2.18994,2.72916,1.14286,0.98256
2012-08-08,2.48648,2.19374,2.38193,1.79168,2.27713,2.12076,2.23162,1.03726,2.6144,2.07793,2.68232,1.04236,2.55033,2.14867,2.56289,1.09628,2.6489,2.19416,2.74377,1.14594,-0.55112
2012-08-09,2.48648,2.19374,2.38193,1.79168,2.22756,2.0746,2.18304,1.01468,2.55851,2.03349,2.62498,1.02011,2.49811,2.10468,2.51041,1.07383,2.64407,2.19178,2.73556,1.14421,-0.69544
2012-08-10,2.48648,2.19374,2.38193,1.79168,2.19184,2.04133,2.14803,0.99841,2.52743,2.00878,2.5931,1.00774,2.41527,2.03488,2.42716,1.03822,2.64487,2.19218,2.73693,1.1445,-0.58756
2012-08-13,2.48648,2.19374,2.38193,1.79168,2.14842,2.0009,2.10549,0.97864,2.48407,1.9743,2.54862,0.99048,2.42922,2.04663,2.44118,1.04422,2.64301,2.19126,2.73375,1.14383,-1.01136
2012-08-14,2.48648,2.19374,2.38193,1.79168,2.1528,2.00497,2.10978,0.98063,2.52016,2.00299,2.58564,1.00484,2.54604,2.14506,2.55858,1.09444,2.65395,2.19663,2.75229,1.14773,0.65214
2012-08-15,2.48648,2.19374,2.38193,1.79168,2.11647,1.97114,2.07418,0.96408,2.48524,1.97523,2.54981,0.99094,2.4621,2.07433,2.47422,1.05835,2.64676,2.19311,2.74013,1.14517,0.424
2012-08-16,2.48648,2.16636,2.36082,1.79168,2.06463,1.90031,2.01267,0.94047,2.42629,1.92836,2.48933,0.96748,2.41564,2.03519,2.42753,1.03838,2.64036,2.18996,2.72922,1.14287,0.20759
2012-08-17,2.48648,2.16636,2.36082,1.79168,2.00484,1.84528,1.95439,0.91323,2.34397,1.86287,2.40494,0.93446,2.34702,1.97738,2.35857,1.00889,2.63629,2.18795,2.72221,1.14139,-0.34364
2012-08-20,2.48648,2.16636,2.36082,1.79168,1.95253,1.79713,1.9034,0.8894,2.28944,1.81952,2.34899,0.91275,2.34149,1.97272,2.35302,1.00651,2.63614,2.18787,2.72194,1.14134,0.41348
2012-08-21,2.48648,2.16636,2.36082,1.79168,1.90606,1.75436,1.8581,0.86824,2.24565,1.7847,2.30406,0.89531,2.17378,1.83142,2.18448,0.93442,2.63605,2.18783,2.7218,1.14131,0.61058
2012-08-22,2.48648,2.16636,2.36082,1.79168,1.87693,1.72755,1.8297,0.85497,2.2309,1.77298,2.28893,0.88945,2.1985,1.85225,2.20932,0.94504,2.63841,2.18899,2.72586,1.14216,0.23209
2012-08-23,2.48648,2.16636,2.36082,1.79168,1.82403,1.67886,1.77813,0.83087,2.17793,1.73086,2.23458,0.86836,2.12841,1.7932,2.13889,0.91491,2.63566,2.18763,2.72112,1.14116,-0.79987
2012-08-24,2.48648,2.16636,2.36082,1.79168,1.82002,1.67517,1.77422,0.82904,2.20533,1.75264,2.26269,0.87927,2.21333,1.86474,2.22423,0.95142,2.64343,2.19147,2.73446,1.14398,0.31279
2012-08-27,2.48648,2.16636,2.36082,1.79168,1.77257,1.6315,1.72797,0.80743,2.16018,1.71674,2.21637,0.86129,2.14267,1.80521,2.15322,0.92104,2.63807,2.18882,2.72527,1.14204,0.22199
2012-08-28,2.48648,2.16636,2.36082,1.79168,1.72271,1.58561,1.67936,0.78472,2.11293,1.67918,2.16789,0.84249,2.11907,1.78533,2.1295,0.9109,2.63548,2.18755,2.72081,1.1411,-0.15966
2012-08-29,2.48648,2.16636,2.36082,1.79168,1.67244,1.53933,1.63035,0.76182,2.06715,1.64278,2.12093,0.82426,2.09099,1.76168,2.10129,0.89883,2.63454,2.18708,2.71919,1.14076,-1.04115
2012-08-30,2.48648,2.16636,2.36082,1.79168,1.71542,1.5789,1.67226,0.7814,2.16596,1.72134,2.2223,0.86359,2.29568,1.93412,2.30698,0.98682,2.65031,2.19485,2.74616,1.14644,0.34715
2012-08-31,2.48648,2.16636,2.36082,1.79168,1.67361,1.54041,1.63149,0.76235,2.12734,1.69064,2.18268,0.84822,2.16006,1.81987,2.1707,0.92852,2.641,2.19027,2.73031,1.1431,0.6156
2012-09-04,2.48648,2.16636,2.36082,1.79168,1.65605,1.52425,1.61437,0.75435,2.12599,1.68957,2.1813,0.84769,2.21258,1.86412,2.22348,0.9511,2.64059,2.19007,2.7296,1.14295,0.01113
2012-09-05,2.48648,2.16636,2.36082,1.79168,1.60561,1.47782,1.5652,0.73138,2.0755,1.64942,2.1295,0.82759,2.12461,1.79,2.13507,0.91328,2.63602,2.18781,2.72174,1.1413,0.91047
2012-09-06,2.48648,2.16636,2.36082,1.79168,1.63187,1.502,1.59081,0.74334,2.13857,1.69957,2.19421,0.85269,2.28355,1.92391,2.2948,0.9816,2.6446,2.19204,2.73646,1.1444,-0.32444
2012-09-07,2.48648,2.16636,2.36082,1.79168,1.59175,1.46507,1.55169,0.72506,2.10117,1.66983,2.15583,0.8378,2.14046,1.80335,2.151,0.92009,2.63923,2.1894,2.72728,1.14246,-0.43067
2012-09-10,2.48648,2.16636,2.36082,1.79168,1.56054,1.43634,1.52127,0.71085,2.0781,1.65149,2.13216,0.82862,2.13803,1.80131,2.14856,0.91905,2.63826,2.18892,2.7256,1.14211,-0.62798
2012-09-11,2.48648,2.16636,2.36082,1.79168,1.55022,1.42685,1.51121,0.70615,2.08541,1.6573,2.13966,0.83153,2.16344,1.82272,2.1741,0.92997,2.64088,2.19021,2.73011,1.14306,1.54395
2012-09-12,2.48648,2.16636,2.36082,1.79168,1.71707,1.58041,1.67386,0.78215,2.33822,1.8583,2.39903,0.93216,2.54832,2.14698,2.56087,1.09542,2.67974,2.20914,2.79481,1.15669,1.23598
2012-09-13,2.48648,2.16636,2.36082,1.79168,1.79253,1.64987,1.74742,0.81652,2.44758,1.94525,2.51124,0.9757,2.53234,2.13351,2.5448,1.08855,2.68382,2.21111,2.8014,1.15807,0.83383
2012-09-14,2.48648,2.16636,2.36082,1.79168,1.79483,1.65199,1.74967,0.81757,2.44906,1.94642,2.51276,0.97629,2.48574,2.09426,2.49798,1.06852,2.66501,2.20202,2.77073,1.15162,-0.57483
2012-09-17,2.48648,2.16636,2.36082,1.79168,1.76739,1.62673,1.72292,0.80507,2.41001,1.91538,2.4727,0.96074,2.45885,2.0716,2.47096,1.05696,2.65136,2.19537,2.74793,1.14681,-1.99741
2012-09-18,2.48648,2.16636,2.36082,1.79168,2.21391,1.88349,2.04216,0.92121,2.7783,2.20938,2.84969,1.109,3.02218,2.5462,3.03706,1.29911,2.77463,2.25353,2.93839,1.1869,-0.71733
2012-09-19,2.48648,2.16636,2.36082,1.79168,2.1876,1.86111,2.0179,0.91027,2.72565,2.1675,2.7957,1.08803,2.64462,2.22811,2.65764,1.13681,2.70344,2.22047,2.83251,1.16462,-1.02752
2012-09-20,2.39766,2.01487,2.28222,1.79168,2.0147,1.85436,1.9759,0.91773,2.7359,2.17565,2.80621,1.09211,2.67985,2.25779,2.69304,1.15195,2.68825,2.21323,2.8085,1.15957,0.43598
2012-09-21,2.39766,2.01487,2.28222,1.79168,1.96735,1.81077,1.92946,0.89615,2.65112,2.1082,2.71925,1.05833,2.57448,2.16902,2.58716,1.10666,2.65675,2.198,2.75699,1.14872,-0.15368
2012-09-24,2.39766,2.01487,2.28222,1.79168,1.9092,1.75725,1.87243,0.86967,2.55576,2.03233,2.62145,1.02035,2.53513,2.13586,2.54761,1.08975,2.64259,2.19105,2.73302,1.14367,0.49043
2012-09-25,2.39766,2.01487,2.28222,1.79168,1.86973,1.72093,1.83372,0.85169,2.49247,1.98197,2.55653,0.99513,2.32323,1.95734,2.33467,0.99866,2.63946,2.18951,2.72767,1.14254,-0.51481
2012-09-26,2.39766,2.01487,2.28222,1.79168,1.83379,1.68784,1.79847,0.83532,2.4392,1.93959,2.5019,0.97391,2.30217,1.9396,2.31351,0.98961,2.6395,2.18953,2.72773,1.14256,0.47458
2012-09-27,2.39766,2.01487,2.28222,1.79168,1.79615,1.6532,1.76155,0.81817,2.38492,1.8964,2.44622,0.95229,2.24471,1.89118,2.25576,0.96491,2.63803,2.1888,2.7252,1.14202,1.30169
2012-09-28,2.39766,2.01487,2.28222,1.79168,1.87684,1.72747,1.8407,0.85493,2.50876,1.99493,2.57324,1.00162,2.51421,2.11824,2.52659,1.08075,2.66101,2.20008,2.76409,1.15022,0.75938
2012-10-01,2.39766,2.01487,2.28222,1.79168,1.86492,1.7165,1.82901,0.8495,2.48852,1.97882,2.55248,0.99356,2.45368,2.06724,2.46576,1.05473,2.65231,2.19583,2.74954,1.14715,0.76
2012-10-02,2.39766,2.01487,2.28222,1.79168,1.85372,1.70619,1.81802,0.8444,2.47055,1.96453,2.53406,0.9864,2.4658,2.07745,2.47794,1.05994,2.64842,2.19392,2.74296,1.14577,-0.12617
2012-10-03,2.39766,2.01487,2.28222,1.79168,1.79853,1.65539,1.76389,0.81926,2.38912,1.89974,2.45053,0.95396,2.39476,2.01761,2.40656,1.02941,2.63931,2.18944,2.7274,1.14249,-1.30355
2012-10-04,2.39766,2.01487,2.28222,1.79168,1.87936,1.72979,1.84316,0.85607,2.51613,2.00079,2.5808,1.00456,2.66067,2.24164,2.67378,1.14371,2.66621,2.20261,2.77271,1.15203,1.87484
2012-10-05,2.39766,2.01487,2.28222,1.79168,2.08242,1.91669,2.04232,0.94857,2.81167,2.23593,2.88392,1.12229,2.96324,2.49655,2.97783,1.27377,2.75168,2.24302,2.90539,1.17996,-1.1427
2012-10-08,2.39766,2.01487,2.28222,1.79168,2.11042,1.94246,2.06978,0.96133,2.83751,2.25649,2.91042,1.13259,2.83233,2.38626,2.84628,1.2175,2.72575,2.23098,2.86683,1.17185,-0.95413
2012-10-09,2.39766,2.01487,2.28222,1.79168,2.10948,1.94159,2.06885,0.9609,2.82004,2.24259,2.8925,1.12563,2.83028,2.38453,2.84421,1.21662,2.69518,2.21654,2.81952,1.16189,1.28982
2012-10-10,2.39766,2.01487,2.28222,1.79168,2.15962,1.98774,2.11803,0.98374,2.87808,2.28877,2.95203,1.14875,2.99848,2.52624,3.01325,1.28892,2.69792,2.21785,2.82386,1.1628,-0.4009
2012-10-11,2.39766,2.01487,2.28222,1.79168,2.1049,1.93738,2.06436,0.95881,2.77923,2.21013,2.85065,1.10937,2.79366,2.35368,2.80742,1.20088,2.66115,2.20015,2.76433,1.15027,0.65891
2012-10-12,2.39766,2.01487,2.28222,1.79168,2.07131,1.90646,2.03142,0.94351,2.71642,2.16015,2.78623,1.08435,2.61161,2.2003,2.62447,1.12262,2.64997,2.19468,2.74558,1.14632,0.78428
2012-10-15,2.39766,2.01487,2.28222,1.79168,2.05201,1.8887,2.01249,0.93472,2.67883,2.13024,2.74767,1.06937,2.5718,2.16676,2.58446,1.10551,2.64796,2.19369,2.74217,1.1456,-0.17955
2012-10-16,2.39766,2.01487,2.28222,1.79168,1.99184,1.83332,1.95348,0.90731,2.58223,2.05338,2.64859,1.03089,2.45325,2.06688,2.46533,1.05455,2.6394,2.18948,2.72757,1.14252,-0.4718
2012-10-17,2.39766,2.01487,2.28222,1.79168,1.94776,1.79274,1.91024,0.88723,2.50363,1.99241,2.56693,1.00139,2.36724,1.99442,2.3789,1.01758,2.63886,2.18922,2.72663,1.14233,0.08261
2012-10-18,2.39766,2.01487,2.28222,1.79168,1.88894,1.73861,1.85256,0.86044,2.41834,1.92449,2.47949,0.96738,2.26049,1.90448,2.27162,0.97169,2.63539,2.1875,2.72065,1.14107,0.48737
2012-10-19,2.39766,2.01487,2.28222,1.79168,1.85006,1.70281,1.81442,0.84273,2.36681,1.88345,2.42666,0.94683,2.26554,1.90873,2.27669,0.97386,2.63651,2.18806,2.72259,1.14147,0.20956
2012-10-22,2.39766,2.01487,2.28222,1.79168,1.79723,1.65419,1.76262,0.81866,2.29705,1.82789,2.35514,0.91901,2.18643,1.84208,2.1972,0.93985,2.63483,2.18723,2.7197,1.14086,7e-05
2012-10-23,2.39766,2.01487,2.28222,1.79168,1.74248,1.6038,1.70892,0.79372,2.22814,1.77301,2.2845,0.89153,2.17571,1.83305,2.18642,0.93525,2.63386,2.18674,2.71801,1.14051,-1.53217
2012-10-24,2.39766,2.01487,2.28222,1.79168,1.8796,1.73001,1.8434,0.85618,2.45324,1.95229,2.51528,0.9813,2.58321,2.17638,2.59593,1.11042,2.67873,2.20866,2.79319,1.15635,-0.08363
2012-10-25,2.39766,2.01487,2.28222,1.79168,1.82289,1.67781,1.78779,0.83035,2.37235,1.88786,2.43235,0.94904,2.35954,1.98792,2.37115,1.01427,2.65044,2.19491,2.74637,1.14649,-0.16979
2012-10-26,2.39766,2.01487,2.28222,1.79168,1.76972,1.62887,1.73563,0.80613,2.30096,1.831,2.35915,0.92057,2.34378,1.97465,2.35532,1.00749,2.64029,2.18992,2.72909,1.14284,-0.22034
2012-10-29,2.39766,2.01487,2.28222,1.79168,1.71989,1.58301,1.68677,0.78343,2.23822,1.78104,2.29484,0.89555,2.34274,1.97378,2.35428,1.00705,2.63672,2.18816,2.72295,1.14155,-0.13718
2012-10-30,2.39766,2.01487,2.28222,1.79168,1.66913,1.53629,1.63698,0.76031,2.17702,1.7323,2.23209,0.87114,2.30963,1.94588,2.32101,0.99282,2.63491,2.18727,2.71983,1.14089,0.20706
2012-10-31,2.39766,2.01487,2.28222,1.79168,1.62211,1.49301,1.59086,0.73889,2.1237,1.68984,2.17743,0.84988,2.14382,1.80618,2.15438,0.92154,2.63422,2.18692,2.71862,1.14064,0.81141
2012-11-01,2.39766,2.01487,2.28222,1.79168,1.6321,1.5022,1.60066,0.74344,2.15569,1.71531,2.21022,0.86263,2.25547,1.90025,2.26657,0.96953,2.64131,2.19042,2.73083,1.14321,0.71435
2012-11-02,2.39766,2.01487,2.28222,1.79168,1.62833,1.49874,1.59697,0.74173,2.16477,1.72254,2.21953,0.86625,2.2822,1.92277,2.29343,0.98102,2.6425,2.19101,2.73287,1.14364,-1.47833
2012-11-05,2.39766,2.01487,2.28222,1.79168,1.76758,1.6269,1.73354,0.80516,2.38321,1.89651,2.44347,0.95337,2.58447,2.17743,2.59719,1.11096,2.68172,2.2101,2.79801,1.15736,0.27556
2012-11-06,2.39766,2.01487,2.28222,1.79168,1.72013,1.58323,1.687,0.78354,2.31582,1.84284,2.37439,0.92649,2.32789,1.96126,2.33935,1.00066,2.65232,2.19583,2.74954,1.14715,1.3925
2012-11-07,2.39766,2.01487,2.28222,1.79168,1.82812,1.68262,1.79291,0.83273,2.47361,1.96851,2.53616,0.98942,2.62995,2.21575,2.6429,1.13051,2.67676,2.20771,2.78999,1.15567,-1.64213
2012-11-08,2.39766,2.01487,2.28222,1.79168,1.98022,1.82262,1.94208,0.90202,2.69083,2.1415,2.75885,1.07605,2.83643,2.38971,2.8504,1.21926,2.73453,2.23508,2.88005,1.17463,0.4196
2012-11-09,2.39766,2.01487,2.28222,1.79168,1.93311,1.77925,1.89588,0.88056,2.60846,2.0759,2.67441,1.0432,2.57779,2.17181,2.59049,1.10809,2.67409,2.20642,2.78565,1.15476,-0.59767
2012-11-12,2.39766,2.01487,2.28222,1.79168,1.90157,1.75023,1.86495,0.86619,2.55472,2.0331,2.61932,1.02177,2.48765,2.09586,2.4999,1.06934,2.65575,2.19751,2.75532,1.14837,-0.14941
2012-11-13,2.39766,2.01487,2.28222,1.79168,1.84539,1.69852,1.80985,0.8406,2.46748,1.96362,2.52987,0.98698,2.44558,2.06042,2.45762,1.05125,2.64219,2.19086,2.73234,1.14353,1.4646
2012-11-14,2.39766,2.01487,2.28222,1.79168,1.95485,1.79926,1.9172,0.89046,2.62263,2.08719,2.68894,1.04885,2.67606,2.2546,2.68924,1.15033,2.67445,2.2066,2.78623,1.15488,0.98775
2012-11-15,2.39766,2.01487,2.28222,1.79168,1.96831,1.81166,1.93041,0.89659,2.62455,2.08906,2.6906,1.05043,2.47681,2.08673,2.489,1.06468,2.66669,2.20284,2.7735,1.1522,-0.80233
2012-11-16,2.39766,2.01487,2.28222,1.79168,1.95652,1.8008,1.91883,0.89122,2.60027,2.06972,2.66571,1.04075,2.48201,2.09111,2.49423,1.06691,2.65842,2.19882,2.75978,1.14931,0.25425
2012-11-19,2.39766,2.01487,2.28222,1.79168,1.90183,1.75047,1.8652,0.86631,2.51281,2.00004,2.57605,1.00586,2.40994,2.03039,2.4218,1.03593,2.64339,2.19145,2.73439,1.14396,1.87031
2012-11-20,2.39766,2.01487,2.28222,1.79168,2.10035,1.93319,2.0599,0.95674,2.79735,2.22672,2.86773,1.11937,2.95715,2.49142,2.97171,1.27115,2.72108,2.22879,2.85975,1.17035,-1.51175
2012-11-21,2.2213,1.99741,2.21551,1.79168,2.19263,1.99065,2.12759,0.99877,2.91894,2.32358,2.99238,1.16788,2.90201,2.44496,2.9163,1.24745,2.755,2.24455,2.91023,1.18098,-0.03044
2012-11-23,2.2213,1.99741,2.21551,1.79168,2.1259,1.93006,2.06284,0.96838,2.80054,2.22926,2.87101,1.12064,2.65814,2.2395,2.67123,1.14262,2.6777,2.20817,2.79152,1.15599,0.11097
2012-11-26,2.2213,1.99741,2.21551,1.79168,2.062,1.87205,2.00083,0.93927,2.69198,2.14278,2.75972,1.07733,2.58342,2.17655,2.59614,1.11051,2.64991,2.19465,2.74547,1.1463,1.26028
2012-11-27,2.2213,1.99741,2.21551,1.79168,2.11093,1.91647,2.04831,0.96156,2.75486,2.19287,2.82418,1.10242,2.82978,2.38411,2.84372,1.21641,2.6665,2.20275,2.7732,1.15214,0.05695
2012-11-28,2.2213,1.99741,2.21551,1.79168,2.04685,1.8583,1.98613,0.93237,2.64893,2.10848,2.71559,1.06016,2.49081,2.09852,2.50307,1.07069,2.64569,2.19258,2.73831,1.14479,-0.56214
2012-11-29,2.2213,1.99741,2.21551,1.79168,2.00739,1.82247,1.94784,0.91439,2.58644,2.0587,2.65153,1.03523,2.40233,2.02398,2.41416,1.03266,2.6429,2.19121,2.73356,1.14379,-0.28989
2012-11-30,2.2213,1.99741,2.21551,1.79168,1.95247,1.77261,1.89455,0.88938,2.50331,1.99248,2.56632,1.00207,2.38637,2.01054,2.39812,1.0258,2.63825,2.18892,2.72559,1.14211,-0.60905
2012-12-03,2.2213,1.99741,2.21551,1.79168,1.92111,1.74414,1.86412,0.87509,2.46062,1.95847,2.52256,0.98504,2.44251,2.05783,2.45454,1.04993,2.64053,2.19004,2.72951,1.14293,-0.15679
2012-12-04,2.2213,1.99741,2.21551,1.79168,1.86449,1.69274,1.80918,0.8493,2.38078,1.89487,2.44071,0.95319,2.29621,1.93458,2.30752,0.98705,2.63645,2.18803,2.72249,1.14145,-0.5149
2012-12-05,2.2213,1.99741,2.21551,1.79168,1.82877,1.66031,1.77452,0.83303,2.33731,1.86023,2.39615,0.93584,2.33293,1.96551,2.34442,1.00283,2.63824,2.18891,2.72556,1.1421,0.06982
2012-12-06,2.2213,1.99741,2.21551,1.79168,1.77346,1.61009,1.72085,0.80784,2.26485,1.80251,2.32187,0.90694,2.24419,1.89074,2.25524,0.96468,2.63514,2.18738,2.72023,1.14098,-0.35056
2012-12-07,2.2213,1.99741,2.21551,1.79168,1.72974,1.57039,1.67842,0.78792,2.21439,1.76231,2.27015,0.88681,2.25987,1.90396,2.271,0.97142,2.63574,2.18768,2.72127,1.1412,-0.89255
2012-12-10,2.2213,1.99639,2.21243,1.79168,1.74437,1.58368,1.69262,0.79458,2.25505,1.7947,2.31183,0.90303,2.33437,1.96672,2.34586,1.00345,2.646,2.19273,2.73884,1.1449,-0.28554
2012-12-11,2.2213,1.99639,2.21243,1.79168,1.69818,1.54175,1.64781,0.77355,2.20009,1.75092,2.25549,0.8811,2.21511,1.86625,2.22602,0.95218,2.63942,2.18949,2.7276,1.14253,0.57782
2012-12-12,2.2213,1.95247,2.17678,1.79168,1.67551,1.52117,1.62581,0.76322,2.18082,1.73557,2.23574,0.87341,2.24909,1.89488,2.26017,0.96679,2.63934,2.18945,2.72746,1.1425,-0.4597
2012-12-13,2.2213,1.95247,2.17678,1.79168,1.64317,1.49181,1.59443,0.74849,2.14996,1.71099,2.20411,0.8611,2.24765,1.89366,2.25871,0.96617,2.63867,2.18912,2.72631,1.14226,-1.0086
2012-12-14,2.2213,1.95247,2.17678,1.79168,1.68291,1.52788,1.63298,0.76659,2.22714,1.77247,2.28322,0.89189,2.40528,2.02646,2.41712,1.03393,2.65143,2.1954,2.74804,1.14684,-0.16866
2012-12-17,2.2213,1.95247,2.17678,1.79168,1.63416,1.48362,1.58568,0.74438,2.15204,1.71344,2.20631,0.85935,2.20153,1.85481,2.21237,0.94635,2.64066,2.1901,2.72972,1.14298,0.60672
2012-12-18,2.2213,1.95247,2.17678,1.79168,1.61762,1.4686,1.56963,0.73685,2.14162,1.70515,2.19563,0.8552,2.24464,1.89112,2.25569,0.96488,2.6403,2.18993,2.72911,1.14285,0.99614
2012-12-19,2.2213,1.95247,2.17678,1.79168,1.65729,1.50463,1.60813,0.75492,2.21292,1.76193,2.26872,0.88363,2.35786,1.98651,2.36947,1.01354,2.64933,2.19437,2.7445,1.14609,0.63018
2012-12-20,2.2213,1.95247,2.17678,1.79168,1.64215,1.49088,1.59344,0.74802,2.19976,1.75145,2.25523,0.87838,2.31725,1.9523,2.32866,0.99609,2.64437,2.19193,2.73607,1.14432,1.00428
2012-12-21,2.2213,1.95247,2.17678,1.79168,1.68122,1.52635,1.63135,0.76582,2.26504,1.80344,2.32216,0.90442,2.33063,1.96357,2.3421,1.00184,2.65174,2.19555,2.74857,1.14695,-0.02101
2012-12-24,2.2213,1.95247,2.17678,1.79168,1.63004,1.47989,1.58169,0.74251,2.19658,1.74892,2.25198,0.87711,2.18072,1.83727,2.19146,0.9374,2.64024,2.1899,2.729,1.14283,-0.6681
2012-12-26,2.2213,1.95247,2.17678,1.79168,1.62071,1.47141,1.57263,0.73826,2.19238,1.74557,2.24767,0.87544,2.2417,1.88864,2.25273,0.96361,2.64255,2.19104,2.73296,1.14366,1.22364
2012-12-27,2.2213,1.95247,2.17678,1.79168,1.70354,1.54661,1.65301,0.77599,2.31863,1.84613,2.3771,0.92579,2.40767,2.02848,2.41953,1.03496,2.65988,2.19953,2.76222,1.14982,-0.03473
2012-12-28,2.2213,1.95247,2.17678,1.79168,1.65175,1.49959,1.60275,0.7524,2.24582,1.78814,2.30246,0.89675,2.20075,1.85415,2.21158,0.94601,2.6433,2.19141,2.73425,1.14393,0.53999
2012-12-31,2.2213,1.95247,2.17678,1.79168,1.62754,1.47762,1.57926,0.74137,2.21588,1.76429,2.27177,0.88481,2.18724,1.84276,2.19801,0.9402,2.6404,2.18998,2.72929,1.14289,0.69548
2013-01-02,2.2213,1.95247,2.17678,1.79168,1.62168,1.47229,1.57357,0.7387,2.2134,1.76232,2.26922,0.88382,2.24398,1.89057,2.25503,0.96459,2.64173,2.19063,2.73157,1.14337,-0.72612
2013-01-03,2.2213,1.95247,2.17678,1.79168,1.62003,1.4708,1.57198,0.73795,2.21769,1.76573,2.27361,0.88553,2.26258,1.90624,2.27372,0.97259,2.64451,2.192,2.73631,1.14437,-0.93566
2013-01-04,2.2213,1.95247,2.17678,1.79168,1.6493,1.49737,1.60037,0.75128,2.26531,1.80366,2.32244,0.90453,2.26602,1.90914,2.27718,0.97407,2.65195,2.19565,2.74892,1.14702,0.25857
2013-01-07,2.2213,1.95247,2.17678,1.79168,1.60509,1.45723,1.55748,0.73114,2.20513,1.75573,2.26075,0.88053,2.18722,1.84275,2.19799,0.94019,2.64096,2.19025,2.73024,1.14309,0.84419
2013-01-08,2.2213,1.95247,2.17678,1.79168,1.62105,1.47172,1.57296,0.73841,2.23279,1.77776,2.2891,0.89156,2.29154,1.93064,2.30283,0.98504,2.64526,2.19237,2.73759,1.14463,-0.79646
2013-01-09,2.2213,1.95247,2.17678,1.79168,1.62898,1.47892,1.58066,0.74202,2.24839,1.79018,2.30509,0.89778,2.30569,1.94256,2.31704,0.99112,2.64797,2.1937,2.74219,1.14561,-0.62375
2013-01-10,2.2213,1.87079,2.12295,1.79168,1.61458,1.45032,1.55754,0.73546,2.23131,1.77658,2.28758,0.89097,2.27676,1.91819,2.28797,0.97869,2.64506,2.19227,2.73725,1.14456,-0.06346
2013-01-11,2.2213,1.87079,2.12295,1.79168,1.56577,1.40647,1.51045,0.71323,2.16618,1.72471,2.22081,0.86499,2.16086,1.82054,2.1715,0.92886,2.63782,2.1887,2.72485,1.14195,1.29062
2013-01-14,2.2213,1.87079,2.12295,1.79168,1.66919,1.49937,1.61022,0.76034,2.31716,1.84495,2.37559,0.9252,2.46314,2.07521,2.47527,1.0588,2.66028,2.19972,2.76288,1.14996,1.77766
2013-01-15,2.2213,1.87079,2.12295,1.79168,1.87958,1.68835,1.81317,0.85617,2.6097,2.07795,2.6755,1.04188,2.78489,2.34629,2.79861,1.19711,2.72673,2.23144,2.86832,1.17216,-0.55178
2013-01-16,2.2213,1.87079,2.12295,1.79168,1.84632,1.65848,1.78109,0.84102,2.54766,2.02853,2.6119,1.01713,2.51788,2.12133,2.53028,1.08233,2.67633,2.20751,2.7893,1.15553,0.93528
2013-01-17,1.99741,1.82861,2.05751,1.79168,1.85938,1.63496,1.78095,0.84697,2.53356,2.01946,2.59554,1.01685,2.59,2.1821,2.60276,1.11333,2.5853,2.13798,2.68581,1.12003,0.70558
2013-01-18,1.99741,1.82861,2.05751,1.79168,1.84223,1.61988,1.76453,0.83916,2.49697,1.99026,2.55805,1.00223,2.59341,2.18497,2.60618,1.1148,2.5733,2.13213,2.66525,1.11572,0.63193
2013-01-22,1.99741,1.82861,2.05751,1.79168,1.81815,1.5987,1.74146,0.82819,2.45304,1.95521,2.51305,0.98467,2.50917,2.11399,2.52152,1.07859,2.56669,2.12889,2.65377,1.1133,0.66058
2013-01-23,1.99741,1.82861,2.05751,1.79168,1.7982,1.58116,1.72235,0.8191,2.41752,1.92687,2.47667,0.97047,2.33062,1.96356,2.34209,1.00183,2.5644,2.12776,2.64974,1.11246,-1.43758
2013-01-24,1.99741,1.82861,2.05751,1.79168,1.90712,1.67693,1.82667,0.86872,2.57322,2.0511,2.63616,1.0327,2.62154,2.20866,2.63445,1.12689,2.59862,2.14442,2.70819,1.12473,0.16488
2013-01-25,1.99741,1.82861,2.05751,1.79168,1.85114,1.62771,1.77306,0.84322,2.48187,1.97822,2.54259,0.99619,2.3627,1.99059,2.37433,1.01563,2.57131,2.13115,2.6618,1.11499,-0.93312
2013-01-28,1.99741,1.82861,2.05751,1.79168,1.86357,1.63864,1.78497,0.84888,2.49622,1.98967,2.55729,1.00193,2.48267,2.09167,2.4949,1.0672,2.57558,2.13324,2.66918,1.11654,-0.83108
2013-01-29,1.99741,1.74544,2.01568,1.79168,1.86125,1.6366,1.78274,0.84783,2.48864,1.98362,2.54953,0.9989,2.48814,2.09627,2.50039,1.06955,2.57436,2.13265,2.66708,1.1161,-0.2612
2013-01-30,1.95247,1.70431,1.84984,1.79168,1.81001,1.49017,1.70107,0.82448,2.40981,1.92071,2.46877,0.96739,2.37994,2.00512,2.39166,1.02304,2.56341,2.12727,2.64801,1.11209,0.93717
2013-01-31,1.95247,1.70431,1.84984,1.79168,1.8258,1.50317,1.71591,0.83168,2.42896,1.93599,2.48839,0.97504,2.39864,2.02087,2.41045,1.03108,2.56912,2.13008,2.658,1.11419,0.49788
2013-02-01,1.95247,1.70431,1.84984,1.79168,1.79031,1.47395,1.68256,0.81551,2.37427,1.89236,2.43237,0.95319,2.35055,1.98035,2.36212,1.0104,2.56299,2.12706,2.64727,1.11194,-0.02221
2013-02-04,1.95247,1.70431,1.84984,1.79168,1.73581,1.42908,1.63134,0.79069,2.2962,1.83006,2.35239,0.92198,2.25876,1.90302,2.26988,0.97094,2.55805,2.12462,2.63855,1.1101,-1.27558
2013-02-05,1.95247,1.70431,1.84984,1.79168,1.81735,1.49621,1.70797,0.82783,2.42218,1.93058,2.48144,0.97233,2.49769,2.10432,2.50999,1.07365,2.58278,2.13676,2.68153,1.11914,0.57048
2013-02-06,1.95247,1.70431,1.84984,1.79168,1.78849,1.47245,1.68085,0.81468,2.37701,1.89454,2.43517,0.95428,2.38027,2.00539,2.39199,1.02318,2.56955,2.13029,2.65875,1.11435,0.48955
2013-02-07,1.95247,1.70431,1.84984,1.79168,1.75388,1.44395,1.64832,0.79892,2.32612,1.85394,2.38304,0.93394,2.33367,1.96613,2.34516,1.00315,2.56306,2.1271,2.64739,1.11196,-0.57776
2013-02-08,1.95247,1.70431,1.84984,1.79168,1.7286,1.42314,1.62456,0.7874,2.29415,1.82843,2.3503,0.92117,2.34148,1.97271,2.35301,1.0065,2.56278,2.12696,2.6469,1.11186,-1.39565
2013-02-11,1.95247,1.70431,1.84984,1.79168,1.8363,1.51181,1.72578,0.83646,2.45728,1.95859,2.5174,0.98636,2.63456,2.21963,2.64753,1.13249,2.59405,2.14222,2.70057,1.12313,0.34727
2013-02-12,1.95247,1.70431,1.84984,1.79168,1.79013,1.4738,1.68239,0.81543,2.38562,1.90142,2.444,0.95773,2.36865,1.9956,2.38031,1.01818,2.57092,2.13096,2.66113,1.11485,1.10803
2013-02-13,1.95247,1.70431,1.84984,1.79168,1.83502,1.51076,1.72458,0.83588,2.44722,1.95057,2.50709,0.98234,2.55085,2.14911,2.56341,1.0965,2.57907,2.13495,2.67518,1.1178,-0.42109
2013-02-14,1.95247,1.70431,1.84984,1.79168,1.79347,1.47655,1.68553,0.81695,2.38495,1.90088,2.44331,0.95746,2.42284,2.04126,2.43477,1.04148,2.56698,2.12903,2.65427,1.11341,0.20457
2013-02-15,1.95247,1.70431,1.84984,1.79168,1.74231,1.43443,1.63745,0.79365,2.3104,1.8414,2.36694,0.92766,2.33313,1.96568,2.34462,1.00292,2.55981,2.12549,2.64167,1.11076,-1.29918
2013-02-19,1.95247,1.70431,1.84984,1.79168,1.828,1.50498,1.71798,0.83268,2.43058,1.93956,2.48897,0.97597,2.49052,2.09828,2.50278,1.07057,2.58541,2.13803,2.686,1.12008,0.77576
2013-02-20,1.95247,1.70431,1.84984,1.79168,1.82074,1.49901,1.71116,0.82937,2.41574,1.9277,2.47377,0.97003,2.41306,2.03302,2.42494,1.03727,2.5751,2.13301,2.66835,1.11637,0.10911
2013-02-21,1.95247,1.70431,1.84984,1.79168,1.76625,1.45414,1.65995,0.80455,2.33604,1.86405,2.39217,0.93815,2.26613,1.90923,2.27729,0.97412,2.56253,2.12684,2.64647,1.11177,-1.05746
2013-02-22,1.95247,1.70431,1.84984,1.79168,1.80439,1.48554,1.69579,0.82192,2.39433,1.91061,2.45186,0.96147,2.44919,2.06346,2.46125,1.0528,2.57539,2.13315,2.66886,1.11648,0.12437
2013-02-25,1.95247,1.70431,1.84984,1.79168,1.7507,1.44134,1.64533,0.79747,2.31672,1.84862,2.37239,0.93042,2.33298,1.96555,2.34447,1.00285,2.56267,2.12691,2.64672,1.11182,0.76471
2013-02-26,1.95247,1.70431,1.84984,1.79168,1.74647,1.43785,1.64135,0.79554,2.31198,1.84483,2.36753,0.92852,2.28871,1.92826,2.29998,0.98382,2.56459,2.12785,2.65009,1.11253,0.5801
2013-02-27,1.95247,1.70431,1.84984,1.79168,1.72176,1.41751,1.61813,0.78428,2.27868,1.81824,2.33343,0.9152,2.25158,1.89697,2.26266,0.96786,2.56224,2.12669,2.64596,1.11166,0.48947
2013-02-28,1.95247,1.70431,1.84984,1.79168,1.68993,1.39131,1.58822,0.76979,2.23704,1.78498,2.2908,0.89854,2.24465,1.89113,2.2557,0.96488,2.56014,2.12566,2.64225,1.11088,-0.49896
2013-03-01,1.95247,1.64213,1.83947,1.79168,1.66027,1.36689,1.56034,0.75628,2.20259,1.75746,2.25552,0.88475,2.17673,1.83391,2.18745,0.93568,2.56037,2.12577,2.64266,1.11097,0.17288
2013-03-04,1.95247,1.64213,1.83947,1.79168,1.61237,1.32746,1.51533,0.73446,2.14235,1.70935,2.19384,0.86065,2.15354,1.81438,2.16415,0.92572,2.55723,2.12422,2.63711,1.1098,-0.33585
2013-03-05,1.95247,1.64213,1.83947,1.79168,1.57365,1.29558,1.47894,0.71682,2.09916,1.67485,2.14961,0.84337,2.11287,1.7801,2.12327,0.90823,2.55742,2.12431,2.63745,1.10987,1.00599
2013-03-06,1.95247,1.64213,1.83947,1.79168,1.61878,1.33273,1.52135,0.73738,2.17248,1.73341,2.22469,0.8727,2.27033,1.91277,2.28151,0.97592,2.56803,2.12955,2.65611,1.1138,-0.60483
2013-03-07,1.95247,1.64213,1.83947,1.79168,1.60281,1.31958,1.50634,0.7301,2.15926,1.72286,2.21116,0.86742,2.2195,1.86995,2.23043,0.95407,2.56539,2.12824,2.65148,1.11282,0.34174
2013-03-08,1.95247,1.64213,1.83947,1.79168,1.56481,1.2883,1.47063,0.71279,2.11353,1.68633,2.16433,0.84912,2.15335,1.81421,2.16396,0.92564,2.56,2.12559,2.642,1.11083,0.81595
2013-03-11,1.95247,1.64213,1.83947,1.79168,1.57931,1.30024,1.48426,0.7194,2.14175,1.70887,2.19322,0.86041,2.26173,1.90552,2.27287,0.97222,2.56445,2.12778,2.64983,1.11248,0.58478
2013-03-12,1.95247,1.64213,1.83947,1.79168,1.56316,1.28694,1.46908,0.71204,2.12605,1.69633,2.17715,0.85413,2.24602,1.89229,2.25708,0.96547,2.56225,2.1267,2.64597,1.11167,0.71852
2013-03-13,1.95247,1.64213,1.83947,1.79168,1.56401,1.28764,1.46988,0.71243,2.134,1.70268,2.18529,0.85731,2.23382,1.88201,2.24482,0.96023,2.56351,2.12732,2.64818,1.11213,0.30716
2013-03-14,1.95247,1.64213,1.83947,1.79168,1.52534,1.2558,1.43353,0.69481,2.08771,1.66571,2.1379,0.83879,2.13255,1.79669,2.14305,0.91669,2.55904,2.12511,2.64031,1.11047,0.30001
2013-03-15,1.95247,1.64213,1.83947,1.79168,1.48764,1.22477,1.39811,0.67764,2.04505,1.63164,2.09421,0.82172,2.12952,1.79414,2.14001,0.91539,2.55729,2.12425,2.63722,1.10983,0.96776
2013-03-18,1.95247,1.64213,1.83947,1.79168,1.53334,1.26238,1.44105,0.69846,2.11643,1.68864,2.1673,0.85028,2.23242,1.88083,2.24341,0.95962,2.56687,2.12897,2.65407,1.11337,0.87444
2013-03-19,1.95247,1.64213,1.83947,1.79168,1.55922,1.28369,1.46537,0.71025,2.15667,1.72078,2.2085,0.86638,2.25504,1.89989,2.26614,0.96935,2.56911,2.13007,2.65797,1.11419,-0.42781
2013-03-20,1.95247,1.64213,1.83947,1.79168,1.52912,1.25892,1.43709,0.69654,2.0784,1.65801,2.12776,0.83939,2.16049,1.82022,2.17112,0.9287,2.56309,2.12711,2.64746,1.11198,0.16159
2013-03-21,1.95247,1.64213,1.83947,1.79168,1.48508,1.22266,1.3957,0.67648,2.02412,1.61461,2.0722,0.81765,2.10392,1.77256,2.11428,0.90439,2.55821,2.1247,2.63885,1.11017,0.27905
2013-03-22,1.95247,1.64213,1.83947,1.79168,1.44764,1.19183,1.36051,0.65942,1.98098,1.58012,2.02804,0.80037,2.09765,1.76728,2.10797,0.90169,2.55686,2.12404,2.63646,1.10966,0.49024
2013-03-25,1.95247,1.64213,1.83947,1.79168,1.42808,1.17573,1.34213,0.65051,1.96315,1.56587,2.00979,0.79323,2.06949,1.74356,2.07968,0.88959,2.55799,2.1246,2.63846,1.11009,1.01141
2013-03-26,1.95247,1.64213,1.83947,1.79168,1.48757,1.22471,1.39804,0.67761,2.05041,1.63563,2.09911,0.82818,2.17152,1.82952,2.18221,0.93344,2.5685,2.12977,2.65691,1.11396,0.1069
2013-03-27,1.95247,1.64213,1.83947,1.79168,1.4434,1.18834,1.35652,0.65749,1.99678,1.59275,2.04421,0.8067,2.04806,1.7255,2.05814,0.88037,2.56009,2.12563,2.64218,1.11087,0.51606
2013-03-28,1.95247,1.64213,1.83947,1.79168,1.42667,1.17457,1.34081,0.64987,1.98079,1.57998,2.02785,0.80029,2.08749,1.75872,2.09777,0.89732,2.55958,2.12538,2.64126,1.11067,0.07291
2013-04-01,1.95247,1.64213,1.83947,1.79168,1.38377,1.13925,1.30048,0.63033,1.93242,1.5413,1.97834,0.78092,2.04577,1.72358,2.05585,0.87939,2.55675,2.12398,2.63625,1.10962,-0.51335
2013-04-02,1.95247,1.64213,1.83947,1.79168,1.36972,1.12768,1.28728,0.62393,1.92765,1.5375,1.97346,0.77901,2.07699,1.74988,2.08722,0.89281,2.55915,2.12517,2.64051,1.11052,0.48979
2013-04-03,1.95247,1.64213,1.83947,1.79168,1.35386,1.11462,1.27237,0.6167,1.91517,1.52751,1.96068,0.77401,2.01563,1.69819,2.02556,0.86644,2.55891,2.12505,2.64008,1.11043,-1.14698
2013-04-04,1.95247,1.64213,1.83947,1.79168,1.4503,1.22868,1.36879,0.66063,2.05834,1.64197,2.10723,0.83135,2.25246,1.89771,2.26355,0.96824,2.57696,2.13392,2.67156,1.11704,-0.66812
2013-04-05,1.95247,1.64213,1.83947,1.79168,1.45129,1.22952,1.36972,0.66108,2.06536,1.64758,2.11441,0.83417,2.18083,1.83737,2.19157,0.93745,2.57061,2.13081,2.66059,1.11474,0.2498
2013-04-08,1.95247,1.64213,1.83947,1.79168,1.41348,1.19749,1.33403,0.64386,2.01664,1.60863,2.06454,0.81465,2.12399,1.78948,2.13445,0.91301,2.56138,2.12627,2.64445,1.11134,1.77685
2013-04-09,1.95247,1.64213,1.83947,1.79168,1.67063,1.41534,1.57673,0.76099,2.35234,1.87699,2.40815,0.9491,2.66015,2.24119,2.67324,1.14349,2.62201,2.15559,2.7464,1.13275,-0.38188
2013-04-10,1.95247,1.64213,1.83947,1.79168,1.6327,1.38321,1.54094,0.74372,2.29221,1.82893,2.3466,0.92502,2.37835,2.00377,2.39006,1.02235,2.58308,2.1369,2.68203,1.11924,-0.01655
2013-04-11,1.95247,1.64213,1.83947,1.79168,1.58298,1.34109,1.49402,0.72107,2.21803,1.76963,2.27068,0.89531,2.26449,1.90785,2.27564,0.97341,2.56544,2.12827,2.65157,1.11284,-0.0807
2013-04-12,1.95247,1.64213,1.83947,1.79168,1.53537,1.30076,1.44908,0.69938,2.1508,1.71588,2.20186,0.86838,2.22857,1.87759,2.23954,0.95797,2.55908,2.12513,2.64038,1.11049,0.15914
2013-04-15,1.95247,1.64213,1.83947,1.79168,1.49106,1.26321,1.40726,0.6792,2.09038,1.66758,2.14002,0.84419,2.21816,1.86882,2.22909,0.9535,2.55671,2.12396,2.63619,1.10961,-0.92725
2013-04-16,1.95247,1.64213,1.83947,1.79168,1.52921,1.29554,1.44326,0.69658,2.14768,1.71339,2.19867,0.86714,2.16153,1.82111,2.17218,0.92915,2.56767,2.12936,2.65546,1.11366,0.11479
2013-04-17,1.95247,1.64213,1.83947,1.79168,1.48391,1.25716,1.40051,0.67594,2.08615,1.6642,2.13569,0.84249,2.05743,1.7334,2.06756,0.8844,2.5598,2.12549,2.64166,1.11076,-0.60813
2013-04-18,1.95247,1.64213,1.83947,1.79168,1.4754,1.24995,1.39248,0.67207,2.07991,1.65921,2.1293,0.83999,2.11203,1.7794,2.12243,0.90787,2.56188,2.12652,2.64532,1.11153,0.45672
2013-04-19,1.95247,1.64213,1.83947,1.79168,1.45138,1.2296,1.36981,0.66113,2.02258,1.6128,2.07069,0.81818,2.08525,1.75683,2.09551,0.89636,2.55965,2.12541,2.64138,1.1107,0.63164
2013-04-22,1.95247,1.64213,1.83947,1.79168,1.44758,1.22638,1.36622,0.65939,2.01789,1.60906,2.0659,0.8163,2.13771,1.80104,2.14824,0.91891,2.56093,2.12605,2.64364,1.11118,0.11906
2013-04-23,1.95247,1.64213,1.83947,1.79168,1.40494,1.19026,1.32598,0.63997,1.96512,1.56687,2.01188,0.79517,2.03281,1.71265,2.04281,0.87382,2.55731,2.12426,2.63725,1.10983,-0.16664
2013-04-24,1.95247,1.64213,1.83947,1.79168,1.36509,1.15649,1.28836,0.62182,1.92018,1.53094,1.96588,0.77717,2.03435,1.71395,2.04436,0.87448,2.55636,2.12379,2.63556,1.10948,0.55763
2013-04-25,1.95247,1.64213,1.83947,1.79168,1.35704,1.14968,1.28077,0.61815,1.91457,1.52646,1.96014,0.77492,2.06347,1.73848,2.07363,0.887,2.55855,2.12487,2.63944,1.11029,0.62902
2013-04-26,1.95247,1.64213,1.83947,1.79168,1.35849,1.1509,1.28214,0.61881,1.92087,1.5315,1.96659,0.77745,2.07321,1.74669,2.08342,0.89119,2.56042,2.1258,2.64276,1.11099,-0.71152
2013-04-29,1.95247,1.64213,1.83947,1.79168,1.37155,1.16197,1.29447,0.62476,1.94908,1.55405,1.99546,0.78874,2.10389,1.77255,2.11425,0.90438,2.5641,2.12761,2.64923,1.11235,1.38959
2013-04-30,1.95247,1.64213,1.83947,1.79168,1.52534,1.29226,1.43961,0.69481,2.14662,1.71197,2.19766,0.86786,2.41248,2.03253,2.42436,1.03703,2.58928,2.13991,2.69255,1.12145,-0.01745
2013-05-01,1.95247,1.64213,1.83947,1.79168,1.4789,1.25291,1.39578,0.67366,2.08249,1.6607,2.13201,0.84218,2.21767,1.8684,2.22859,0.95328,2.56771,2.12938,2.65553,1.11368,-0.48656
2013-05-02,1.95247,1.64213,1.83947,1.79168,1.45752,1.2348,1.37561,0.66392,2.05666,1.64005,2.10557,0.83183,2.2366,1.88435,2.24761,0.96142,2.56332,2.12722,2.64785,1.11206,0.95366
2013-05-03,1.95247,1.64213,1.83947,1.79168,1.5033,1.27358,1.41881,0.68477,2.11198,1.68427,2.1622,0.85399,2.35169,1.98132,2.36327,1.0109,2.56955,2.13029,2.65874,1.11435,-1.99182
2013-05-06,1.99182,1.74544,1.89775,1.79168,2.04413,1.59043,1.85111,0.8239,2.52115,2.01136,2.581,1.01786,2.87052,2.41843,2.88465,1.23392,2.68849,2.18645,2.84803,1.15406,-0.12096
2013-05-07,1.99182,1.74544,1.89775,1.79168,1.98322,1.54303,1.79595,0.79935,2.43108,1.93936,2.48882,0.98179,2.40562,2.02675,2.41747,1.03408,2.6034,2.14672,2.71611,1.1264,-0.36092
2013-05-08,1.99182,1.74544,1.89775,1.79168,1.93527,1.50573,1.75253,0.78003,2.36176,1.88395,2.41786,0.95403,2.42617,2.04406,2.43812,1.04291,2.57562,2.13326,2.66925,1.11656,0.43117
2013-05-09,1.99182,1.74544,1.89775,1.79168,1.89452,1.47403,1.71563,0.76361,2.3007,1.83514,2.35536,0.92957,2.37296,1.99924,2.38464,1.02004,2.56477,2.12794,2.65039,1.11259,0.03501
2013-05-10,1.99182,1.74544,1.89775,1.79168,1.83693,1.42922,1.66348,0.74039,2.22463,1.77433,2.2775,0.89911,2.29238,1.93134,2.30367,0.9854,2.55866,2.12493,2.63964,1.11033,0.59835
2013-05-13,1.99182,1.74544,1.89775,1.79168,1.81771,1.41427,1.64607,0.73265,2.19512,1.75073,2.2473,0.88729,2.08541,1.75697,2.09568,0.89643,2.56003,2.1256,2.64207,1.11084,-0.95249
2013-05-14,1.99182,1.74544,1.89775,1.79168,1.85497,1.44325,1.67981,0.74766,2.24213,1.78831,2.29541,0.90611,2.22628,1.87565,2.23724,0.95698,2.57022,2.13062,2.65991,1.11459,-0.16421
2013-05-15,1.99182,1.74544,1.89775,1.79168,1.80123,1.40144,1.63114,0.726,2.17462,1.73435,2.22631,0.87907,2.12548,1.79073,2.13594,0.91365,2.5612,2.12618,2.64412,1.11128,0.90588
2013-05-16,1.99182,1.74544,1.89775,1.79168,1.83107,1.42466,1.65817,0.73803,2.20475,1.75843,2.25715,0.89114,2.25284,1.89804,2.26394,0.9684,2.56717,2.12912,2.6546,1.11348,-0.30966
2013-05-17,1.99182,1.74544,1.89775,1.79168,1.78524,1.389,1.61666,0.71956,2.14943,1.71421,2.20053,0.86899,2.18549,1.84129,2.19625,0.93945,2.56107,2.12611,2.64389,1.11123,-0.18402
2013-05-20,1.99182,1.74544,1.89775,1.79168,1.73446,1.34949,1.57068,0.69909,2.08244,1.65993,2.13228,0.84224,2.13953,1.80257,2.15006,0.91969,2.55786,2.12453,2.63822,1.11004,1.474
2013-05-21,1.99182,1.74544,1.89775,1.79168,1.90533,1.48243,1.72541,0.76796,2.27917,1.81715,2.33367,0.921,2.47581,2.08589,2.488,1.06425,2.58999,2.14026,2.69375,1.1217,0.14539
2013-05-22,1.99182,1.74544,1.89775,1.79168,1.8494,1.43892,1.67476,0.74542,2.20696,1.75944,2.25974,0.89209,2.25806,1.90243,2.26918,0.97065,2.56809,2.12957,2.6562,1.11381,-0.40718
2013-05-23,1.99182,1.74544,1.89775,1.79168,1.81005,1.4083,1.63913,0.72956,2.16055,1.72235,2.21223,0.87351,2.23144,1.88,2.24243,0.9592,2.56243,2.12679,2.6463,1.11173,0.42559
2013-05-24,1.99182,1.74544,1.89775,1.79168,1.77387,1.38015,1.60637,0.71497,2.1156,1.68643,2.16622,0.85552,2.24192,1.88884,2.25296,0.96371,2.55956,2.12537,2.64123,1.11067,-0.34285
2013-05-28,1.99182,1.74544,1.89775,1.79168,1.7324,1.34789,1.56882,0.69826,2.07058,1.65045,2.12014,0.83749,2.23719,1.88485,2.24821,0.96167,2.5584,2.1248,2.63918,1.11024,0.0478
2013-05-29,1.99182,1.64213,1.85964,1.79168,1.67988,1.2593,1.4834,0.67709,2.01236,1.60392,2.06053,0.81418,2.06239,1.73758,2.07254,0.88654,2.5563,2.12376,2.63546,1.10945,-0.64893
2013-05-30,1.99182,1.64213,1.85964,1.79168,1.67577,1.25621,1.47977,0.67543,2.01749,1.60802,2.06579,0.81624,2.13581,1.79943,2.14633,0.9181,2.56104,2.1261,2.64385,1.11122,0.14117
2013-05-31,1.99182,1.53217,1.8241,1.79168,1.62698,1.21964,1.43669,0.65577,1.96523,1.56626,2.01229,0.79531,2.03962,1.71839,2.04966,0.87675,2.5574,2.1243,2.6374,1.10986,-1.14912
2013-06-03,1.99182,1.53217,1.8241,1.79168,1.72509,1.29319,1.52332,0.69531,2.09339,1.66868,2.14348,0.84662,2.2865,1.92639,2.29776,0.98287,2.5761,2.1335,2.67008,1.11673,0.38187
2013-06-04,1.99182,1.53217,1.8241,1.79168,1.68856,1.2658,1.49106,0.68059,2.04992,1.63394,2.09899,0.82922,2.16455,1.82365,2.1752,0.93045,2.56444,2.12778,2.64983,1.11248,-0.12762
2013-06-05,1.99182,1.53217,1.8241,1.79168,1.63896,1.22862,1.44726,0.6606,1.99611,1.59094,2.0439,0.80768,2.13294,1.79702,2.14345,0.91686,2.55887,2.12503,2.64001,1.11041,-0.26198
2013-06-06,1.99182,1.53217,1.8241,1.79168,1.59698,1.19715,1.4102,0.64368,1.95436,1.55757,2.00116,0.79096,2.0288,1.70928,2.03879,0.8721,2.55749,2.12435,2.63757,1.1099,0.21841
2013-06-07,1.99182,1.53217,1.8241,1.79168,1.55401,1.16494,1.37225,0.62636,1.91052,1.52254,1.95629,0.77341,2.02923,1.70964,2.03923,0.87228,2.55631,2.12376,2.63547,1.10946,-0.32078
2013-06-10,1.99182,1.53217,1.8241,1.79168,1.51923,1.13887,1.34154,0.61234,1.8812,1.49911,1.92627,0.76167,1.94138,1.63562,1.95094,0.83452,2.55694,2.12407,2.63659,1.10969,0.29295
2013-06-11,1.99182,1.53217,1.8241,1.79168,1.48367,1.11221,1.31014,0.59801,1.84844,1.47293,1.89273,0.74855,1.93229,1.62797,1.9418,0.83061,2.55645,2.12383,2.63573,1.10951,-0.11604
2013-06-12,1.99182,1.53217,1.8241,1.79168,1.4402,1.07962,1.27175,0.58049,1.81068,1.44275,1.85407,0.73343,1.92367,1.62071,1.93314,0.82691,2.55584,2.12353,2.63463,1.10928,-0.34418
2013-06-13,1.99182,1.53217,1.8241,1.79168,1.4119,1.05841,1.24676,0.56908,1.79287,1.42852,1.83584,0.72631,1.93463,1.62994,1.94415,0.83162,2.55695,2.12408,2.63661,1.1097,0.22193
2013-06-14,1.99182,1.53217,1.8241,1.79168,1.37552,1.03114,1.21464,0.55442,1.76303,1.40467,1.8053,0.71436,1.90637,1.60613,1.91575,0.81947,2.55612,2.12367,2.63514,1.10939,0.39035
2013-06-17,1.99182,1.53217,1.8241,1.79168,1.35455,1.01542,1.19612,0.54596,1.75018,1.3944,1.79214,0.70921,1.92569,1.62241,1.93518,0.82778,2.55679,2.124,2.63632,1.10964,-0.0182
2013-06-18,1.99182,1.53217,1.8241,1.79168,1.31333,0.98452,1.15972,0.52935,1.71829,1.36891,1.7595,0.69645,1.88102,1.58477,1.89028,0.80857,2.55574,2.12348,2.63446,1.10924,1.23963
2013-06-19,1.99182,1.53217,1.8241,1.79168,1.47949,1.10908,1.30644,0.59632,1.86675,1.48663,1.91192,0.75571,2.18878,1.84406,2.19956,0.94087,2.57554,2.13322,2.66912,1.11653,-0.00258
2013-06-20,1.99182,1.51175,1.75065,1.79168,1.43442,1.07529,1.26665,0.57816,1.82056,1.44973,1.86463,0.73723,2.01021,1.69362,2.02011,0.86411,2.56265,2.1269,2.64669,1.11182,-1.22324
2013-06-21,1.99182,1.51175,1.75065,1.79168,1.57694,1.22693,1.41961,0.6356,1.9935,1.58786,2.0417,0.80643,2.26146,1.9053,2.2726,0.97211,2.58315,2.13694,2.68216,1.11927,-0.31522
2013-06-24,1.99182,1.51175,1.75065,1.79168,1.54085,1.19886,1.38712,0.62106,1.95272,1.55529,1.99995,0.79011,2.11165,1.77908,2.12205,0.90771,2.56728,2.12917,2.65478,1.11352,0.55133
2013-06-25,1.99182,1.51175,1.75065,1.79168,1.53103,1.19121,1.37827,0.61709,1.93802,1.54355,1.9849,0.78423,2.15846,1.81852,2.16909,0.92783,2.56294,2.12704,2.64719,1.11192,-0.59616
2013-06-26,1.99182,1.51175,1.75065,1.79168,1.52796,1.18882,1.37551,0.61586,1.93854,1.54397,1.98543,0.78444,2.08264,1.75464,2.09289,0.89524,2.56304,2.12709,2.64736,1.11196,0.00311
2013-06-27,1.99182,1.48727,1.69376,1.79168,1.48141,1.15261,1.33361,0.5971,1.8867,1.50256,1.93235,0.7637,2.04021,1.71889,2.05025,0.877,2.55803,2.12462,2.63853,1.1101,0.34177
2013-06-28,1.99182,1.48727,1.69376,1.79168,1.45122,1.12912,1.30643,0.58493,1.85336,1.47593,1.89822,0.75036,1.95067,1.64345,1.96027,0.83851,2.55718,2.12419,2.63701,1.10978,-1.34145
2013-07-01,1.99182,1.48727,1.69376,1.79168,1.62613,1.29248,1.50354,0.65543,2.06014,1.6411,2.10994,0.8331,2.28629,1.92622,2.29755,0.98278,2.58598,2.13831,2.68697,1.12028,0.29895
2013-07-02,1.99182,1.48727,1.69376,1.79168,1.58702,1.2614,1.46738,0.63966,2.00906,1.6003,2.05764,0.81266,2.09214,1.76264,2.10244,0.89932,2.56746,2.12926,2.65511,1.11358,1.11257
2013-07-03,1.99182,1.48727,1.69376,1.79168,1.68068,1.33584,1.55398,0.67741,2.10559,1.6774,2.15648,0.85128,2.27384,1.91573,2.28504,0.97743,2.57728,2.13407,2.67211,1.11716,0.34023
2013-07-05,1.99182,1.48727,1.69376,1.79168,1.64254,1.30553,1.51872,0.66204,2.05408,1.63625,2.10374,0.83067,2.1643,1.82343,2.17495,0.93034,2.56452,2.12782,2.64996,1.1125,0.11706
2013-07-08,1.99182,1.48727,1.69376,1.79168,1.59409,1.26702,1.47392,0.64251,1.9946,1.58874,2.04283,0.80687,2.14598,1.808,2.15655,0.92247,2.55864,2.12491,2.6396,1.11033,0.82673
2013-07-09,1.99182,1.48727,1.69376,1.79168,1.62514,1.2917,1.50263,0.65503,2.02415,1.61234,2.07308,0.81869,2.15157,1.81271,2.16216,0.92487,2.56405,2.12758,2.64913,1.11233,0.44785
2013-07-10,1.99182,1.48727,1.69376,1.79168,1.59897,1.2709,1.47843,0.64448,1.98977,1.58489,2.03789,0.80494,2.11038,1.77801,2.12078,0.90717,2.56041,2.12579,2.64273,1.11098,1.30287
2013-07-11,1.99182,1.48727,1.69376,1.79168,1.74076,1.38359,1.60953,0.70163,2.14502,1.70889,2.19685,0.86706,2.33027,1.96327,2.34175,1.00169,2.58166,2.13621,2.67961,1.11873,-1.05172
2013-07-12,1.99182,1.48727,1.69376,1.79168,1.8047,1.43441,1.66865,0.7274,2.21851,1.76759,2.27209,0.89646,2.35615,1.98507,2.36775,1.01281,2.58626,2.13844,2.68743,1.12038,0.11294
2013-07-15,1.99182,1.48727,1.69376,1.79168,1.75106,1.39179,1.61906,0.70578,2.14683,1.71034,2.1987,0.86778,2.24622,1.89246,2.25728,0.96556,2.56663,2.12886,2.65366,1.11328,0.57625
2013-07-16,1.99182,1.48727,1.69376,1.79168,1.73346,1.3778,1.60279,0.69869,2.11774,1.6871,2.16892,0.85614,2.25943,1.90358,2.27055,0.97123,2.56303,2.12708,2.64734,1.11195,-0.06944
2013-07-17,1.99182,1.48727,1.69376,1.79168,1.68119,1.33624,1.55445,0.67762,2.05342,1.63573,2.10306,0.83041,2.2113,1.86303,2.22219,0.95055,2.55815,2.12468,2.63874,1.11015,0.01841
2013-07-18,1.99182,1.48727,1.69376,1.79168,1.63001,1.29557,1.50713,0.65699,1.9928,1.58731,2.04099,0.80615,2.08694,1.75826,2.09721,0.89709,2.55621,2.12371,2.6353,1.10942,0.65121
2013-07-19,1.99182,1.48727,1.69376,1.79168,1.62915,1.29489,1.50634,0.65664,1.97621,1.57419,2.02372,0.80083,2.08363,1.75547,2.09389,0.89566,2.46629,2.04767,2.54592,1.07291,0.93178
2013-07-22,1.99182,1.48727,1.69376,1.79168,1.67796,1.33368,1.55146,0.67632,2.0282,1.61572,2.07694,0.82164,2.17889,1.83573,2.18962,0.93661,2.47365,2.05128,2.55911,1.07568,-0.98759
2013-07-23,1.99182,1.48727,1.69376,1.79168,1.73402,1.37824,1.6033,0.69891,2.09857,1.67196,2.14899,0.84981,2.25431,1.89927,2.26541,0.96903,2.48215,2.05543,2.57414,1.07883,-0.06166
2013-07-24,1.99182,1.48727,1.69376,1.79168,1.68161,1.33658,1.55484,0.67779,2.0357,1.62172,2.08463,0.82465,2.12069,1.7867,2.13114,0.9116,2.46926,2.04913,2.55127,1.07403,-0.42895
2013-07-25,1.99182,1.48727,1.69376,1.79168,1.65109,1.31233,1.52662,0.66549,2.00292,1.59553,2.05107,0.81152,2.15509,1.81568,2.1657,0.92638,2.46712,2.04808,2.54742,1.07322,-0.07665
2013-07-26,1.99182,1.48727,1.69376,1.79168,1.60147,1.27289,1.48074,0.64549,1.9474,1.55117,1.99423,0.7893,2.09936,1.76873,2.1097,0.90243,2.46383,2.04646,2.54147,1.07197,-0.82543
2013-07-29,1.99182,1.48727,1.69376,1.79168,1.63171,1.29692,1.5087,0.65767,1.98994,1.58515,2.03778,0.80633,2.1661,1.82495,2.17676,0.93111,2.47187,2.05041,2.55594,1.07501,-0.89115
2013-07-30,1.99182,1.48727,1.69376,1.79168,1.67213,1.32905,1.54607,0.67397,2.0421,1.62684,2.09118,0.82721,2.1819,1.83827,2.19265,0.93791,2.47781,2.05332,2.5665,1.07723,-0.62854
2013-07-31,1.99182,1.48727,1.69376,1.79168,1.66558,1.32384,1.54002,0.67133,2.03676,1.62257,2.08571,0.82507,2.17278,1.83058,2.18347,0.93399,2.47385,2.05138,2.55946,1.07575,0.70878
2013-08-01,1.99182,1.47833,1.69227,1.79168,1.6713,1.32839,1.54531,0.67363,2.03725,1.62296,2.08621,0.82527,2.17952,1.83626,2.19026,0.93689,2.47202,2.05048,2.55621,1.07507,0.72681
2013-08-02,1.99182,1.47833,1.69227,1.79168,1.67951,1.33491,1.5529,0.67694,2.04083,1.62582,2.08988,0.8267,2.22746,1.87665,2.23843,0.95749,2.47158,2.05027,2.55541,1.0749,-0.75151
2013-08-05,1.99182,1.47833,1.69227,1.79168,1.69118,1.34419,1.56369,0.68165,2.05763,1.63924,2.10707,0.83342,2.2095,1.86152,2.22038,0.94977,2.47378,2.05135,2.55935,1.07573,-0.63782
2013-08-06,1.99182,1.47833,1.69227,1.79168,1.68486,1.33916,1.55784,0.6791,2.0523,1.63499,2.10162,0.83129,2.17185,1.8298,2.18255,0.93359,2.47228,2.05061,2.55666,1.07516,-0.21809
2013-08-07,1.99182,1.47833,1.69227,1.79168,1.6389,1.30263,1.51535,0.66057,1.99939,1.59271,2.04745,0.81011,2.10898,1.77683,2.11937,0.90656,2.46637,2.04771,2.54606,1.07294,-0.56856
2013-08-08,1.99182,1.47833,1.69227,1.79168,1.6261,1.29246,1.50352,0.65542,1.98863,1.58411,2.03643,0.8058,2.11847,1.78482,2.1289,0.91064,2.46785,2.04844,2.54873,1.0735,-0.58944
2013-08-09,1.99182,1.47833,1.69227,1.79168,1.61675,1.28503,1.49487,0.65165,1.98215,1.57893,2.0298,0.80321,2.1112,1.7787,2.12159,0.90752,2.46882,2.04891,2.55047,1.07386,1.36153
2013-08-12,1.99182,1.47833,1.69227,1.79168,1.77248,1.40881,1.63886,0.71442,2.15164,1.71436,2.20332,0.87106,2.35824,1.98683,2.36985,1.01371,2.49321,2.06079,2.59341,1.08287,0.03929
2013-08-13,1.99182,1.47833,1.69227,1.79168,1.71865,1.36602,1.58909,0.69272,2.08409,1.66039,2.13417,0.84402,2.11691,1.78351,2.12734,0.90997,2.47309,2.05101,2.55812,1.07547,-0.04476
2013-08-14,1.99182,1.47833,1.69227,1.79168,1.66651,1.32458,1.54088,0.6717,2.02194,1.61072,2.07054,0.81914,2.11344,1.78059,2.12385,0.90848,2.46593,2.04749,2.54528,1.07277,0.29833
2013-08-15,1.99182,1.47833,1.69227,1.79168,1.62589,1.29229,1.50332,0.65533,1.97346,1.57198,2.0209,0.79973,2.10078,1.76992,2.11113,0.90304,2.46396,2.04652,2.54172,1.07202,-0.19551
2013-08-16,1.99182,1.47833,1.69227,1.79168,1.58083,1.25648,1.46165,0.63717,1.92522,1.53344,1.97152,0.78042,2.07326,1.74673,2.08346,0.89121,2.46313,2.04611,2.54021,1.07171,0.09089
2013-08-19,1.99182,1.47833,1.69227,1.79168,1.53366,1.21899,1.41805,0.61816,1.86133,1.48423,1.90551,0.75353,1.91723,1.61528,1.92667,0.82414,2.46224,2.04567,2.53859,1.07137,0.70806
2013-08-20,1.99182,1.47833,1.69227,1.79168,1.54795,1.23035,1.43126,0.62392,1.87906,1.4984,1.92365,0.76063,2.0158,1.69832,2.02572,0.86651,2.46694,2.04799,2.5471,1.07315,-0.75051
2013-08-21,1.99182,1.47833,1.69227,1.79168,1.56857,1.24674,1.45032,0.63223,1.91084,1.52381,1.95618,0.77336,2.05809,1.73396,2.06822,0.88469,2.47158,2.05027,2.55542,1.0749,-0.26489
2013-08-22,1.99182,1.47833,1.69227,1.79168,1.52928,1.21551,1.414,0.61639,1.8709,1.49187,1.9153,0.75736,1.97981,1.668,1.98956,0.85104,2.46643,2.04774,2.54618,1.07296,0.62225
2013-08-23,1.99182,1.47833,1.69227,1.79168,1.53016,1.21621,1.41481,0.61674,1.87267,1.49329,1.91712,0.75808,2.05127,1.72821,2.06137,0.88175,2.46739,2.04821,2.54791,1.07332,0.23232
2013-08-26,1.99182,1.47833,1.69227,1.79168,1.49025,1.18448,1.3779,0.60066,1.8308,1.45981,1.87426,0.7413,2.01389,1.69672,2.02381,0.86569,2.46417,2.04663,2.5421,1.0721,0.05087
2013-08-27,1.99182,1.47833,1.69227,1.79168,1.44518,1.14866,1.33623,0.58249,1.78593,1.42394,1.82833,0.72333,1.96961,1.65941,1.97931,0.84665,2.46259,2.04585,2.53924,1.0715,0.50938
2013-08-28,1.99182,1.47833,1.69227,1.79168,1.43494,1.14053,1.32677,0.57837,1.77879,1.41823,1.82104,0.72047,1.96646,1.65676,1.97615,0.8453,2.4644,2.04674,2.54252,1.07219,0.54145
2013-08-29,1.99182,1.47833,1.69227,1.79168,1.42961,1.13629,1.32184,0.57622,1.77697,1.41677,1.81916,0.71974,1.97613,1.6649,1.98586,0.84946,2.46549,2.04728,2.54448,1.0726,-0.60851
2013-08-30,1.99182,1.47833,1.69227,1.79168,1.43455,1.14021,1.3264,0.57821,1.79272,1.42937,1.83529,0.72605,1.98326,1.67091,1.99303,0.85252,2.46812,2.04857,2.54922,1.0736,-0.11304
2013-09-03,1.99182,1.47833,1.69227,1.79168,1.39254,1.10682,1.28756,0.56128,1.75315,1.39773,1.79479,0.7102,1.92637,1.62298,1.93586,0.82807,2.46431,2.04669,2.54235,1.07215,0.91317
2013-09-04,1.99182,1.47833,1.69227,1.79168,1.45972,1.16022,1.34968,0.58836,1.82823,1.45776,1.87163,0.74027,2.091,1.76168,2.10129,0.89883,2.47217,2.05056,2.55647,1.07512,-0.39486
2013-09-05,1.99182,1.47833,1.69227,1.79168,1.43545,1.14093,1.32724,0.57857,1.80768,1.44133,1.8506,0.73204,1.99749,1.6829,2.00733,0.85864,2.46787,2.04845,2.54878,1.07351,0.66517
2013-09-06,1.99182,1.47833,1.69227,1.79168,1.44924,1.15189,1.33999,0.58413,1.82325,1.45378,1.86653,0.73828,2.04238,1.72072,2.05243,0.87793,2.46867,2.04884,2.55021,1.07381,-0.32582
2013-09-09,1.99182,1.47833,1.69227,1.79168,1.41898,1.12784,1.31201,0.57193,1.79574,1.43178,1.83838,0.72726,1.98506,1.67243,1.99484,0.8533,2.46582,2.04744,2.54508,1.07273,0.45709
2013-09-10,1.99182,1.47833,1.69227,1.79168,1.40351,1.11555,1.29771,0.5657,1.7808,1.41984,1.82309,0.72127,2.00935,1.69289,2.01925,0.86374,2.46514,2.04711,2.54386,1.07247,-0.09617
2013-09-11,1.99182,1.47833,1.69227,1.79168,1.36201,1.08256,1.25934,0.54897,1.74155,1.38846,1.78292,0.70555,1.91378,1.61237,1.9232,0.82265,2.46316,2.04613,2.54026,1.07172,-0.3236
2013-09-12,1.99182,1.47833,1.69227,1.79168,1.33508,1.06115,1.23444,0.53812,1.72081,1.37188,1.76169,0.69724,1.87934,1.58336,1.8886,0.80785,2.46368,2.04638,2.54121,1.07191,0.12401
2013-09-13,1.99182,1.47833,1.69227,1.79168,1.2966,1.03057,1.19886,0.52261,1.68589,1.34395,1.72594,0.68325,1.83343,1.54467,1.84245,0.78811,2.46248,2.04579,2.53904,1.07146,-0.02268
2013-09-16,1.64213,1.43758,1.59896,1.79168,1.16208,0.97814,1.1159,0.50672,1.65236,1.31715,1.69163,0.66982,1.82268,1.53562,1.83166,0.7835,2.46202,2.04556,2.5382,1.07128,0.00123
2013-09-17,1.64213,1.43758,1.59896,1.79168,1.12668,0.94835,1.08191,0.49128,1.6213,1.29232,1.65985,0.65738,1.80278,1.51886,1.81166,0.77494,2.46182,2.04547,2.53784,1.07121,0.74725
2013-09-18,1.64213,1.43758,1.59896,1.79168,1.17024,0.98501,1.12373,0.51027,1.61255,1.28497,1.65069,0.656,1.91633,1.61452,1.92577,0.82375,2.46743,2.04823,2.54799,1.07334,1.02126
2013-09-19,1.64213,1.43758,1.59896,1.79168,1.27138,1.07014,1.22086,0.55438,1.73094,1.37967,1.77184,0.70345,2.06825,1.74252,2.07844,0.88906,2.4769,2.05287,2.56488,1.07689,-1.20269
2013-09-20,1.64213,1.43758,1.59896,1.79168,1.40566,1.20868,1.37422,0.61293,1.90131,1.51594,1.94618,0.77173,2.23336,1.88162,2.24435,0.96003,2.49454,2.06144,2.5957,1.08336,-0.96977
2013-09-23,1.64213,1.43758,1.59896,1.79168,1.46769,1.26201,1.43486,0.63997,1.97765,1.577,2.02429,0.80232,2.25289,1.89807,2.26398,0.96842,2.49295,2.06067,2.59296,1.08278,-0.27511
2013-09-24,1.64213,1.43758,1.59896,1.79168,1.43135,1.23076,1.39933,0.62413,1.92889,1.53801,1.97441,0.78278,2.16777,1.82636,2.17844,0.93183,2.47454,2.05172,2.5607,1.07601,-0.4685
2013-09-25,1.64213,1.43758,1.59896,1.79168,1.41248,1.21454,1.38088,0.6159,1.90437,1.51839,1.94931,0.77295,2.15566,1.81616,2.16627,0.92663,2.46974,2.04937,2.55213,1.07421,-1.1623
2013-09-26,1.64213,1.43758,1.59896,1.79168,1.51714,1.30453,1.4832,0.66154,2.03366,1.6218,2.08161,0.82477,2.32007,1.95468,2.3315,0.9973,2.48751,2.05803,2.58352,1.0808,0.12849
2013-09-27,1.64213,1.43758,1.59896,1.79168,1.47269,1.26631,1.43975,0.64215,1.97066,1.57141,2.01715,0.79952,2.08086,1.75314,2.09111,0.89448,2.47115,2.05006,2.55465,1.07474,-0.10862
2013-09-30,1.64213,1.43758,1.59896,1.79168,1.42913,1.22886,1.39716,0.62316,1.91286,1.52518,1.958,0.77635,2.00536,1.68953,2.01523,0.86202,2.46541,2.04723,2.54433,1.07257,-0.09126
2013-10-01,1.64213,1.43758,1.59896,1.79168,1.38654,1.19224,1.35553,0.60459,1.85849,1.48169,1.90236,0.75456,1.9933,1.67937,2.00311,0.85684,2.46324,2.04617,2.54041,1.07175,0.56568
2013-10-02,1.64213,1.43758,1.59896,1.79168,1.38135,1.18777,1.35045,0.60233,1.84695,1.47246,1.89055,0.74994,2.03555,1.71497,2.04558,0.875,2.46531,2.04719,2.54416,1.07254,1.08817
2013-10-03,1.64213,1.43758,1.59896,1.79168,1.47218,1.26587,1.43925,0.64193,1.94938,1.55439,1.99537,0.79099,2.14457,1.80681,2.15513,0.92186,2.47799,2.05341,2.56682,1.0773,-0.84889
2013-10-04,1.64213,1.43758,1.59896,1.79168,1.50488,1.29399,1.47122,0.65619,1.99082,1.58754,2.03777,0.8076,2.14233,1.80493,2.15288,0.9209,2.4796,2.05419,2.56966,1.07789,0.20755
2013-10-07,1.64213,1.43758,1.59896,1.79168,1.46369,1.25857,1.43095,0.63823,1.93373,1.54187,1.97935,0.78472,2.06773,1.74208,2.07791,0.88883,2.46855,2.04878,2.55,1.07376,-0.07068
2013-10-08,1.64213,1.43758,1.59896,1.79168,1.41965,1.22071,1.3879,0.61903,1.87732,1.49675,1.92163,0.76211,2.05351,1.73009,2.06362,0.88272,2.46434,2.04671,2.5424,1.07217,0.71343
2013-10-09,1.64213,1.43758,1.59896,1.79168,1.43356,1.23267,1.4015,0.62509,1.88877,1.50591,1.93335,0.7667,2.13179,1.79605,2.14229,0.91637,2.46795,2.04849,2.54892,1.07354,-0.70853
2013-10-10,1.64213,1.43758,1.59896,1.79168,1.44576,1.24316,1.41342,0.63041,1.90738,1.5208,1.95239,0.77416,2.08799,1.75914,2.09827,0.89754,2.47112,2.05004,2.5546,1.07473,0.38513
2013-10-11,1.64213,1.43758,1.59896,1.79168,1.41831,1.21956,1.38659,0.61844,1.86939,1.49041,1.91352,0.75893,2.00848,1.69216,2.01837,0.86336,2.46654,2.04779,2.54637,1.073,-0.22193
2013-10-14,1.64213,1.43758,1.59896,1.79168,1.38075,1.18725,1.34986,0.60206,1.82469,1.45465,1.86777,0.74102,1.99624,1.68185,2.00607,0.8581,2.46424,2.04666,2.54222,1.07213,0.79417
2013-10-15,1.64213,1.43758,1.59896,1.79168,1.41106,1.21332,1.3795,0.61528,1.85778,1.48112,1.90164,0.75428,2.12162,1.78748,2.13207,0.912,2.46943,2.04921,2.55156,1.07409,-0.69641
2013-10-16,1.64213,1.43758,1.59896,1.79168,1.42291,1.22351,1.39109,0.62045,1.87727,1.49671,1.92158,0.76209,2.11444,1.78143,2.12485,0.90891,2.47154,2.05025,2.55534,1.07489,0.6264
2013-10-17,1.64213,1.43758,1.59896,1.79168,1.42374,1.22422,1.39189,0.62081,1.87874,1.49997,1.92217,0.76253,2.09709,1.76681,2.10741,0.90145,2.46959,2.04929,2.55186,1.07415,-1.09761
2013-10-18,1.64213,1.43758,1.59896,1.79168,1.51181,1.29996,1.478,0.65921,1.9909,1.58978,2.0369,0.80753,2.27059,1.91298,2.28177,0.97603,2.48433,2.05649,2.57797,1.07964,-0.09131
2013-10-21,1.64213,1.43758,1.59896,1.79168,1.46666,1.26112,1.43385,0.63952,1.93237,1.54292,1.97704,0.78405,2.12005,1.78615,2.13049,0.91132,2.47015,2.04957,2.55286,1.07436,-0.46812
2013-10-22,1.64213,1.39565,1.57621,1.79168,1.44609,1.24344,1.41374,0.63055,1.90797,1.52338,1.95208,0.77426,2.0866,1.75798,2.09687,0.89694,2.46796,2.04849,2.54894,1.07354,-1.31801
2013-10-23,1.64213,1.39565,1.57621,1.79168,1.58552,1.37794,1.56369,0.69136,2.0823,1.66297,2.13039,0.84421,2.34772,1.97797,2.35928,1.00919,2.49523,2.06177,2.59687,1.0836,-0.22659
2013-10-24,1.64213,1.39565,1.57621,1.79168,1.54248,1.34053,1.52124,0.67259,2.02367,1.61602,2.07043,0.82069,2.15066,1.81195,2.16125,0.92448,2.47494,2.05191,2.5614,1.07616,0.06026
2013-10-25,1.64213,1.39565,1.57621,1.79168,1.49588,1.30002,1.47527,0.65227,1.96148,1.56623,2.00681,0.79573,2.05345,1.73005,2.06356,0.88269,2.46651,2.04778,2.54633,1.07299,0.88001
2013-10-28,1.64213,1.39565,1.57621,1.79168,1.53224,1.33163,1.51114,0.66812,1.99806,1.59552,2.04423,0.81041,2.18046,1.83705,2.1912,0.93729,2.47242,2.05068,2.55692,1.07522,-0.4667
2013-10-29,1.64213,1.39565,1.57621,1.79168,1.50852,1.31102,1.48775,0.65778,1.96804,1.57148,2.01352,0.79836,2.12483,1.79018,2.13529,0.91338,2.46886,2.04894,2.55055,1.07388,-0.44716
2013-10-30,1.64213,1.39565,1.57621,1.79168,1.48398,1.28969,1.46354,0.64708,1.93807,1.54748,1.98286,0.78634,2.01357,1.69644,2.02348,0.86555,2.46718,2.04811,2.54752,1.07324,-0.97855
2013-10-31,1.64213,1.39565,1.57621,1.79168,1.54021,1.33855,1.519,0.6716,2.01046,1.60545,2.05691,0.81539,2.18376,1.83983,2.19451,0.93871,2.47819,2.0535,2.56718,1.07737,0.07521
2013-11-01,1.64213,1.34145,1.5534,1.79168,1.49389,1.28454,1.47102,0.6514,1.94933,1.5565,1.99439,0.79086,2.07368,1.74709,2.08389,0.89139,2.4677,2.04836,2.54847,1.07344,-1.3318
2013-11-04,1.64213,1.34145,1.5534,1.79168,1.63019,1.45332,1.61383,0.71083,2.1211,1.69403,2.17008,0.85978,2.3404,1.9718,2.35192,1.00604,2.49594,2.06211,2.59809,1.08386,-0.27688
2013-11-05,1.64213,1.34145,1.5534,1.79168,1.58816,1.41585,1.57222,0.69251,2.06314,1.64762,2.11079,0.83652,2.14244,1.80502,2.15299,0.92095,2.47567,2.05227,2.56271,1.07643,-0.73592
2013-11-06,1.51175,1.3318,1.50167,1.79168,1.59431,1.42133,1.57831,0.69519,2.06896,1.65229,2.11675,0.83886,2.22604,1.87545,2.237,0.95688,2.47532,2.0521,2.56208,1.0763,1.27787
2013-11-07,1.51175,1.3318,1.50167,1.79168,1.7043,1.51938,1.68719,0.74315,2.19243,1.75115,2.24304,0.8884,2.41159,2.03178,2.42346,1.03664,2.49287,2.06063,2.59281,1.08275,1.2449
2013-11-08,1.51175,1.3318,1.50167,1.79168,1.79427,1.59959,1.77627,0.78238,2.28951,1.82888,2.34234,0.92735,2.51878,2.12209,2.53119,1.08272,2.50253,2.06528,2.60936,1.08622,-0.47719
2013-11-11,1.51175,1.3318,1.50167,1.79168,1.76014,1.56917,1.74248,0.7675,2.23797,1.78761,2.28962,0.90667,2.28807,1.92771,2.29934,0.98355,2.4811,2.05492,2.57229,1.07844,0.51398
2013-11-12,1.51175,1.3318,1.50167,1.79168,1.73078,1.54299,1.71341,0.75469,2.18957,1.74886,2.24011,0.88725,2.30652,1.94326,2.31787,0.99148,2.47181,2.05038,2.55583,1.07499,-0.69831
2013-11-13,1.51175,1.3318,1.50167,1.79168,1.72329,1.53632,1.706,0.75143,2.17693,1.73874,2.22719,0.88218,2.33391,1.96634,2.3454,1.00325,2.47266,2.0508,2.55735,1.07531,0.28071
2013-11-14,1.51175,1.3318,1.50167,1.79168,1.67822,1.49613,1.66138,0.73177,2.11246,1.68712,2.16124,0.85631,2.17549,1.83286,2.1862,0.93515,2.46637,2.04771,2.54607,1.07294,-1.5567
2013-11-15,1.5567,1.34145,1.53916,1.79168,1.8472,1.6836,1.83977,0.80546,2.3348,1.86824,2.38755,0.94394,2.4983,2.10483,2.5106,1.07391,2.51345,2.0705,2.62775,1.09008,0.31466
2013-11-18,1.5567,1.34145,1.53916,1.79168,1.79963,1.64024,1.79239,0.78471,2.26352,1.81111,2.31467,0.91531,2.25847,1.90278,2.26959,0.97082,2.48163,2.05518,2.57324,1.07864,0.5159
2013-11-19,1.5567,1.3318,1.50916,1.79168,1.76871,1.61206,1.7616,0.77123,2.21529,1.77246,2.26536,0.89594,2.25661,1.90121,2.26772,0.97002,2.47205,2.0505,2.55626,1.07508,-0.24991
2013-11-20,1.5567,1.3318,1.50916,1.79168,1.72056,1.56818,1.71365,0.75024,2.14989,1.72004,2.1985,0.86967,2.20755,1.85988,2.21842,0.94894,2.4665,2.04777,2.5463,1.07298,-0.00074
2013-11-21,1.5567,1.3318,1.50916,1.79168,1.66815,1.52041,1.66144,0.72738,2.08062,1.66452,2.12766,0.84184,2.19094,1.84588,2.20173,0.94179,2.46346,2.04628,2.54081,1.07183,1.04469
2013-11-22,1.5567,1.3318,1.50916,1.79168,1.72051,1.56813,1.7136,0.75022,2.14308,1.71458,2.19153,0.86693,2.19973,1.85329,2.21056,0.94557,2.47549,2.05218,2.56239,1.07636,-0.08277
2013-11-25,1.5567,1.3318,1.50916,1.79168,1.66875,1.52095,1.66204,0.72764,2.07537,1.66032,2.12231,0.83973,2.0749,1.74812,2.08512,0.89191,2.46691,2.04797,2.54703,1.07314,0.22756
2013-11-26,1.5567,1.3318,1.50916,1.79168,1.62295,1.47921,1.61643,0.70768,2.01659,1.61321,2.0622,0.81612,2.06518,1.73993,2.07535,0.88773,2.46397,2.04653,2.54174,1.07203,-0.38279
2013-11-27,1.5567,1.3318,1.50916,1.79168,1.58813,1.44748,1.58175,0.69249,1.97625,1.58088,2.02096,0.79992,2.06802,1.74232,2.07821,0.88896,2.46453,2.0468,2.54274,1.07224,-0.56732
2013-11-29,1.5567,1.3318,1.50916,1.79168,1.57239,1.43313,1.56607,0.68563,1.96218,1.5696,2.00657,0.79426,2.11319,1.78038,2.1236,0.90837,2.46705,2.04804,2.54729,1.07319,0.32774
2013-12-02,1.5567,1.3318,1.50916,1.79168,1.53556,1.39956,1.52939,0.66957,1.91822,1.53437,1.96162,0.7766,2.01434,1.6971,2.02426,0.86588,2.46456,2.04682,2.5428,1.07225,0.34893
2013-12-03,1.5567,1.3318,1.50916,1.79168,1.50163,1.36864,1.4956,0.65478,1.8794,1.50326,1.92194,0.76101,2.0056,1.68973,2.01548,0.86213,2.46376,2.04643,2.54136,1.07195,0.76879
2013-12-04,1.5567,1.3318,1.50916,1.79168,1.51859,1.38409,1.51249,0.66217,1.90434,1.52325,1.94743,0.77103,2.11136,1.77883,2.12175,0.90758,2.46871,2.04886,2.55027,1.07382,0.87389
2013-12-05,1.5567,1.3318,1.50916,1.79168,1.55201,1.41456,1.54577,0.67674,1.94844,1.55858,1.99252,0.78874,2.15249,1.81349,2.16309,0.92526,2.47333,2.05113,2.55854,1.07556,0.86665
2013-12-06,1.5567,1.3318,1.50916,1.79168,1.58153,1.44146,1.57517,0.68961,1.98593,1.58863,2.03085,0.8038,2.19554,1.84976,2.20635,0.94377,2.47537,2.05212,2.56217,1.07632,1.43566
2013-12-09,1.5567,1.3318,1.50916,1.79168,1.73251,1.57907,1.72555,0.75545,2.17313,1.73867,2.22226,0.879,2.48237,2.09141,2.49459,1.06707,2.50341,2.0657,2.61086,1.08654,0.66788
2013-12-10,1.5567,1.3318,1.50916,1.79168,1.72112,1.56869,1.7142,0.75048,2.15229,1.72197,2.20095,0.87063,2.32495,1.95878,2.3364,0.9994,2.48373,2.0562,2.57691,1.07941,0.26347
2013-12-11,1.5567,1.3318,1.50916,1.79168,1.67524,1.52687,1.66851,0.73048,2.09021,1.67221,2.13747,0.84569,2.2217,1.8718,2.23264,0.95502,2.47036,2.04967,2.55323,1.07444,-0.05131
2013-12-12,1.5567,1.3318,1.50916,1.79168,1.62446,1.48059,1.61793,0.70833,2.02539,1.62026,2.0712,0.81965,2.15686,1.81717,2.16748,0.92715,2.46495,2.04701,2.5435,1.0724,1.03245
2013-12-13,1.5567,1.3318,1.50916,1.79168,1.67837,1.52972,1.67162,0.73184,2.09168,1.67339,2.13898,0.84628,2.3051,1.94206,2.31645,0.99086,2.47591,2.05239,2.56314,1.07652,-0.04748
2013-12-16,1.5567,1.3318,1.50916,1.79168,1.62746,1.48332,1.62092,0.70964,2.02671,1.62131,2.07254,0.82018,2.0368,1.71602,2.04683,0.87554,2.46697,2.048,2.54714,1.07316,-1.33592
2013-12-17,1.5567,1.33592,1.50985,1.79168,1.74725,1.59251,1.74023,0.76188,2.16539,1.73214,2.21403,0.87866,2.34524,1.97588,2.35679,1.00812,2.49563,2.06196,2.59756,1.08375,0.15791
2013-12-18,1.5567,1.33592,1.50985,1.79168,1.69635,1.54611,1.68953,0.73968,2.09716,1.67744,2.14429,0.85124,2.11,1.77769,2.12039,0.907,2.47416,2.05153,2.56002,1.07587,0.45772
2013-12-19,1.5567,1.33592,1.50985,1.79168,1.66465,1.51722,1.65796,0.72586,2.05399,1.64282,2.10016,0.83389,2.14727,1.80909,2.15784,0.92302,2.4684,2.04871,2.54973,1.07371,0.13662
2013-12-20,1.5567,1.33592,1.50985,1.79168,1.61576,1.47266,1.60926,0.70454,1.99242,1.59346,2.03722,0.80914,2.0445,1.7225,2.05456,0.87884,2.46424,2.04666,2.54222,1.07213,0.63984
2013-12-23,1.5567,1.33592,1.50985,1.79168,1.60724,1.46489,1.60078,0.70083,1.98114,1.58441,2.02568,0.80461,2.12529,1.79057,2.13575,0.91357,2.46673,2.04789,2.54672,1.07307,0.85687
2013-12-24,1.5567,1.33592,1.50985,1.79168,1.63093,1.48648,1.62437,0.71115,2.00966,1.60727,2.05484,0.81607,2.10094,1.77006,2.11129,0.90311,2.47197,2.05046,2.55611,1.07505,0.12899
2013-12-26,1.5567,1.33592,1.50985,1.79168,1.58291,1.44271,1.57654,0.69021,1.95083,1.5601,1.9947,0.79243,1.99516,1.68094,2.00499,0.85764,2.46552,2.04729,2.54454,1.07261,-0.52487
2013-12-27,1.5567,1.33592,1.50985,1.79168,1.56275,1.42434,1.55647,0.68143,1.93249,1.5454,1.97596,0.78506,2.03598,1.71533,2.04601,0.87518,2.46684,2.04794,2.54692,1.07312,-0.04957
2013-12-30,1.5567,1.33592,1.50985,1.79168,1.5154,1.38119,1.50931,0.66078,1.878,1.50171,1.92025,0.76316,2.00238,1.68702,2.01224,0.86074,2.46366,2.04637,2.54117,1.07191,0.23763
2013-12-31,1.5567,1.33592,1.50985,1.79168,1.47529,1.34462,1.46936,0.64329,1.83286,1.46551,1.87411,0.74501,1.97951,1.66775,1.98925,0.85091,2.46281,2.04596,2.53964,1.07159,-0.81827
2014-01-02,1.5567,1.33592,1.50985,1.79168,1.50239,1.36933,1.49635,0.65511,1.87848,1.50209,1.92074,0.76335,2.05283,1.72953,2.06294,0.88243,2.47119,2.05008,2.55472,1.07475,-1.02821
2014-01-03,1.5567,1.33592,1.50985,1.79168,1.56696,1.42818,1.56066,0.68326,1.96873,1.57446,2.013,0.79962,2.19057,1.84557,2.20135,0.94163,2.48234,2.05553,2.57449,1.0789,-0.0554
2014-01-06,1.5567,1.33592,1.50985,1.79168,1.51954,1.38496,1.51344,0.66259,1.9119,1.52889,1.95491,0.77678,2.0536,1.73017,2.06371,0.88276,2.46932,2.04916,2.55137,1.07405,0.3053
2014-01-07,1.5567,1.33592,1.50985,1.79168,1.4832,1.35184,1.47724,0.64674,1.86878,1.49432,1.91083,0.75945,2.0593,1.73498,2.06944,0.88521,2.46527,2.04717,2.54409,1.07252,0.47618
2014-01-08,1.5567,1.33592,1.50985,1.79168,1.46269,1.33314,1.45681,0.63779,1.84565,1.47577,1.88719,0.75015,2.07483,1.74806,2.08505,0.89188,2.46512,2.04709,2.54381,1.07246,-2.0522
2014-01-09,1.99182,1.34145,1.62923,1.79168,2.31799,1.68608,1.96999,0.79691,2.30858,1.84696,2.36042,0.93621,2.74721,2.31454,2.76074,1.18091,2.60008,2.11053,2.76307,1.11839,-1.51422
2014-01-10,1.99182,1.39565,1.65803,1.79168,2.49292,1.81332,2.11866,0.85705,2.47454,1.98003,2.53006,1.00291,2.65689,2.23844,2.66997,1.14208,2.64193,2.12905,2.82238,1.13079,-0.39691
2014-01-13,1.99182,1.39565,1.65803,1.79168,2.43346,1.77007,2.06813,0.83661,2.40284,1.92253,2.45677,0.97409,2.46834,2.0796,2.4805,1.06104,2.53103,2.07881,2.65671,1.09614,0.63917
2014-01-14,1.99182,1.39565,1.65803,1.79168,2.40288,1.74782,2.04214,0.82609,2.35769,1.88633,2.41061,0.95595,2.5172,2.12075,2.52959,1.08204,2.49432,2.06133,2.59531,1.08327,1.60534
2014-01-15,1.99182,1.39565,1.65803,1.79168,2.59531,1.8878,2.20568,0.89225,2.53116,2.02543,2.58795,1.02567,2.87986,2.4263,2.89404,1.23793,2.53785,2.08201,2.66773,1.09845,1.1741
2014-01-16,1.99182,1.39565,1.65803,1.79168,2.65166,1.92878,2.25357,0.91162,2.56841,2.0553,2.62603,1.04064,2.62744,2.21364,2.64038,1.12943,2.52531,2.07612,2.64738,1.09419,0.57955
2014-01-17,1.99182,1.39565,1.65803,1.79168,2.60383,1.89399,2.21292,0.89518,2.50378,2.00292,2.56014,1.01502,2.41567,2.03522,2.42756,1.03839,2.42065,1.99943,2.52266,1.04998,-0.88494
2014-01-20,1.99182,1.39565,1.65803,1.79168,2.60205,1.8927,2.21141,0.89457,2.49462,1.99557,2.55078,1.01134,2.47802,2.08775,2.49023,1.0652,2.41552,1.99697,2.51381,1.04811,0.10143
2014-01-21,1.99182,1.34145,1.642,1.79168,2.52382,1.83579,2.14492,0.86767,2.40458,1.92338,2.45873,0.97516,2.37917,2.00447,2.39089,1.02271,2.39703,1.988,2.48127,1.0412,1.27703
2014-01-22,1.99182,1.34145,1.642,1.79168,2.61062,1.89893,2.21869,0.89751,2.47995,1.98381,2.53578,1.00545,2.50038,2.10659,2.51269,1.07481,2.41828,1.9983,2.51859,1.04912,2.53549
2014-01-23,1.99182,1.34145,1.642,1.79168,3.10964,2.26192,2.6428,1.06907,2.96778,2.37491,3.03449,1.20148,3.25632,2.74347,3.27235,1.39975,3.04871,2.25384,3.24643,1.20369,4.1152
2014-01-24,1.99182,1.34145,1.642,1.79168,4.20554,3.05906,3.57417,1.44584,4.0426,3.2366,4.1333,1.63339,4.69619,3.95657,4.71931,2.0187,6.16909,5.17628,6.19928,2.60103,-2.2511
2014-01-27,2.0522,1.39565,1.79361,1.79168,4.38153,3.18707,3.72374,1.50634,4.18126,3.34776,4.27505,1.68911,4.2752,3.60188,4.29625,1.83773,6.17863,5.18719,6.2089,2.61145,2.03113
2014-01-28,2.0522,1.39565,1.79361,1.79168,4.48778,3.26436,3.81404,1.54287,4.23794,3.39321,4.333,1.71189,4.41338,3.7183,4.43511,1.89713,6.16887,5.17603,6.19906,2.60079,-1.02691
2014-01-29,2.0522,1.39565,1.79361,1.79168,4.41215,3.20935,3.74976,1.51687,4.11703,3.29628,4.2094,1.6633,4.23728,3.56994,4.25815,1.82143,6.08281,5.07752,6.11235,2.50992,-0.1103
2014-01-30,2.0522,1.39565,1.79361,1.79168,4.27846,3.1121,3.63614,1.47091,3.93738,3.15224,4.02573,1.59111,3.93887,3.31853,3.95827,1.69316,5.82158,4.77657,5.84888,2.26514,0.53689
2014-01-31,2.0522,1.39565,1.79361,1.79168,4.16572,3.0301,3.54033,1.43215,3.78336,3.02877,3.86828,1.52922,3.25293,2.74062,3.26895,1.3983,5.36765,4.24606,5.39,1.93266,-1.17299
2014-02-03,2.0522,1.39565,1.79361,1.79168,4.12438,3.00003,3.5052,1.41794,3.71591,2.97469,3.79932,1.50211,3.16584,2.66724,3.18143,1.36086,5.08119,3.90652,5.09974,1.77123,-0.19681
2014-02-04,2.0522,1.39565,1.79361,1.79168,4.0012,2.91042,3.4005,1.37558,3.55978,2.84952,3.63971,1.43937,2.83949,2.39229,2.85347,1.22058,4.16643,2.88609,4.18595,1.42866,3.97043
2014-02-05,2.0522,1.39565,1.79361,1.79168,4.80121,3.49234,4.08041,1.65062,4.39054,3.51555,4.48901,1.77321,4.61285,3.88635,4.63556,1.98287,6.18097,5.18986,6.21125,2.61401,10.2571
2014-02-06,2.0522,1.34145,1.78458,1.79168,8.66466,6.30257,7.36385,2.97885,8.3166,6.6631,8.50267,3.35088,10.21999,8.61041,10.27031,4.39315,6.20034,5.21198,6.23077,2.6354,-3.84393
2014-02-07,2.2511,1.51422,2.20166,1.79168,8.83587,6.4271,7.50935,3.03771,8.37588,6.71063,8.56328,3.3747,8.27145,6.96875,8.31217,3.55555,6.20014,5.21176,6.23057,2.63518,-2.91249
2014-02-10,2.91249,1.5567,2.4347,1.79168,8.81444,6.41151,7.49114,3.03035,8.24204,6.60333,8.42645,3.32092,8.2506,6.95118,8.29122,3.54659,6.19748,5.20871,6.22788,2.63222,9.47362
2014-02-11,2.91249,1.5567,2.4347,1.79168,10.89004,7.92129,9.25514,3.74393,10.28074,8.23777,10.51064,4.14017,11.87871,10.00789,11.9372,5.10616,6.20034,5.21198,6.23077,2.6354,-1.0868
2014-02-12,2.91249,1.5567,2.4347,1.79168,10.58665,7.7006,8.99729,3.63962,9.82281,7.87065,10.0425,3.95615,9.78821,8.24663,9.8364,4.20754,6.13669,5.13924,6.16665,2.56618,-5.42905
2014-02-13,3.84393,1.99182,3.0801,1.79168,10.96882,7.97859,9.32209,3.77101,10.10878,8.09991,10.33484,4.07106,9.40483,7.92364,9.45114,4.04275,6.20034,5.21198,6.23076,2.6354,-2.73832
2014-02-14,3.84393,2.0522,3.20451,1.79168,10.81215,7.86463,9.18894,3.71715,9.82145,7.86956,10.0411,3.9556,8.74793,7.37019,8.79101,3.76037,6.196,5.20703,6.2264,2.63059,1.03657
2014-02-18,3.84393,2.0522,3.20451,1.79168,10.50875,7.64394,8.93109,3.61284,9.90274,7.88586,10.15083,3.96032,9.03843,7.61494,9.08293,3.88524,6.12242,5.1229,6.15226,2.55107,1.93733
2014-02-19,3.84393,2.0522,3.20451,1.79168,10.28169,7.47878,8.73811,3.53478,9.47832,7.54769,9.7158,3.79097,6.85966,5.77931,6.89344,2.94868,6.13024,5.13185,6.16014,2.55933,1.25847
2014-02-20,3.84393,2.0522,3.20451,1.79168,10.00871,7.28022,8.50612,3.44093,9.01245,7.17649,9.23829,3.60508,6.84301,5.76528,6.87671,2.94152,6.04631,5.03565,6.07556,2.47299,-0.07713
2014-02-21,3.84393,2.0522,3.20451,1.79168,9.70396,7.05854,8.24712,3.33616,8.52255,6.78614,8.73614,3.4096,5.85951,4.93668,5.88836,2.51876,5.7418,4.68405,5.76833,2.19882,0.93899
2014-02-24,3.84393,2.0522,3.20451,1.79168,9.43209,6.86079,8.01607,3.24269,8.09104,6.44232,8.29384,3.23742,5.63281,4.74568,5.66054,2.42131,5.38558,4.2672,5.40816,1.94389,-0.49631
2014-02-25,3.84393,2.0522,3.20451,1.79168,9.15159,6.65676,7.77768,3.14626,7.66347,6.10163,7.85558,3.06681,5.54543,4.67206,5.57274,2.38375,4.69505,3.44918,4.70862,1.59938,-3.91757
2014-02-26,3.91757,2.2511,3.51541,1.79168,9.30148,6.76578,7.90506,3.19779,7.86189,6.25973,8.05896,3.14598,6.2131,5.23458,6.24369,2.67075,6.18932,5.1994,6.21966,2.62319,-1.60803
2014-02-27,3.91757,2.2511,3.51541,1.79168,9.0906,6.61239,7.72584,3.12529,7.54262,6.00534,7.73171,3.01859,6.00954,5.06308,6.03913,2.58325,6.1558,5.1611,6.1859,2.58664,-0.96668
2014-02-28,3.91757,2.2511,3.51541,1.79168,8.84054,6.4305,7.51332,3.03932,7.1765,5.71362,7.35644,2.8725,5.99081,5.0473,6.02031,2.5752,6.05514,5.04579,6.08446,2.48184,1.02641
2014-03-03,3.91757,2.2511,3.51541,1.79168,8.60236,6.25725,7.3109,2.95743,6.83464,5.44123,7.00604,2.73609,5.99882,5.05405,6.02836,2.57864,5.89108,4.85693,5.91901,2.32598,12.59962
2014-03-04,3.91757,2.2511,3.51541,1.79168,12.25352,8.91306,10.41391,4.21268,11.6684,9.29273,11.96063,4.66486,12.14938,10.23593,12.2092,5.22251,6.20034,5.21198,6.23077,2.6354,2.80093
2014-03-05,3.91757,2.2511,3.51541,1.79168,12.04667,8.7626,10.23812,4.14157,11.23555,8.94784,11.51696,4.49214,10.63909,8.96351,10.69148,4.5733,6.19594,5.20696,6.22634,2.63052,-5.44013
2014-03-06,5.42905,2.73832,4.04691,1.79168,12.30604,8.95126,10.45855,4.23074,11.42741,9.10071,11.71361,4.5687,11.4552,9.65108,11.5116,4.92411,6.20034,5.21198,6.23077,2.6354,-6.00447
2014-03-07,5.44013,2.91249,4.59127,1.79168,12.67496,9.21961,10.77209,4.35757,11.76152,9.36692,12.05607,4.70201,12.24722,10.31836,12.30752,5.26457,6.20034,5.21198,6.23077,2.6354,-0.33754
2014-03-10,5.44013,2.91249,4.59127,1.79168,12.29118,8.94046,10.44592,4.22563,11.12009,8.85583,11.39861,4.44607,11.86314,9.99478,11.92156,5.09947,6.09995,5.09717,6.12962,2.52759,-1.07142
2014-03-11,5.44013,2.91249,4.59127,1.79168,11.94117,8.68586,10.14846,4.10529,10.54505,8.39765,10.8092,4.21662,8.21592,6.92197,8.25637,3.53168,5.98338,4.96333,6.01211,2.41148,-0.56093
2014-03-12,5.44013,2.91249,4.59127,1.79168,11.58429,8.42627,9.84516,3.9826,9.9786,7.94631,10.22859,3.99059,7.94022,6.68969,7.97931,3.41317,5.67626,4.60781,5.70212,2.14703,-0.621
2014-03-13,5.44013,2.91249,4.59127,1.79168,11.24009,8.17591,9.55264,3.86427,9.44693,7.52268,9.68362,3.77844,7.09611,5.97852,7.13105,3.05032,5.18042,4.02445,5.20033,1.8235,-1.40682
2014-03-14,5.44013,2.91249,4.59127,1.79168,10.94367,7.9603,9.30072,3.76236,9.00006,7.16662,9.22559,3.60014,5.43383,4.57804,5.46059,2.33578,5.07037,3.89364,5.08877,1.76574,0.13854
2014-03-17,5.44013,2.91249,4.59127,1.79168,10.61075,7.71813,9.01777,3.64791,8.51099,6.77693,8.72429,3.40499,5.38318,4.53537,5.40969,2.31401,4.13192,2.85514,4.15321,1.41955,0.81493
2014-03-18,5.44013,2.91249,4.59127,1.79168,10.30387,7.49491,8.75697,3.5424,8.07235,6.42743,8.27469,3.22996,5.15585,4.34384,5.18124,2.21629,3.30562,2.35339,3.4523,1.24879,0.06432
2014-03-19,5.44013,2.91249,4.59127,1.79168,9.99008,7.26666,8.49028,3.43452,7.6843,6.09153,7.89221,3.0599,5.7177,4.8172,5.74585,2.4578,2.66126,2.10576,2.86691,1.12275,0.56796
2014-03-20,5.44013,2.91249,4.59127,1.79168,9.69419,7.05144,8.23882,3.3328,7.29392,5.78184,7.4913,2.90489,5.71264,4.81294,5.74077,2.45563,2.49327,2.03338,2.64026,1.07487,-0.68519
2014-03-21,5.44013,2.91249,4.59127,1.79168,9.41154,6.84584,7.9986,3.23563,6.93419,5.49647,7.12186,2.76204,5.64524,4.75615,5.67303,2.42665,2.4399,2.00861,2.55521,1.05688,-0.5438
2014-03-24,5.44013,2.91249,4.59127,1.79168,9.13305,6.64327,7.76192,3.13988,6.58768,5.22158,6.766,2.62444,5.63799,4.75004,5.66575,2.42354,2.41252,1.99552,2.50859,1.047,0.7019
2014-03-25,5.44013,2.91249,4.59127,1.79168,8.86893,6.45115,7.53745,3.04908,6.26786,4.96787,6.43755,2.49745,5.64053,4.75219,5.66831,2.42463,2.40331,1.99106,2.49243,1.04357,0.32876
2014-03-26,5.44013,2.91249,4.59127,1.79168,8.60193,6.25694,7.31054,2.95729,5.94922,4.71509,6.11031,2.37091,5.6314,4.74449,5.65912,2.4207,2.39381,1.98643,2.47549,1.03997,0.23925
2014-03-27,5.44013,2.91249,4.59127,1.79168,8.34163,6.0676,7.08931,2.8678,5.64636,4.47483,5.79928,2.25065,5.62227,4.7368,5.64995,2.41678,2.3897,1.98441,2.46808,1.0384,-0.124
2014-03-28,5.44013,2.91249,4.59127,1.79168,8.08799,5.88311,6.87375,2.7806,5.35936,4.24715,5.50454,2.13669,5.46139,4.60126,5.48828,2.34763,2.38799,1.98357,2.46497,1.03774,0.84939
2014-03-31,5.44013,2.91249,4.59127,1.79168,7.86491,5.72084,6.68417,2.70391,5.12626,4.06223,5.26515,2.04412,5.46252,4.60221,5.48942,2.34811,2.39571,1.98736,2.47891,1.0407,-0.02799
2014-04-01,5.44013,2.91249,4.59127,1.79168,7.62534,5.54658,6.48056,2.62154,4.86794,3.85731,4.99986,1.94154,5.43188,4.57639,5.45862,2.33494,2.38992,1.98452,2.46848,1.03849,-1.36871
2014-04-02,5.44013,2.91249,4.59127,1.79168,7.45708,5.42419,6.33756,2.5637,4.74326,3.7584,4.87182,1.89204,5.50812,4.64063,5.53524,2.36771,2.42383,2.00096,2.52811,1.05114,0.50595
2014-04-03,5.44013,2.91249,4.59127,1.79168,7.23889,5.26548,6.15213,2.48868,4.52187,3.58277,4.64445,1.80412,3.62671,3.05552,3.64456,1.55897,2.40384,1.99132,2.49337,1.04377,0.66456
2014-04-04,5.44013,2.91249,4.59127,1.79168,7.03432,5.11668,5.97827,2.41835,4.326,3.42738,4.44329,1.72634,3.53597,2.97908,3.55338,1.51996,2.39874,1.98883,2.48431,1.04185,-0.04183
2014-04-07,5.44013,2.91249,4.59127,1.79168,6.82009,4.96085,5.7962,2.3447,4.11425,3.2594,4.22583,1.64226,3.00998,2.53593,3.0248,1.29386,2.39104,1.98507,2.4705,1.03891,0.49741
2014-04-08,5.44013,2.91249,4.59127,1.79168,6.62182,4.81663,5.62769,2.27654,3.93136,3.11432,4.03801,1.56964,2.30515,1.94211,2.3165,0.99089,2.39081,1.98496,2.47009,1.03883,0.78679
2014-04-09,5.44013,2.91249,4.59127,1.79168,6.44452,4.68766,5.47701,2.21558,3.78752,3.00021,3.89029,1.51252,2.24885,1.89467,2.25992,0.96669,2.39558,1.98729,2.47868,1.04065,0.65625
2014-04-10,5.44013,2.91249,4.59127,1.79168,6.26566,4.55757,5.32501,2.15409,3.63955,2.88282,3.73832,1.45376,2.23739,1.88501,2.2484,0.96176,2.39505,1.98703,2.47772,1.04045,-0.0194
2014-04-11,5.44013,2.91249,4.59127,1.79168,6.0748,4.41874,5.1628,2.08848,3.46866,2.74726,3.56283,1.3859,2.18873,1.84402,2.19951,0.94084,2.38967,1.9844,2.46802,1.03839,0.09392
2014-04-14,5.44013,2.91249,4.59127,1.79168,5.89012,4.2844,5.00584,2.02498,3.30855,2.62024,3.39839,1.32232,2.18017,1.83681,2.1909,0.93716,2.38773,1.98344,2.4645,1.03764,-0.06135
2014-04-15,5.44013,2.91249,4.59127,1.79168,5.71085,4.154,4.85349,1.96335,3.15852,2.50122,3.24431,1.26275,2.11436,1.78136,2.12477,0.90888,2.38709,1.98313,2.46334,1.03739,-0.22847
2014-04-16,5.44013,2.91249,4.59127,1.79168,5.53926,4.02919,4.70766,1.90436,3.02321,2.39388,3.10535,1.20902,2.07804,1.75077,2.08828,0.89326,2.38753,1.98334,2.46414,1.03756,-0.40148
2014-04-17,5.44013,2.91249,4.59127,1.79168,5.37813,3.91199,4.57072,1.84897,2.07677,1.63809,2.13616,0.83122,2.07273,1.74629,2.08294,0.89098,2.38912,1.98413,2.46702,1.03818,0.28068
2014-04-21,5.44013,2.91249,4.59127,1.79168,5.21812,3.7956,4.43473,1.79396,2.00589,1.58203,2.06328,0.80316,2.07813,1.75084,2.08836,0.8933,2.38819,1.98367,2.46534,1.03782,0.67891
2014-04-22,5.44013,2.91249,4.59127,1.79168,5.08223,3.69675,4.31924,1.74724,2.01865,1.59212,2.0764,0.80821,2.12767,1.79257,2.13814,0.91459,2.39227,1.98567,2.47272,1.03939,-1.01245
2014-04-23,5.44013,2.91249,4.59127,1.79168,4.97993,3.62234,4.2323,1.71207,2.15393,1.69914,2.21551,0.86177,2.23217,1.88061,2.24316,0.95951,2.40534,1.99205,2.49602,1.04433,0.16825
2014-04-24,5.44013,2.91249,4.59127,1.79168,4.82971,3.51307,4.10463,1.66042,2.06453,1.62841,2.12357,0.82637,2.19746,1.85137,2.20828,0.9446,2.39358,1.98632,2.47508,1.03989,0.05781
2014-04-25,5.44013,2.91249,4.59127,1.79168,4.68276,3.40618,3.97974,1.6099,1.98188,1.56303,2.03858,0.79365,2.17489,1.83236,2.1856,0.9349,2.38911,1.98412,2.46701,1.03817,-0.49732
2014-04-28,5.44013,2.91249,4.59127,1.79168,4.55391,3.31246,3.87023,1.5656,1.96577,1.55029,2.02202,0.78727,2.19728,1.85123,2.2081,0.94452,2.39091,1.98501,2.47027,1.03887,-0.33696
2014-04-29,5.44013,2.91249,4.59127,1.79168,4.4217,3.21629,3.75788,1.52015,1.92251,1.51607,1.97754,0.77015,2.16841,1.8269,2.17909,0.93211,2.38979,1.98446,2.46825,1.03844,0.35398
2014-04-30,5.44013,2.91249,4.59127,1.79168,4.29441,3.1237,3.64969,1.47639,1.88096,1.4832,1.93481,0.7537,2.10148,1.77051,2.11183,0.90334,2.38893,1.98404,2.46669,1.03811,-0.3946
2014-05-01,5.44013,2.91249,4.59127,1.79168,3.29021,2.99881,3.35086,1.43467,1.85931,1.46607,1.91255,0.74513,2.10041,1.76961,2.11075,0.90288,2.3896,1.98436,2.46789,1.03836,-0.18987
2014-05-02,5.44013,2.91249,4.59127,1.79168,3.19176,2.90908,3.25059,1.39174,1.81219,1.42879,1.86409,0.72647,2.10023,1.76946,2.11058,0.9028,2.38824,1.9837,2.46544,1.03784,-0.30815
2014-05-05,5.44013,2.91249,4.59127,1.79168,3.09937,2.82487,3.1565,1.35145,1.7861,1.40816,1.83727,0.71614,2.05178,1.72864,2.06188,0.88197,2.38852,1.98383,2.46595,1.03795,-0.17484
2014-05-06,5.44013,2.91249,4.59127,1.79168,3.00655,2.74027,3.06197,1.31098,1.74751,1.37763,1.79758,0.70086,2.03826,1.71724,2.04829,0.87616,2.38777,1.98346,2.46458,1.03766,0.67453
2014-05-07,5.44013,2.91249,4.59127,1.79168,2.93949,2.67915,2.99367,1.28174,1.80316,1.42165,1.85481,0.7229,2.07761,1.7504,2.08784,0.89308,2.39201,1.98555,2.47226,1.03929,0.76037
2014-05-08,5.44013,2.91249,4.59127,1.79168,2.88177,2.62654,2.93489,1.25657,1.87484,1.47835,1.92852,0.75127,2.12656,1.79164,2.13703,0.91412,2.39555,1.98728,2.47862,1.04064,-0.53113
2014-05-09,5.44013,2.91249,4.59127,1.79168,2.80986,2.561,2.86166,1.22522,1.88288,1.48472,1.93679,0.75446,2.13782,1.80113,2.14835,0.91896,2.39407,1.98655,2.47596,1.04008,-1.05905
2014-05-12,5.44013,2.91249,4.59127,1.79168,2.78847,2.5415,2.83987,1.21589,2.06689,1.63028,2.126,0.8273,2.2487,1.89455,2.25977,0.96662,2.4084,1.99353,2.5014,1.04548,-0.12257
2014-05-13,5.44013,2.91249,4.59127,1.79168,2.7044,2.46488,2.75425,1.17923,1.98802,1.56789,2.0449,0.79608,2.20886,1.86098,2.21973,0.94949,2.39478,1.9869,2.47724,1.04035,0.18393
2014-05-14,5.44013,2.91249,4.59127,1.79168,2.62404,2.39164,2.67241,1.14419,1.91997,1.51406,1.97492,0.76914,2.17837,1.83529,2.1891,0.93639,2.38981,1.98447,2.46828,1.03844,0.05339
2014-05-15,5.44013,2.91249,4.59127,1.79168,2.54428,2.31894,2.59118,1.10941,1.85514,1.46277,1.90826,0.74347,2.13333,1.79734,2.14383,0.91703,2.38774,1.98345,2.46453,1.03765,-0.68366
2014-05-16,5.44013,2.91249,4.59127,1.79168,2.49649,2.27539,2.54251,1.08858,1.90768,1.50433,1.96228,0.76427,2.17034,1.82852,2.18102,0.93294,2.39345,1.98625,2.47484,1.03984,0.01586
2014-05-19,5.44013,2.91249,4.59127,1.79168,2.42045,2.20608,2.46507,1.05542,1.81948,1.43554,1.87138,0.72795,2.05562,1.73188,2.06575,0.88363,2.38906,1.9841,2.46692,1.03815,1.00503
2014-05-20,5.44013,2.91249,4.59127,1.79168,2.41368,2.19991,2.45817,1.05247,1.98096,1.56329,2.03741,0.79189,2.18027,1.83689,2.19101,0.93721,2.40073,1.9898,2.48786,1.0426,-0.0174
2014-05-21,5.44013,2.91249,4.59127,1.79168,2.34017,2.13291,2.3833,1.02041,1.9029,1.50153,1.95715,0.76098,2.14749,1.80927,2.15806,0.92312,2.39171,1.9854,2.47172,1.03917,0.73543
2014-05-22,5.44013,2.91249,4.59127,1.79168,2.30618,2.10193,2.34869,1.00559,1.94886,1.5379,2.00441,0.77918,2.20515,1.85785,2.21601,0.9479,2.39489,1.98696,2.47744,1.04039,-0.03765
2014-05-23,5.44013,2.91249,4.59127,1.79168,2.23603,2.03799,2.27724,0.975,1.87527,1.47967,1.92874,0.75004,2.13339,1.7974,2.1439,0.91706,2.38964,1.98438,2.46797,1.03838,-0.30115
2014-05-26,5.44013,2.91249,4.59127,1.79168,2.1745,1.98191,2.21458,0.94817,1.8341,1.4471,1.88641,0.73374,2.14423,1.80653,2.15479,0.92172,2.389,1.98407,2.46681,1.03813,0.04084
2014-05-27,5.44013,2.91249,4.59127,1.79168,2.10838,1.92165,2.14724,0.91934,1.7747,1.40011,1.82534,0.71022,2.06249,1.73766,2.07265,0.88658,2.38745,1.9833,2.46399,1.03753,-0.06406
2014-05-28,5.44013,2.91249,4.59127,1.79168,2.04447,1.8634,2.08215,0.89147,1.72479,1.36062,1.77401,0.69046,2.0576,1.73354,2.06773,0.88448,2.38699,1.98308,2.46316,1.03736,0.40017
2014-05-29,5.44013,2.91249,4.59127,1.79168,1.99489,1.81821,2.03166,0.86986,1.71601,1.35367,1.76498,0.68698,2.03257,1.71246,2.04258,0.87372,2.38824,1.98369,2.46543,1.03784,0.6103
2014-05-30,5.44013,2.91249,4.59127,1.79168,1.96427,1.7903,2.00047,0.8565,1.75826,1.3871,1.80843,0.70371,2.0741,1.74745,2.08432,0.89157,2.39118,1.98514,2.47076,1.03897,-0.99334
2014-06-02,5.44013,2.91249,4.59127,1.79168,1.9845,1.80874,2.02108,0.86532,1.94536,1.53513,2.00081,0.77779,2.17879,1.83564,2.18952,0.93657,2.40396,1.99138,2.49358,1.04382,-0.18933
2014-06-03,5.44013,2.91249,4.59127,1.79168,1.92698,1.75631,1.9625,0.84024,1.88124,1.4844,1.93489,0.75241,2.15448,1.81517,2.16509,0.92612,2.39353,1.98629,2.47499,1.03987,0.96227
2014-06-04,5.44013,2.91249,4.59127,1.79168,1.94491,1.77265,1.98076,0.84806,2.01167,1.58759,2.069,0.80405,2.26481,1.90812,2.27596,0.97355,2.40172,1.99029,2.48961,1.04297,-0.0798
2014-06-05,5.44013,2.91249,4.59127,1.79168,1.88619,1.71914,1.92096,0.82246,1.93162,1.52426,1.98669,0.77236,2.22793,1.87705,2.2389,0.9577,2.39221,1.98564,2.47261,1.03936,0.31473
2014-06-06,5.44013,2.91249,4.59127,1.79168,1.83725,1.67454,1.87112,0.80112,1.87922,1.4828,1.9328,0.75161,2.20296,1.85601,2.21381,0.94696,2.38956,1.98434,2.46782,1.03835,-0.10714
2014-06-09,5.44013,2.91249,4.59127,1.79168,1.7823,1.62445,1.81515,0.77716,1.81752,1.43398,1.86936,0.72718,2.11421,1.78123,2.12462,0.90881,2.38788,1.98352,2.46477,1.0377,0.60346
2014-06-10,5.44013,2.91249,4.59127,1.79168,1.76094,1.60498,1.7934,0.76785,1.84017,1.45191,1.89265,0.73615,2.15146,1.81262,2.16206,0.92482,2.39093,1.98502,2.4703,1.03887,0.27651
2014-06-11,5.44013,2.91249,4.59127,1.79168,1.71435,1.56252,1.74595,0.74753,1.79549,1.41656,1.84671,0.71846,2.05423,1.7307,2.06434,0.88303,2.38884,1.98399,2.46652,1.03807,-0.99585
2014-06-12,5.44013,2.91249,4.59127,1.79168,1.75374,1.59842,1.78607,0.76471,1.97485,1.55846,2.03113,0.78947,2.17818,1.83513,2.1889,0.93631,2.4027,1.99077,2.49136,1.04334,0.49326
2014-06-13,5.44013,2.91249,4.59127,1.79168,1.72274,1.57017,1.7545,0.75119,1.94661,1.53612,2.0021,0.77829,2.17232,1.8302,2.18302,0.93379,2.39537,1.98719,2.47829,1.04057,0.97231
2014-06-16,5.44013,2.91249,4.59127,1.79168,1.7573,1.60166,1.78969,0.76626,2.0672,1.63153,2.12609,0.82604,2.27979,1.92074,2.29101,0.97998,2.40303,1.99092,2.49193,1.04347,0.00749
2014-06-17,5.44013,2.91249,4.59127,1.79168,1.70377,1.51892,1.72636,0.74292,1.95089,1.53951,2.00605,0.78233,2.2077,1.86001,2.21858,0.949,2.39251,1.98579,2.47316,1.03948,-0.55655
2014-06-18,5.44013,2.91249,4.59127,1.79168,1.6812,1.49879,1.70348,0.73307,1.94665,1.53616,2.0017,0.78065,2.23979,1.88703,2.25081,0.96279,2.39321,1.98613,2.47442,1.03975,-0.19536
2014-06-19,5.44013,2.91249,4.59127,1.79168,1.63367,1.45642,1.65532,0.71235,1.8801,1.48347,1.93328,0.75428,2.14047,1.80336,2.15101,0.9201,2.38961,1.98437,2.46792,1.03837,-0.05281
2014-06-20,5.44013,2.91249,4.59127,1.79168,1.58418,1.4123,1.60518,0.69077,1.81248,1.42994,1.86378,0.72749,2.12088,1.78686,2.13133,0.91168,2.38775,1.98346,2.46455,1.03765,-0.20433
2014-06-23,5.44013,2.91249,4.59127,1.79168,1.5402,1.37309,1.56062,0.67159,1.76441,1.39189,1.81437,0.70845,2.03962,1.71839,2.04966,0.87675,2.38764,1.9834,2.46434,1.03761,-0.31579
2014-06-24,5.44013,2.91249,4.59127,1.79168,1.50378,1.34062,1.52371,0.65571,1.7381,1.37105,1.78732,0.69802,2.05155,1.72844,2.06165,0.88188,2.38836,1.98375,2.46564,1.03788,-0.33608
2014-06-25,5.44013,2.91249,4.59127,1.79168,1.39071,1.21806,1.44762,0.64104,1.71904,1.35597,1.76773,0.69047,2.03655,1.71581,2.04658,0.87543,2.3888,1.98397,2.46646,1.03806,0.88648
2014-06-26,5.44013,2.91249,4.59127,1.79168,1.42826,1.25095,1.48671,0.65836,1.84718,1.45741,1.89945,0.74124,2.13237,1.79654,2.14287,0.91662,2.39706,1.98802,2.48132,1.04121,-0.20596
2014-06-27,5.44013,2.91249,4.59127,1.79168,1.38907,1.21662,1.44591,0.64029,1.79465,1.41583,1.84545,0.72043,2.1148,1.78173,2.12521,0.90906,2.3911,1.9851,2.4706,1.03894,-1.05342
2014-06-30,5.44013,2.91249,4.59127,1.79168,1.45846,1.2774,1.51814,0.67228,1.99572,1.575,2.05214,0.80009,2.24515,1.89155,2.2562,0.9651,2.40634,1.99253,2.49778,1.04471,0.16979
2014-07-01,5.44013,2.91249,4.59127,1.79168,1.41691,1.241,1.47489,0.65312,1.91717,1.51282,1.9714,0.76897,2.20317,1.85619,2.21402,0.94705,2.39395,1.9865,2.47574,1.04003,0.49365
2014-07-02,5.44013,2.91249,4.59127,1.79168,1.39857,1.22494,1.45579,0.64467,1.89288,1.49359,1.94642,0.75935,2.20383,1.85674,2.21468,0.94734,2.39192,1.9855,2.47209,1.03925,-0.266
2014-07-03,5.44013,2.91249,4.59127,1.79168,1.36331,1.19406,1.41909,0.62841,1.84141,1.45284,1.89351,0.73895,2.14543,1.80754,2.15599,0.92223,2.38959,1.98436,2.46788,1.03836,-0.82223
2014-07-07,5.44013,2.91249,4.59127,1.79168,1.39212,1.21929,1.44909,0.6417,1.93789,1.52922,1.99269,0.77718,2.20539,1.85806,2.21625,0.94801,2.39757,1.98827,2.48223,1.04141,-0.20782
2014-07-08,5.44013,2.91249,4.59127,1.79168,1.35422,1.1861,1.40964,0.62423,1.87371,1.47841,1.92672,0.75175,2.10655,1.77478,2.11692,0.90552,2.3913,1.9852,2.47097,1.03901,-0.57496
2014-07-09,5.44013,2.91249,4.59127,1.79168,1.34805,1.18069,1.40321,0.62138,1.88646,1.4885,1.93982,0.7568,2.14315,1.80562,2.1537,0.92125,2.393,1.98603,2.47404,1.03967,-0.41465
2014-07-10,5.44013,2.91249,4.59127,1.79168,1.32543,1.16088,1.37966,0.61095,1.86025,1.46776,1.91289,0.74642,2.13643,1.79996,2.14695,0.91836,2.39142,1.98526,2.47119,1.03906,0.36017
2014-07-11,5.44013,2.91249,4.59127,1.79168,1.29922,1.13793,1.35239,0.59887,1.81991,1.43582,1.87141,0.73043,2.13486,1.79863,2.14537,0.91769,2.3896,1.98436,2.4679,1.03836,-1.04715
2014-07-14,5.44013,2.91249,4.59127,1.79168,1.37708,1.20612,1.43343,0.63476,2.01214,1.588,2.06901,0.8066,2.21502,1.86617,2.22592,0.95214,2.40517,1.99196,2.49572,1.04427,0.36899
2014-07-15,5.44013,2.91249,4.59127,1.79168,1.34945,1.18192,1.40467,0.62203,1.9526,1.54087,2.00781,0.78301,2.17774,1.83476,2.18847,0.93612,2.39487,1.98694,2.47739,1.04038,-0.57505
2014-07-16,5.44013,2.91249,4.59127,1.79168,1.34355,1.17676,1.39853,0.61931,1.95276,1.54099,2.00798,0.78307,2.18501,1.84089,2.19577,0.93925,2.39452,1.98678,2.47677,1.04025,0.6756
2014-07-17,5.44013,2.91249,4.59127,1.79168,1.35119,1.18345,1.40648,0.62283,1.95006,1.54093,2.00453,0.78017,2.18904,1.84428,2.19982,0.94098,2.38279,1.96561,2.51083,1.03898,0.09135
2014-07-18,5.44013,2.91249,4.59127,1.79168,1.31093,1.14818,1.36457,0.60427,1.87195,1.47907,1.92426,0.74921,2.1674,1.82605,2.17807,0.93167,2.37565,1.96231,2.49713,1.03596,0.24507
2014-07-21,5.44013,2.91249,4.59127,1.79168,1.27765,1.11903,1.32993,0.58893,1.81387,1.43306,1.86457,0.72618,2.08317,1.75508,2.09343,0.89547,2.37409,1.96159,2.49412,1.0353,-0.48416
2014-07-22,5.44013,2.91249,4.59127,1.79168,1.26516,1.1081,1.31693,0.58317,1.80968,1.42974,1.86027,0.72452,2.10025,1.76947,2.11059,0.90281,2.37686,1.96287,2.49946,1.03648,-0.92569
2014-07-23,5.44013,2.91249,4.59127,1.79168,1.32158,1.15751,1.37566,0.60918,1.94686,1.5384,2.00124,0.77891,2.17666,1.83385,2.18738,0.93565,2.39079,1.96927,2.52596,1.0423,-0.32852
2014-07-24,5.44013,2.91249,4.59127,1.79168,1.29316,1.13262,1.34607,0.59608,1.89433,1.49679,1.94725,0.75808,2.13001,1.79454,2.14049,0.9156,2.38024,1.96443,2.50595,1.03791,-0.25538
2014-07-25,5.44013,2.91249,4.59127,1.79168,1.26109,1.10453,1.31269,0.5813,1.83859,1.45264,1.88998,0.73598,2.13245,1.7966,2.14295,0.91665,2.37599,1.96247,2.49779,1.03611,1.13532
2014-07-28,5.44013,2.91249,4.59127,1.79168,1.36342,1.19415,1.41921,0.62846,2.04359,1.61502,2.10064,0.81725,2.28225,1.92281,2.29349,0.98104,2.39919,1.9731,2.54162,1.04574,0.12872
2014-07-29,5.44013,2.91249,4.59127,1.79168,1.32365,1.15932,1.37781,0.61013,1.95591,1.54557,2.01054,0.78249,2.21619,1.86715,2.2271,0.95265,2.38088,1.96473,2.50719,1.03818,-0.75543
2014-07-30,5.44013,2.91249,4.59127,1.79168,1.34465,1.17771,1.39967,0.61981,2.0035,1.58326,2.05944,0.80136,2.22094,1.87115,2.23187,0.95469,2.38605,1.9671,2.51703,1.04034,-0.24227
2014-07-31,5.44013,2.91249,4.59127,1.79168,1.31003,1.14739,1.36363,0.60385,1.93243,1.52697,1.98641,0.77319,2.18151,1.83793,2.19225,0.93774,2.37776,1.96328,2.50119,1.03686,-2.5461
2014-08-01,5.44013,2.91249,4.59127,1.79168,2.75241,1.7489,2.26192,0.85541,2.98213,2.35844,3.06516,1.18933,2.87136,2.41914,2.8855,1.23428,3.38133,2.31424,3.55686,1.26484,0.10049
2014-08-04,5.44013,2.91249,4.59127,1.79168,2.66974,1.69637,2.19398,0.82971,2.79415,2.20954,2.87198,1.11481,2.64719,2.23028,2.66023,1.13792,2.60887,2.06005,2.86688,1.11632,0.824
2014-08-05,5.44013,2.91249,4.59127,1.79168,2.66864,1.69567,2.19308,0.82937,2.72456,2.15442,2.80047,1.08722,2.71347,2.28612,2.72683,1.16641,2.47633,2.00692,2.67493,1.07484,-0.27274
2014-08-06,5.44013,2.91249,4.59127,1.79168,2.59626,1.64968,2.13359,0.80688,2.57478,2.03578,2.64654,1.02784,2.65912,2.24032,2.67221,1.14304,2.40623,1.97628,2.55456,1.04858,-0.21585
2014-08-07,5.44013,2.91249,4.59127,1.79168,2.52291,1.60307,2.07331,0.78408,2.43597,1.92582,2.50389,0.97281,2.65778,2.2392,2.67087,1.14247,2.38394,1.96613,2.51301,1.03946,0.69392
2014-08-08,5.44013,2.91249,4.59127,1.79168,2.50645,1.59262,2.05979,0.77896,2.38322,1.88404,2.44968,0.9519,2.26959,1.91215,2.28077,0.9756,2.3842,1.96626,2.51352,1.03957,-0.01597
2014-08-11,5.44013,2.91249,4.59127,1.79168,2.43012,1.54412,1.99707,0.75524,2.25543,1.78282,2.31835,0.90124,2.2524,1.89766,2.26349,0.96821,2.37603,1.96249,2.49787,1.03613,0.59998
2014-08-12,5.44013,2.91249,4.59127,1.79168,2.40308,1.52693,1.97484,0.74684,2.20586,1.74355,2.2674,0.88158,2.24342,1.89009,2.25446,0.96435,2.37896,1.96384,2.50351,1.03737,-0.31461
2014-08-13,5.44013,2.91249,4.59127,1.79168,2.34303,1.48878,1.92549,0.72818,2.11889,1.67467,2.17803,0.84711,2.21795,1.86864,2.22887,0.9534,2.37617,1.96255,2.49813,1.03618,-0.29102
2014-08-14,5.44013,2.91249,4.59127,1.79168,2.2832,1.45076,1.87633,0.70958,2.03944,1.61173,2.09638,0.81561,2.21934,1.86981,2.23027,0.954,2.37499,1.96201,2.49586,1.03569,-1.08701
2014-08-15,5.44013,2.91249,4.59127,1.79168,2.37365,1.50824,1.95066,0.73769,2.20089,1.73788,2.2637,0.87669,2.31026,1.94641,2.32163,0.99308,2.39817,1.97264,2.53974,1.04533,0.60135
2014-08-18,5.44013,2.91249,4.59127,1.79168,2.34964,1.49298,1.93093,0.73023,2.16194,1.70706,2.22364,0.86127,2.31248,1.94828,2.32387,0.99404,2.38711,1.96759,2.51903,1.04078,-0.13843
2014-08-19,5.44013,2.91249,4.59127,1.79168,2.28067,1.44916,1.87425,0.7088,2.0658,1.63102,2.12477,0.82322,2.2791,1.92016,2.29032,0.97969,2.37734,1.96309,2.5004,1.03668,-0.77984
2014-08-20,5.44013,2.91249,4.59127,1.79168,2.29503,1.45828,1.88605,0.71326,2.10183,1.65952,2.16183,0.83748,2.34172,1.97291,2.35325,1.00661,2.38536,1.96679,2.51572,1.04005,1.30168
2014-08-21,5.44013,2.91249,4.59127,1.79168,2.45024,1.5569,2.0136,0.7615,2.32025,1.83229,2.38645,0.92394,2.50577,2.11113,2.51811,1.07713,2.4179,1.98151,2.57565,1.0532,-1.35045
2014-08-22,5.44013,2.91249,4.59127,1.79168,2.60314,1.65406,2.13925,0.80902,2.52364,1.99315,2.5956,1.00445,2.56781,2.16339,2.58045,1.10379,2.45267,1.99679,2.63595,1.06636,-0.14418
2014-08-25,5.44013,2.91249,4.59127,1.79168,2.5264,1.60529,2.07618,0.78516,2.38858,1.88633,2.45672,0.95099,2.50057,2.10675,2.51288,1.07489,2.39747,1.97232,2.53843,1.04504,1.23744
2014-08-26,5.44013,2.91249,4.59127,1.79168,2.63646,1.67523,2.16664,0.81937,2.51875,1.98928,2.59057,1.00251,2.65864,2.23993,2.67173,1.14284,2.41996,1.98243,2.57934,1.054,0.5192
2014-08-27,5.44013,2.91249,4.59127,1.79168,2.5887,1.64488,2.12738,0.80453,2.42329,1.91378,2.4924,0.96473,2.59046,2.18248,2.60322,1.11353,2.39273,1.97016,2.52961,1.04311,0.23373
2014-08-28,5.44013,2.91249,4.59127,1.79168,2.51658,1.59906,2.06812,0.78211,2.30296,1.81861,2.36866,0.9171,2.47931,2.08884,2.49152,1.06575,2.37948,1.96408,2.5045,1.03759,0.49509
2014-08-29,5.44013,2.91249,4.59127,1.79168,2.47092,1.57004,2.0306,0.76792,2.22958,1.76057,2.2932,0.88805,2.37075,1.99737,2.38242,1.01909,2.37826,1.96352,2.50215,1.03707,0.51128
2014-09-02,5.44013,2.91249,4.59127,1.79168,2.42931,1.5436,1.99639,0.75499,2.16842,1.71219,2.23031,0.86384,2.39167,2.015,2.40344,1.02808,2.3781,1.96344,2.50185,1.037,-2.48468
2014-09-03,5.44013,2.91249,4.59127,1.79168,3.1329,1.98982,2.715,0.95196,3.06075,2.41798,3.14794,1.21705,2.81887,2.37492,2.83275,1.21171,3.21376,2.25896,3.43294,1.2379,0.78473
2014-09-04,5.44013,2.91249,4.59127,1.79168,3.10264,1.9706,2.68877,0.94276,2.95165,2.33169,3.03575,1.17387,2.72671,2.29727,2.74014,1.1721,2.65748,2.07816,2.92781,1.12942,-0.79046
2014-09-05,5.44013,2.91249,4.59127,1.79168,3.07487,1.95296,2.66471,0.93432,2.86348,2.26195,2.94508,1.13897,2.76028,2.32556,2.77387,1.18653,2.49443,2.01453,2.70369,1.08108,-0.52934
2014-09-08,5.44013,2.91249,4.59127,1.79168,3.01158,1.91277,2.60986,0.91509,2.73451,2.15994,2.81245,1.08791,2.7581,2.32372,2.77168,1.18559,2.41932,1.98215,2.57819,1.05375,-0.36936
2014-09-09,5.44013,2.91249,4.59127,1.79168,2.93498,1.86411,2.54347,0.89182,2.59703,2.0512,2.67108,1.0335,2.7489,2.31597,2.76243,1.18164,2.39021,1.96901,2.52488,1.04207,0.86615
2014-09-10,5.44013,2.91249,4.59127,1.79168,2.92998,1.86094,2.53914,0.8903,2.56831,2.02848,2.64153,1.02213,2.42232,2.04082,2.43425,1.04125,2.39263,1.97011,2.52941,1.04306,0.23199
2014-09-11,5.44013,2.91249,4.59127,1.79168,2.84687,1.80815,2.46712,0.86505,2.43239,1.92098,2.50176,0.96833,2.36685,1.99409,2.37851,1.01741,2.37943,1.96406,2.50441,1.03757,0.35052
2014-09-12,5.44013,2.91249,4.59127,1.79168,2.77457,1.76223,2.40446,0.84308,2.32252,1.83408,2.38877,0.92484,2.32885,1.96207,2.34032,1.00108,2.37627,1.96259,2.49832,1.03623,-1.11507
2014-09-15,5.44013,2.91249,4.59127,1.79168,2.83625,1.80141,2.45792,0.86182,2.42873,1.91808,2.498,0.96688,2.44569,2.06051,2.45773,1.0513,2.40065,1.97376,2.54432,1.04634,0.99214
2014-09-16,5.44013,2.91249,4.59127,1.79168,2.8638,1.77913,2.46368,0.87019,2.46356,1.94539,2.53389,0.98089,2.50756,2.11263,2.51991,1.07789,2.40365,1.97512,2.54984,1.04754,0.4085
2014-09-17,5.44013,2.91249,4.59127,1.79168,2.79602,1.73702,2.40536,0.84959,2.35912,1.8628,2.42649,0.93955,2.42981,2.04713,2.44177,1.04447,2.38504,1.96664,2.51511,1.03992,0.39409
2014-09-18,5.44013,2.91249,4.59127,1.79168,2.72939,1.69563,2.34805,0.82935,2.26471,1.78812,2.32939,0.90218,2.43256,2.04945,2.44453,1.04565,2.37865,1.9637,2.50292,1.03724,-0.31674
2014-09-19,5.44013,2.91249,4.59127,1.79168,2.65853,1.65161,2.28709,0.80782,2.17504,1.7172,2.23718,0.86669,2.43116,2.04827,2.44313,1.04505,2.37609,1.96251,2.49797,1.03615,-0.32575
2014-09-22,5.44013,2.91249,4.59127,1.79168,2.59089,1.60958,2.22889,0.78726,2.09706,1.65552,2.15699,0.83583,2.34334,1.97428,2.35488,1.0073,2.37533,1.96216,2.49652,1.03583,-0.85736
2014-09-23,5.44013,2.91249,4.59127,1.79168,2.6053,1.61854,2.24129,0.79164,2.1522,1.69914,2.21369,0.85765,2.32365,1.95769,2.33509,0.99884,2.38725,1.96765,2.51929,1.04084,0.30914
2014-09-24,5.44013,2.91249,4.59127,1.79168,2.5382,1.57685,2.18357,0.77125,2.07132,1.63517,2.13052,0.82564,2.26747,1.91036,2.27863,0.97469,2.37839,1.96358,2.50241,1.03713,0.82459
2014-09-25,5.44013,2.91249,4.59127,1.79168,2.54907,1.5836,2.19292,0.77456,2.11118,1.6667,2.17151,0.84142,2.33352,1.966,2.34501,1.00308,2.38594,1.96705,2.51681,1.0403,0.14299
2014-09-26,5.44013,2.91249,4.59127,1.79168,2.4741,1.53703,2.12842,0.75178,2.02127,1.59558,2.07905,0.80583,2.28073,1.92153,2.29196,0.98039,2.3768,1.96284,2.49935,1.03645,1.07863
2014-09-29,5.44013,2.91249,4.59127,1.79168,2.55146,1.58509,2.19498,0.77528,2.1599,1.70522,2.22161,0.8607,2.40222,2.02389,2.41405,1.03261,2.39633,1.9718,2.53632,1.04458,-0.69677
2014-09-30,5.44013,2.91249,4.59127,1.79168,2.5367,1.57592,2.18228,0.7708,2.15756,1.70338,2.21921,0.85978,2.37581,2.00163,2.3875,1.02126,2.39039,1.96909,2.52522,1.04214,0.09854
2014-10-01,5.44013,2.91249,4.59127,1.79168,2.46071,1.52871,2.1169,0.74771,2.06059,1.62668,2.11949,0.82139,2.35302,1.98243,2.3646,1.01146,2.37805,1.96342,2.50175,1.03698,-0.20942
2014-10-02,5.44013,2.91249,4.59127,1.79168,2.39171,1.48584,2.05754,0.72674,1.98328,1.56554,2.03998,0.79079,2.30471,1.94173,2.31606,0.9907,2.37491,1.96196,2.49569,1.03565,0.17596
2014-10-03,5.44013,2.91249,4.59127,1.79168,2.32318,1.44327,1.99859,0.70592,1.91012,1.50767,1.96474,0.76183,2.18136,1.83781,2.1921,0.93767,2.37345,1.96129,2.49288,1.03503,-0.93297
2014-10-06,5.44013,2.91249,4.59127,1.79168,2.37466,1.47525,2.04287,0.72156,2.02633,1.59958,2.08425,0.80783,2.18804,1.84344,2.19881,0.94055,2.38945,1.96866,2.52344,1.04175,0.04155
2014-10-07,5.44013,2.91249,4.59127,1.79168,2.30256,1.43046,1.98085,0.69965,1.94289,1.53359,1.99844,0.7748,2.11319,1.78037,2.12359,0.90837,2.37765,1.96324,2.50099,1.03682,-0.93029
2014-10-08,5.44013,2.91249,4.59127,1.79168,2.35501,1.46304,2.02597,0.71559,2.05163,1.6196,2.11027,0.81785,2.21495,1.86611,2.22586,0.95211,2.39138,1.96954,2.52707,1.04255,-0.72122
2014-10-09,5.44013,2.91249,4.59127,1.79168,2.35613,1.46374,2.02693,0.71593,2.07274,1.63629,2.13198,0.8262,2.24841,1.8943,2.25948,0.9665,2.38923,1.96856,2.52303,1.04166,-1.00176
2014-10-10,5.44013,2.91249,4.59127,1.79168,2.42289,1.50521,2.08437,0.73621,2.18282,1.72335,2.24518,0.86977,2.33618,1.96825,2.34768,1.00423,2.40085,1.97385,2.54469,1.04642,0.4997
2014-10-13,5.44013,2.91249,4.59127,1.79168,2.38336,1.48066,2.05037,0.72421,2.12656,1.67886,2.18733,0.84751,2.27569,1.91728,2.28689,0.97822,2.38575,1.96697,2.51646,1.04022,0.22011
2014-10-14,5.44013,2.91249,4.59127,1.79168,2.31756,1.43978,1.99375,0.70421,2.03998,1.61038,2.09829,0.81323,2.27218,1.91433,2.28337,0.97671,2.37716,1.96301,2.50005,1.03661,0.2584
2014-10-15,5.44013,2.91249,4.59127,1.79168,2.25659,1.4019,1.94131,0.68568,1.95711,1.5458,2.01268,0.77997,2.17867,1.83555,2.1894,0.93652,2.37468,1.96186,2.49525,1.03555,-1.83804
2014-10-16,5.44013,2.91249,4.59127,1.79168,2.64237,1.67827,2.3583,0.80291,2.50487,1.97919,2.5759,0.99687,2.51216,2.11651,2.52453,1.07987,2.51008,2.02102,2.72787,1.08632,0.24604
2014-10-17,5.44013,2.91249,4.59127,1.79168,2.56954,1.59632,2.28735,0.78078,2.37819,1.87895,2.44564,0.9467,2.36312,1.99095,2.37476,1.01581,2.41493,1.98019,2.57033,1.05203,-0.54702
2014-10-20,5.44013,2.91249,4.59127,1.79168,2.52999,1.57175,2.25214,0.76876,2.31023,1.82519,2.37577,0.9198,2.37549,2.00136,2.38718,1.02112,2.39277,1.97018,2.52968,1.04312,-0.04304
2014-10-21,5.44013,2.91249,4.59127,1.79168,2.45316,1.52402,2.18375,0.74541,2.19507,1.73408,2.25736,0.8742,2.36268,1.99057,2.37431,1.01562,2.37875,1.96374,2.5031,1.03728,-0.40032
2014-10-22,5.44013,2.91249,4.59127,1.79168,2.40022,1.49113,2.13662,0.72933,2.12401,1.67785,2.18429,0.84606,2.37431,2.00037,2.386,1.02062,2.37718,1.96302,2.50007,1.03661,-1.51139
2014-10-23,5.44013,2.91249,4.59127,1.79168,2.62675,1.65403,2.34197,0.79816,2.44373,1.93081,2.51304,0.97266,2.38271,2.00745,2.39444,1.02423,2.44103,1.99173,2.61618,1.06205,0.9396
2014-10-24,5.44013,2.91249,4.59127,1.79168,2.65698,1.67306,2.36892,0.80735,2.45813,1.94221,2.52784,0.97836,2.41827,2.03741,2.43018,1.03952,2.41923,1.98211,2.57803,1.05372,-1.4334
2014-10-27,5.44013,2.91249,4.59127,1.79168,2.82332,1.77781,2.51724,0.85789,2.66242,2.10384,2.73789,1.05925,2.58739,2.17989,2.60013,1.11221,2.46752,2.00317,2.66061,1.07173,0.31712
2014-10-28,5.44013,2.91249,4.59127,1.79168,2.74923,1.73115,2.45117,0.83538,2.52549,1.9955,2.5971,1.00503,2.54855,2.14717,2.5611,1.09552,2.40364,1.97511,2.54982,1.04754,-0.13487
2014-10-29,5.44013,2.91249,4.59127,1.79168,2.66769,1.67981,2.37847,0.8106,2.39119,1.88924,2.45901,0.95185,2.51683,2.12044,2.52922,1.08188,2.3825,1.96547,2.51028,1.03886,0.65121
2014-10-30,5.44013,2.91249,4.59127,1.79168,2.63916,1.66184,2.35304,0.80193,2.33781,1.84701,2.40412,0.93072,2.40116,2.02299,2.41298,1.03216,2.38254,1.96549,2.51036,1.03888,0.7933
2014-10-31,5.44013,2.91249,4.59127,1.79168,2.63746,1.66078,2.35152,0.80142,2.32639,1.83797,2.39238,0.92619,2.40069,2.0226,2.41251,1.03196,2.38664,1.96738,2.51815,1.04059,0.46091
2014-11-03,5.44013,2.91249,4.59127,1.79168,2.58397,1.62709,2.30383,0.78516,2.24503,1.7736,2.30873,0.89398,2.26285,1.90647,2.274,0.97271,2.38018,1.9644,2.50583,1.03788,-1.30958
2014-11-04,5.44013,2.91249,4.59127,1.79168,2.71859,1.71186,2.42386,0.82607,2.44171,1.92921,2.51096,0.97186,2.44727,2.06184,2.45932,1.05198,2.4189,1.98196,2.57744,1.05359,-1.19138
2014-11-05,5.44013,2.91249,4.59127,1.79168,2.8053,1.76646,2.50116,0.85241,2.55083,2.01555,2.62315,1.01506,2.54252,2.14209,2.55504,1.09292,2.43302,1.98822,2.60234,1.05903,1.86957
2014-11-06,5.44013,2.91249,4.59127,1.79168,3.10948,1.958,2.77237,0.94484,2.92736,2.31346,3.01031,1.16415,2.83677,2.39,2.85074,1.21941,2.61377,2.06191,2.87322,1.11769,0.29518
2014-11-07,5.44013,2.91249,4.59127,1.79168,3.02413,1.90426,2.69627,0.91891,2.76156,2.18228,2.83983,1.0985,2.71676,2.28889,2.73014,1.16782,2.44446,1.99323,2.62205,1.06333,0.19823
2014-11-10,5.44013,2.91249,4.59127,1.79168,2.93636,1.84899,2.61801,0.89224,2.60546,2.05877,2.67933,1.03669,2.69709,2.27231,2.71037,1.15937,2.39513,1.97126,2.53409,1.04409,0.9352
2014-11-11,5.44013,2.91249,4.59127,1.79168,2.94503,1.70036,2.59186,0.89487,2.59422,2.04988,2.66777,1.03224,2.66232,2.24302,2.67543,1.14442,2.39797,1.97255,2.53937,1.04525,0.86229
2014-11-12,5.44013,2.91249,4.59127,1.79168,2.93871,1.6967,2.5863,0.89295,2.56454,2.0264,2.63725,1.02049,2.62563,2.21211,2.63856,1.12865,2.39586,1.97158,2.53544,1.04439,-0.16293
2014-11-13,5.44013,2.91249,4.59127,1.79168,2.85221,1.64676,2.51017,0.86667,2.43081,1.92139,2.49932,0.96771,2.37587,2.00169,2.38757,1.02129,2.38025,1.96443,2.50597,1.03791,-1.13033
2014-11-14,5.44013,2.91249,4.59127,1.79168,2.91157,1.68104,2.56242,0.88471,2.51813,1.99051,2.58909,1.0023,2.50996,2.11466,2.52232,1.07893,2.40403,1.97529,2.55053,1.0477,0.3817
2014-11-17,5.44013,2.91249,4.59127,1.79168,2.83959,1.63948,2.49907,0.86283,2.40567,1.90149,2.47347,0.95775,2.42956,2.04692,2.44152,1.04437,2.38475,1.96651,2.51456,1.0398,1.3281
2014-11-18,5.44013,2.91249,4.59127,1.79168,2.95393,1.7055,2.5997,0.89758,2.56389,2.02673,2.63613,1.02043,2.55898,2.15596,2.57158,1.1,2.42003,1.98246,2.57945,1.05403,-0.43007
2014-11-19,5.44013,2.91249,4.59127,1.79168,2.88485,1.66561,2.5389,0.87659,2.45594,1.94129,2.52516,0.97767,2.48208,2.09117,2.4943,1.06694,2.39165,1.96967,2.52758,1.04266,0.46837
2014-11-20,5.44013,2.91249,4.59127,1.79168,2.82234,1.62952,2.48388,0.85759,2.3623,1.86717,2.42889,0.94057,2.49963,2.10596,2.51194,1.07449,2.38201,1.96525,2.50934,1.03865,0.59483
2014-11-21,5.44013,2.91249,4.59127,1.79168,2.77805,1.60395,2.44491,0.84414,2.3022,1.8196,2.3671,0.91677,2.44501,2.05994,2.45705,1.05101,2.38106,1.96481,2.50752,1.03825,-0.43399
2014-11-24,5.44013,2.91249,4.59127,1.79168,2.71605,1.56815,2.39034,0.82529,2.22508,1.75856,2.28782,0.88622,2.40448,2.02579,2.41632,1.03359,2.37848,1.96362,2.50258,1.03716,-1.97326
2014-11-25,5.44013,2.91249,4.59127,1.79168,3.07647,1.93721,2.78402,0.93481,2.75768,2.18011,2.83536,1.09719,2.68514,2.26225,2.69836,1.15423,2.57174,2.04575,2.8172,1.10562,-0.49428
2014-11-26,5.44013,2.91249,4.59127,1.79168,3.00924,1.89488,2.72318,0.91438,2.63763,2.08509,2.71194,1.04964,2.57258,2.16742,2.58525,1.10584,2.44205,1.99217,2.61792,1.06243,0.21122
2014-11-28,5.44013,2.91249,4.59127,1.79168,2.92253,1.84028,2.64472,0.88804,2.49699,1.97378,2.56736,0.99393,2.5556,2.15311,2.56818,1.09855,2.39453,1.97098,2.53296,1.04384,-2.58426
2014-12-01,5.44013,2.91249,4.59127,1.79168,3.51691,2.5551,3.3318,1.06864,3.30269,2.61147,3.39566,1.31308,3.16711,2.66831,3.18271,1.36141,3.69022,2.43418,3.78912,1.31627,2.65983
2014-12-02,5.44013,2.91249,4.59127,1.79168,4.0279,2.92635,3.8159,1.22391,3.88577,3.07297,3.99508,1.54404,3.59865,3.03189,3.61637,1.54691,5.89389,4.64002,5.91845,2.1012,-4.61556
2014-12-03,5.44013,3.84393,4.87512,1.79168,6.18088,4.39347,5.48704,1.63899,5.48206,4.3364,5.63614,2.17635,4.72251,3.97874,4.74576,2.03001,6.82962,5.72656,6.86341,2.91754,-0.57691
2014-12-04,5.44013,3.84393,4.87512,1.79168,6.01624,4.27643,5.34088,1.59533,5.1115,4.04311,5.25518,2.02957,4.44676,3.74643,4.46866,1.91148,6.68121,5.55665,6.71387,2.75524,0.39413
2014-12-05,5.44013,3.84393,4.87512,1.79168,5.84431,4.15423,5.18825,1.54974,4.75694,3.76248,4.89068,1.88912,4.43247,3.73439,4.4543,1.90533,6.30949,5.12729,6.3388,2.40748,-1.90045
2014-12-08,5.44013,3.84393,4.87512,1.79168,5.93199,4.21655,5.26608,1.57299,4.73572,3.74569,4.86887,1.88072,4.38857,3.6974,4.41018,1.88646,6.47356,5.3175,6.50445,2.55136,-1.22675
2014-12-09,5.44013,3.84393,4.87512,1.79168,5.86185,4.16669,5.20382,1.55439,4.53628,3.58783,4.66383,1.80171,4.12153,3.47242,4.14182,1.77167,6.25145,5.05973,6.28017,2.35993,1.83921
2014-12-10,5.44013,3.84393,4.87512,1.79168,5.93178,4.2164,5.26591,1.57294,4.51983,3.57481,4.64692,1.7952,3.40825,2.87147,3.42503,1.46506,6.37181,5.19967,6.40174,2.46045,-0.9644
2014-12-11,5.44013,3.84393,4.87512,1.79168,5.81967,4.13671,5.16637,1.54321,4.29167,3.39423,4.41236,1.70482,3.40489,2.86864,3.42166,1.46362,5.96013,4.71825,5.98553,2.14499,-0.72822
2014-12-12,5.44013,3.84393,4.87512,1.79168,5.68233,4.03909,5.04446,1.50679,4.04815,3.20149,4.16202,1.60836,3.41123,2.87399,3.42803,1.46635,5.20093,3.80909,5.21474,1.73524,0.50716
2014-12-15,5.44013,3.84393,4.87512,1.79168,5.52911,3.93018,4.90843,1.46616,3.80665,3.00758,3.91555,1.51029,3.23704,2.72723,3.25298,1.39147,3.98545,2.58758,4.03065,1.37188,-2.57978
2014-12-16,5.44013,3.84393,4.87512,1.79168,5.86649,4.16999,5.20794,1.55562,4.24474,3.35396,4.36614,1.68363,3.68582,3.10533,3.70397,1.58438,5.96576,4.72488,5.99123,2.14879,-0.59226
2014-12-17,5.44013,3.84393,4.87512,1.79168,5.71403,4.06162,5.07259,1.51519,3.98385,3.14769,4.09781,1.58041,3.42078,2.88203,3.43763,1.47045,5.12509,3.71732,5.13757,1.70382,1.56283
2014-12-18,5.44013,3.84393,4.87512,1.79168,5.72497,4.06939,5.0823,1.51809,3.96332,3.13146,4.07669,1.57229,3.55989,2.99923,3.57742,1.53025,5.0621,3.64123,5.07348,1.67882,-1.63051
2014-12-19,5.44013,3.84393,4.87512,1.79168,5.75128,4.0881,5.10567,1.52507,3.97468,3.14044,4.08838,1.57678,3.67161,3.09336,3.68969,1.57827,5.16264,3.76275,5.17578,1.7192,2.49387
2014-12-22,5.44013,3.84393,4.87512,1.79168,6.03321,4.2885,5.35595,1.59983,4.32307,3.4159,4.44671,1.71463,4.05453,3.41597,4.0745,1.74288,6.3143,5.13288,6.34366,2.4115,-5.66807
2014-12-23,5.66807,3.91757,5.17914,1.79168,7.85045,6.05794,7.26837,2.08171,6.50165,5.1384,6.68744,2.57664,5.56729,4.69048,5.5947,2.39314,6.82987,5.72685,6.86367,2.91783,0.56697
2014-12-24,5.66807,3.91757,5.17914,1.79168,7.62929,5.88728,7.06361,2.02306,6.03294,4.76781,6.20536,2.39118,5.18942,4.37212,5.21497,2.23072,6.67807,5.55305,6.7107,2.75196,0.16929
2014-12-26,5.66807,3.91757,5.17914,1.79168,7.39852,5.7092,6.84996,1.96187,5.5842,4.41302,5.74382,2.21363,5.10734,4.30297,5.13249,2.19543,6.2788,5.09159,6.3078,2.38213,-4.0401
2014-12-29,5.66807,4.0401,5.19956,1.79168,8.0859,6.23963,7.48636,2.14414,6.32746,5.00068,6.50829,2.50772,5.81161,4.89632,5.84022,2.49817,6.82857,5.72537,6.86236,2.91635,2.34211
2014-12-30,5.66807,4.0401,5.19956,1.79168,8.13262,6.27568,7.52963,2.15653,6.21744,4.91369,6.39512,2.46418,5.71195,4.81236,5.74007,2.45533,6.81369,5.70837,6.84737,2.89942,2.18252
2014-12-31,5.66807,4.0401,5.19956,1.79168,8.13854,6.28025,7.5351,2.1581,6.07481,4.80092,6.24842,2.40775,4.89555,4.12453,4.91965,2.10439,6.80199,5.69499,6.83558,2.8862,-0.48886
2015-01-02,5.66807,4.0401,5.19956,1.79168,7.90352,6.09889,7.3175,2.09578,5.63868,4.45609,5.79985,2.23518,4.77296,4.02125,4.79646,2.0517,6.60718,5.47158,6.63923,2.67959,-1.76767
2015-01-05,5.66807,4.0401,5.19956,1.79168,7.83479,5.56909,7.06791,2.07756,5.46094,4.31556,5.61704,2.16486,4.87951,4.11102,4.90353,2.0975,6.62483,5.49188,6.65703,2.69732,1.15307
2015-01-06,5.66807,4.0401,5.19956,1.79168,7.67042,5.45225,6.91963,2.03397,5.1619,4.07912,5.30947,2.04653,4.10469,3.45823,4.1249,1.76444,6.41121,5.24535,6.44152,2.49499,-3.46143
2015-01-07,5.66807,4.0401,5.19956,1.79168,8.095,5.75405,7.30265,2.14656,5.71483,4.5163,5.87817,2.26531,4.62526,3.89682,4.64804,1.98821,6.82286,5.71884,6.8566,2.90983,2.10755
2015-01-08,5.66807,4.0401,5.19956,1.79168,8.08625,5.74783,7.29476,2.14424,5.61759,4.43942,5.77816,2.22684,4.55126,3.83447,4.57367,1.9564,6.80164,5.69458,6.83522,2.88581,-1.48725
2015-01-09,5.66807,4.0401,5.19956,1.79168,7.95937,5.65764,7.1803,2.11059,5.37367,4.24656,5.52728,2.13032,4.57733,3.85643,4.59987,1.9676,6.73567,5.6191,6.76876,2.81311,0.89864
2015-01-12,5.66807,4.0401,5.19956,1.79168,7.76142,5.51693,7.00172,2.0581,5.04229,3.98455,5.18644,1.9992,4.46637,3.76294,4.48836,1.9199,6.52238,5.37388,6.55371,2.59701,-2.48658
2015-01-13,5.66807,4.0401,5.19956,1.79168,7.86773,5.5925,7.09763,2.08629,5.1874,4.09928,5.3357,2.05662,4.74147,3.99472,4.76482,2.03816,6.75848,5.64521,6.79174,2.83791,0.96393
2015-01-14,5.66807,4.0401,5.19956,1.79168,7.67984,5.45895,6.92813,2.03647,4.88403,3.85942,5.02367,1.93659,4.26372,3.59221,4.28471,1.83279,6.57836,5.43841,6.61017,2.65105,4.38529
2015-01-15,5.66807,4.0401,5.19956,1.79168,8.47648,6.02522,7.64679,2.24771,6.05263,4.7857,6.22425,2.40013,5.20507,4.38531,5.2307,2.23744,5.99813,5.02965,6.02777,2.55837,-1.84074
2015-01-16,5.66807,4.0401,5.19956,1.79168,8.39232,5.96539,7.57087,2.2254,5.85055,4.62585,6.01645,2.32013,5.09345,4.29126,5.11853,2.18946,5.97117,4.99883,6.0006,2.52832,0.85151
2015-01-20,5.66807,4.0401,5.19956,1.79168,8.17458,5.81062,7.37444,2.16766,5.47375,4.32779,5.62899,2.17097,5.0065,4.21801,5.03116,2.15209,5.84264,4.85153,5.87108,2.39268,-2.64989
2015-01-21,5.66807,4.0401,5.19956,1.79168,8.29495,5.89618,7.48303,2.19958,5.61588,4.44022,5.77514,2.22724,5.16504,4.35158,5.19047,2.22023,5.98157,5.01072,6.01108,2.53984,1.12734
2015-01-22,5.66807,4.0401,5.19956,1.79168,8.10939,5.76428,7.31563,2.15037,5.30241,4.19225,5.45279,2.10314,5.10101,4.29764,5.12613,2.19271,5.89377,4.91021,5.92261,2.44518,0.30546
2015-01-23,5.66807,4.0401,5.19956,1.79168,7.86741,5.59228,7.09734,2.08621,4.92512,3.89381,5.06483,1.95378,4.40105,3.70791,4.42272,1.89183,5.60994,4.58296,5.63631,2.17607,-2.94708
2015-01-26,5.66807,4.0401,5.19956,1.79168,8.09898,5.75688,7.30624,2.14761,5.29627,4.18739,5.44647,2.10071,4.72468,3.98058,4.74795,2.03094,5.98189,5.01109,6.01141,2.54021,-0.00586
2015-01-27,5.66807,4.0401,5.19956,1.79168,7.85226,5.5815,7.08367,2.08219,4.91228,3.88365,5.05162,1.9487,4.25852,3.58783,4.27949,1.83056,5.806,4.8094,5.83413,2.35619,0.08199
2015-01-30,5.66807,4.0401,5.19956,1.79168,7.61342,5.41174,6.86821,2.01886,4.56087,3.60567,4.69026,1.80958,3.97552,3.3494,3.9951,1.70891,5.4045,4.34368,5.42875,2.01206,1.59834
2015-02-02,5.66807,4.0401,5.19956,1.79168,7.5277,5.3508,6.79088,1.99612,4.47516,3.53787,4.60213,1.77565,4.09283,3.44824,4.11298,1.75934,5.48122,4.4333,5.5063,2.07057,-2.22012
2015-02-03,5.66807,4.0401,5.19956,1.79168,7.58104,5.38872,6.83899,2.01027,4.62296,3.65479,4.75411,1.83416,4.19106,3.531,4.2117,1.80156,5.84962,4.85954,5.87811,2.39974,2.37976
2015-02-04,5.66807,4.0401,5.19956,1.79168,7.67178,5.45322,6.92086,2.03433,4.79984,3.79471,4.936,1.90418,4.0834,3.44029,4.10351,1.75528,5.96502,4.9918,5.99441,2.52156,0.25854
2015-02-05,5.66807,4.0401,5.19956,1.79168,7.4419,5.28982,6.71348,1.97337,4.4631,3.52833,4.58972,1.77088,3.95231,3.32985,3.97177,1.69893,5.77057,4.76862,5.79841,2.32179,-3.46741
2015-02-06,5.66807,4.0401,5.19956,1.79168,7.89418,5.61131,7.12149,2.09331,5.20548,4.11558,5.35312,2.06477,4.69276,3.95368,4.71586,2.01722,5.99646,5.02774,6.02608,2.55648,1.21344
2015-02-09,5.66807,4.0401,5.19956,1.79168,7.73534,5.4984,6.97819,2.05118,4.95,3.91349,5.09041,1.96363,4.50566,3.79605,4.52784,1.93679,5.92305,4.94377,5.95213,2.47611,0.41025
2015-02-10,5.66807,4.0401,5.19956,1.79168,7.50926,5.33769,6.77424,1.99123,4.60916,3.64387,4.73992,1.8287,4.29907,3.622,4.32024,1.84799,5.68615,4.67119,5.71323,2.24316,-1.75687
2015-02-11,5.66807,4.0401,5.19956,1.79168,7.45918,5.3021,6.72907,1.97796,4.57101,3.6137,4.70069,1.8136,4.14192,3.48959,4.16231,1.78044,5.77794,4.77711,5.80584,2.32888,1.55567
2015-02-12,5.66807,3.91757,4.94765,1.79168,7.37334,5.24108,6.65162,1.95519,4.47176,3.53518,4.59863,1.7743,4.20302,3.54107,4.22371,1.8067,5.77039,4.7684,5.79822,2.32161,1.14275
2015-02-13,5.66807,3.91757,4.94765,1.79168,7.22623,5.13652,6.51892,1.91618,4.28137,3.38458,4.40285,1.69894,3.73324,3.14528,3.75163,1.60477,5.60973,4.58272,5.6361,2.17589,-1.32848
2015-02-16,5.66807,3.91757,4.94765,1.79168,7.11275,5.05585,6.41655,1.88609,4.16284,3.29082,4.28097,1.65201,3.76481,3.17188,3.78335,1.61833,5.51266,4.46992,5.53806,2.09546,-0.51384
2015-02-17,5.66807,3.91757,4.94765,1.79168,6.91239,4.91343,6.23579,1.83296,3.90371,3.08583,4.0145,1.54943,3.67273,3.0943,3.69081,1.57875,4.95533,3.81284,4.97382,1.7262,1.17531
2015-02-18,5.66807,3.91757,4.94765,1.79168,6.78918,4.82585,6.12464,1.80029,3.78467,2.99399,3.89077,1.50328,3.60982,3.0413,3.6276,1.55171,4.66428,3.46417,4.67831,1.58392,0.23518
2015-02-19,5.66807,3.91757,4.94765,1.79168,6.58594,4.68138,5.94129,1.7464,3.53782,2.79858,3.63701,1.40548,3.21884,2.71189,3.23469,1.38364,3.65916,2.44103,3.6968,1.26733,-0.16998
2015-02-20,5.66807,3.91757,4.94765,1.79168,6.38723,4.54014,5.76204,1.69371,3.3109,2.61894,3.40375,1.31558,3.10364,2.61483,3.11892,1.33412,2.72883,2.03335,2.95248,1.09693,-1.22815
2015-02-23,5.66807,3.91757,4.94765,1.79168,6.29571,4.47509,5.67948,1.66944,3.29319,2.60492,3.38555,1.30856,3.12777,2.63516,3.14317,1.3445,2.69987,2.02346,2.92686,1.09134,1.76122
2015-02-24,5.66807,3.46741,4.87262,1.79168,6.31702,4.49023,5.6987,1.67509,3.4613,2.73801,3.55836,1.37517,3.24555,2.7344,3.26154,1.39513,3.38592,2.28474,3.46782,1.21235,-1.3196
2015-02-25,5.66807,3.46741,4.87262,1.79168,6.2447,4.43883,5.63346,1.65591,3.44984,2.72893,3.54658,1.37063,3.24724,2.73582,3.26323,1.39585,3.32924,2.25789,3.42287,1.20193,1.97991
2015-02-26,5.66807,3.46741,4.87262,1.79168,6.32467,4.49567,5.7056,1.67712,3.67902,2.91035,3.78216,1.46142,3.52177,2.96711,3.53911,1.51386,4.42248,3.17634,4.43306,1.48614,-3.26466
2015-02-27,5.66807,3.46741,4.87262,1.79168,6.83344,4.85731,6.16457,1.81203,4.52013,3.5762,4.6468,1.79466,4.10083,3.45498,4.12102,1.76278,5.96234,4.98873,5.99171,2.51861,-1.17664
2015-03-02,5.66807,3.46741,4.87262,1.79168,6.71383,4.77229,6.05667,1.78031,4.33693,3.43117,4.45847,1.72208,3.98485,3.35726,4.00447,1.71292,5.87511,4.88881,5.90381,2.42581,0.20969
2015-03-03,5.66807,3.46741,4.87262,1.79168,6.51218,4.62896,5.87476,1.72684,4.04062,3.1966,4.15388,1.60468,3.838,3.23354,3.8569,1.6498,5.56015,4.52517,5.58604,2.13413,2.55171
2015-03-04,5.66807,3.46143,4.54284,1.79168,6.73943,4.79049,6.07977,1.7871,4.40238,3.48298,4.52575,1.74801,4.16783,3.51142,4.18835,1.79158,5.94008,4.96327,5.96929,2.49439,4.15788
2015-03-05,4.61556,3.26466,4.08621,1.79168,7.57935,5.38752,6.83747,2.00982,5.53484,4.37946,5.68988,2.19667,4.90674,4.13396,4.9309,2.1092,5.99812,5.02964,6.02776,2.55835,-1.23294
2015-03-06,4.61556,3.26466,4.08621,1.79168,7.43619,5.28576,6.70832,1.97186,5.25429,4.15737,5.40149,2.08552,4.35405,3.66832,4.37549,1.87163,5.9279,4.94932,5.95701,2.4813,-3.549
2015-03-09,4.61556,3.46143,4.1336,1.79168,7.92002,5.62967,7.1448,2.10016,5.82962,4.61281,5.9929,2.31346,5.00031,4.21279,5.02493,2.14942,5.99764,5.02909,6.02727,2.55781,-0.66553
2015-03-10,4.61556,3.46143,4.1336,1.79168,7.70332,5.47563,6.9493,2.04269,5.43912,4.30368,5.59148,2.15875,4.76846,4.01746,4.79194,2.04976,5.87647,4.89036,5.90517,2.42721,-0.2816
2015-03-11,4.61556,3.46143,4.1336,1.79168,7.47317,5.31204,6.74168,1.98167,5.05352,3.99843,5.1951,2.00598,4.52314,3.81078,4.54542,1.94431,5.57073,4.53746,5.59672,2.14292,-0.59963
2015-03-12,4.61556,3.46143,4.1336,1.79168,7.26665,5.16524,6.55538,1.9269,4.72475,3.73818,4.85714,1.87573,3.86622,3.25731,3.88525,1.66192,5.08214,3.96378,5.10242,1.79797,-0.52302
2015-03-13,4.61556,3.46143,4.1336,1.79168,7.06182,5.01965,6.3706,1.87259,4.41763,3.49505,4.54143,1.75405,3.77789,3.1829,3.79649,1.62396,4.32596,3.06423,4.33561,1.45156,-2.44275
2015-03-16,4.61556,3.46143,4.1336,1.79168,7.20894,5.12423,6.50332,1.9116,4.66231,3.68875,4.79295,1.85099,3.61205,3.04318,3.62984,1.55267,5.60984,4.58284,5.63621,2.17598,-0.14865
2015-03-17,4.61556,3.46143,4.1336,1.79168,6.99068,4.96908,6.30642,1.85372,4.33682,3.43108,4.45836,1.72204,3.48365,2.935,3.5008,1.49748,5.03252,3.90482,5.05212,1.76912,0.60963
2015-03-18,4.61556,3.46143,4.1336,1.79168,6.80107,4.8343,6.13537,1.80344,4.07226,3.22165,4.1864,1.61722,3.48475,2.93592,3.50191,1.49795,4.30062,3.03527,4.31011,1.44287,1.05033
2015-03-19,4.61556,3.46143,4.1336,1.79168,6.66488,4.7375,6.01251,1.76733,3.9181,3.10094,4.02723,1.55643,3.54613,2.98764,3.56359,1.52433,3.82081,2.55968,3.84271,1.30454,-0.32357
2015-03-20,4.61556,3.46143,4.1336,1.79168,6.46875,4.59808,5.83558,1.71532,3.66669,2.90185,3.76883,1.45679,3.50629,2.95408,3.52356,1.50721,2.85254,2.0753,3.05581,1.11956,1.81469
2015-03-23,4.61556,3.46143,4.1336,1.79168,6.49184,4.6145,5.85641,1.72145,3.78935,2.99899,3.89491,1.5054,3.4728,2.92586,3.4899,1.49281,3.68438,2.45811,3.71905,1.27288,0.3258
2015-03-24,4.61556,3.46143,4.1336,1.79168,6.30126,4.47904,5.68449,1.67091,3.54837,2.80815,3.64723,1.40989,3.42732,2.88754,3.4442,1.47326,2.76675,2.04623,2.98511,1.10406,0.35063
2015-03-25,4.61556,3.46143,4.1336,1.79168,6.11788,4.34868,5.51906,1.62228,3.33128,2.63623,3.42411,1.32385,3.39713,2.86211,3.41386,1.46028,2.43639,1.92791,2.651,1.03137,1.3836
2015-03-26,4.61556,3.46143,4.1336,1.79168,6.06764,4.31297,5.47373,1.60896,3.35465,2.65474,3.44812,1.33311,3.44881,2.90565,3.46579,1.4825,2.54804,1.97003,2.77928,1.05923,1.41776
2015-03-27,4.61556,3.46143,4.1336,1.79168,6.02681,4.28395,5.4369,1.59813,3.38577,2.67938,3.48011,1.34545,3.54323,2.98519,3.56068,1.52309,2.68625,2.01879,2.91458,1.08866,-1.17191
2015-03-30,4.61556,3.46143,4.1336,1.79168,5.94264,4.22412,5.36097,1.57581,3.34158,2.64439,3.43469,1.32793,3.40922,2.87229,3.42601,1.46548,2.63208,2.00001,2.86404,1.07765,-1.25148
2015-03-31,4.61556,3.46143,4.1336,1.79168,5.87644,4.17706,5.30125,1.55826,3.32707,2.6329,3.41977,1.32218,3.36069,2.83141,3.37724,1.44462,2.64447,2.00433,2.87585,1.08022,-0.73227
2015-04-01,4.61556,3.46143,4.1336,1.79168,5.73743,4.07826,5.17585,1.5214,3.18582,2.52104,3.2746,1.2662,3.3526,2.82459,3.36911,1.44114,2.452,1.93399,2.67022,1.03554,1.28175
2015-04-02,4.61556,3.46143,4.1336,1.79168,5.68726,4.04259,5.13058,1.50809,3.1982,2.53084,3.28732,1.2711,3.379,2.84683,3.39563,1.45249,2.51183,1.9567,2.73989,1.05068,-0.89221
2015-04-06,4.61556,3.46143,4.1336,1.79168,5.57526,3.96298,5.02954,1.47839,3.10557,2.45749,3.19212,1.23439,3.22579,2.71775,3.24167,1.38663,2.42996,1.92538,2.64294,1.02961,3.00224
2015-04-07,4.61556,3.46143,4.1336,1.79168,6.07533,4.31844,5.48067,1.611,3.96414,3.1374,4.07455,1.57468,3.61344,3.04435,3.63124,1.55327,5.45659,4.40456,5.48141,2.05144,1.73933
2015-04-08,4.61556,3.46143,4.1336,1.79168,6.10545,4.33985,5.50784,1.61899,4.00984,3.17359,4.12152,1.59279,3.60809,3.03984,3.62585,1.55097,5.61153,4.5848,5.63791,2.17743,-2.76213
2015-04-09,4.61556,3.46143,4.1336,1.79168,6.44593,4.58187,5.815,1.70927,4.49071,3.5544,4.61575,1.78338,3.92385,3.30587,3.94317,1.6867,5.97021,4.99774,5.99964,2.52727,0.60758
2015-04-10,4.61556,3.46143,4.1336,1.79168,6.27472,4.46016,5.66054,1.66387,4.21275,3.33428,4.33007,1.67321,3.76539,3.17236,3.78393,1.61858,5.81167,4.81593,5.83985,2.36178,-0.8078
2015-04-13,4.61556,3.46143,4.1336,1.79168,6.12916,4.3567,5.52922,1.62527,3.99182,3.15932,4.103,1.58565,3.77018,3.17641,3.78875,1.62064,5.55655,4.52099,5.5824,2.13115,0.1691
2015-04-14,4.61556,3.46143,4.1336,1.79168,5.94449,4.22543,5.36263,1.5763,3.72465,2.94775,3.82841,1.47976,3.34179,2.81548,3.35824,1.4365,4.93982,3.79432,4.95809,1.71786,1.05869
2015-04-15,4.61556,3.46143,4.1336,1.79168,5.84578,4.15527,5.27359,1.55013,3.60334,2.85168,3.70373,1.43168,3.27708,2.76096,3.29321,1.40868,4.53368,3.30795,4.54573,1.52903,2.44859
2015-04-16,4.61556,3.46143,4.1336,1.79168,6.10236,4.33765,5.50505,1.61817,4.01701,3.17927,4.12889,1.59563,3.27699,2.76089,3.29313,1.40864,5.67235,4.65523,5.69931,2.23075,-0.04568
2015-04-17,4.61556,3.46143,4.1336,1.79168,5.91661,4.20561,5.33748,1.56891,3.74522,2.96404,3.84955,1.48791,3.15613,2.65906,3.17167,1.35669,5.13996,4.03234,5.16102,1.83289,-0.78024
2015-04-20,4.61556,3.46143,4.1336,1.79168,5.78146,4.10955,5.21556,1.53307,3.56539,2.82328,3.6636,1.41837,3.16578,2.6672,3.18137,1.36084,4.5601,3.33946,4.57254,1.53972,-0.29912
2015-04-21,4.61556,3.46143,4.1336,1.79168,5.61214,3.9892,5.06282,1.48818,3.34588,2.64932,3.43806,1.3313,3.14535,2.64998,3.16084,1.35205,3.55428,2.37512,3.6063,1.24518,-0.065
2015-04-22,4.61556,3.46143,4.1336,1.79168,5.44151,3.86791,4.90888,1.44293,3.13501,2.48221,3.22139,1.24766,3.08355,2.59792,3.09874,1.32549,2.67038,2.01332,2.90006,1.0855,0.91687
2015-04-23,4.61556,3.46143,4.1336,1.79168,5.34329,3.79809,4.82028,1.41688,3.05163,2.41614,3.13573,1.21459,2.77208,2.3355,2.78573,1.1916,2.50597,1.95452,2.73333,1.04925,-1.06258
2015-04-24,4.61556,3.46143,4.1336,1.79168,5.27267,3.7479,4.75658,1.39816,3.02249,2.39305,3.10579,1.20303,2.85988,2.40947,2.87396,1.22934,2.47125,1.9414,2.6933,1.04056,-0.65866
2015-04-27,4.61556,3.46143,4.1336,1.79168,5.14813,3.65937,4.64422,1.36513,2.90228,2.29779,2.98228,1.15535,2.84147,2.39396,2.85547,1.22143,2.37605,1.90372,2.57205,1.01419,-1.20415
2015-04-28,4.61556,3.46143,4.1336,1.79168,5.11374,3.63492,4.6132,1.35601,2.93849,2.32648,3.01948,1.16971,2.93071,2.46914,2.94514,1.25979,2.42745,1.92439,2.63978,1.02893,1.94032
2015-04-29,4.61556,3.46143,4.1336,1.79168,5.27198,3.74741,4.75595,1.39798,3.25707,2.57895,3.34681,1.29607,3.19931,2.69544,3.21506,1.37525,3.21847,2.20961,3.33695,1.18225,0.77159
2015-04-30,4.61556,3.46143,4.1336,1.79168,5.16083,3.6684,4.65568,1.3685,3.12813,2.47677,3.21433,1.24493,3.12065,2.62917,3.13602,1.34144,2.68808,2.01942,2.91623,1.08902,1.03914
2015-05-01,4.61556,3.46143,4.1336,1.79168,5.09486,3.6215,4.59616,1.35101,3.07643,2.43579,3.1612,1.22442,3.11943,2.62814,3.13479,1.34091,2.55941,1.97416,2.79127,1.06183,0.6458
2015-05-04,4.61556,3.46143,4.1336,1.79168,4.97554,3.53669,4.48852,1.31937,2.94427,2.33106,3.02541,1.172,3.10519,2.61614,3.12048,1.33479,2.40532,1.91559,2.6113,1.02274,0.02983
2015-05-05,4.61556,3.46143,4.1336,1.79168,4.82404,3.429,4.35186,1.27919,2.76915,2.19228,2.84549,1.10254,2.99528,2.52354,3.01003,1.28755,2.32382,1.88181,2.497,0.99783,1.28938
2015-05-06,4.61556,3.46143,4.1336,1.79168,4.82635,3.43065,4.35394,1.27981,2.84916,2.25569,2.9277,1.13428,2.92265,2.46235,2.93704,1.25633,2.4054,1.91562,2.61141,1.02276,0.15747
2015-05-07,4.61556,3.46143,4.1336,1.79168,4.68158,3.32774,4.22334,1.24142,2.68606,2.12644,2.76012,1.06959,2.71248,2.28528,2.72583,1.16598,2.32505,1.88234,2.49885,0.99824,-1.28614
2015-05-08,4.61556,3.46143,4.1336,1.79168,4.69187,3.33505,4.23263,1.24415,2.78701,2.20643,2.86384,1.10962,2.75661,2.32246,2.77019,1.18495,2.40853,1.91688,2.6155,1.02365,1.14834
2015-05-11,4.61556,3.46143,4.1336,1.79168,4.67098,3.32021,4.21378,1.23861,2.81615,2.22953,2.89378,1.12118,2.69881,2.27377,2.7121,1.16011,2.43209,1.92622,2.64562,1.0302,0.86973
2015-05-12,4.61556,3.46143,4.1336,1.79168,4.5994,3.26932,4.1492,1.21963,2.76162,2.18632,2.83775,1.09955,2.73962,2.30814,2.75311,1.17765,2.38653,1.908,2.58633,1.0173,0.35443
2015-05-13,4.61556,3.46143,4.1336,1.79168,4.47128,3.17826,4.03363,1.18565,2.62161,2.07536,2.69389,1.04402,2.6238,2.21057,2.63672,1.12786,2.32435,1.88204,2.49779,0.998,-0.65742
2015-05-14,4.61556,3.46143,4.1336,1.79168,4.3774,3.11152,3.94893,1.16076,2.54772,2.01681,2.61798,1.01471,2.66237,2.24307,2.67548,1.14444,2.31767,1.87917,2.4877,0.9958,-0.04602
2015-05-15,4.61556,3.46143,4.1336,1.79168,4.24426,3.01689,3.82883,1.12545,2.4108,1.9083,2.4773,0.9604,2.52928,2.13094,2.54173,1.08723,2.29635,1.8699,2.45468,0.98858,0.98967
2015-05-18,4.61556,3.46143,4.1336,1.79168,4.21529,2.99629,3.80269,1.11777,2.44822,1.93796,2.51575,0.97525,2.43635,2.05264,2.44835,1.04729,2.33237,1.88546,2.50975,1.00062,0.00177
2015-05-19,4.61556,3.46143,4.1336,1.79168,4.08688,2.90502,3.68685,1.08372,2.30935,1.82831,2.37257,0.92182,2.35263,1.9821,2.36421,1.0113,2.30102,1.87194,2.46201,0.99019,-1.15931
2015-05-20,4.61556,3.46143,4.1336,1.79168,4.10454,2.91757,3.70278,1.0884,2.43071,1.92453,2.49722,0.96998,2.47977,2.08922,2.49198,1.06595,2.36123,1.8976,2.55143,1.0097,1.68193
2015-05-21,4.61556,3.46143,4.1336,1.79168,4.27204,3.03663,3.85388,1.13282,2.74163,2.17107,2.81661,1.09338,2.71085,2.28391,2.72419,1.16528,2.65865,2.00926,2.88918,1.08313,-0.08772
2015-05-22,4.61556,3.46143,4.1336,1.79168,4.14269,2.94468,3.73719,1.09852,2.58628,2.04789,2.65703,1.03173,2.65362,2.23569,2.66668,1.14068,2.39528,1.91155,2.59804,1.01985,-1.08009
2015-05-26,4.61556,3.46143,4.1336,1.79168,4.13855,2.94174,3.73346,1.09742,2.63112,2.08344,2.70309,1.04952,2.69441,2.27006,2.70768,1.15821,2.40899,1.91706,2.6161,1.02378,-1.35412
2015-05-27,4.61556,3.46143,4.1336,1.79168,4.20292,2.9875,3.79154,1.11449,2.76718,2.19132,2.84285,1.10352,2.82831,2.38287,2.84224,1.21577,2.51136,1.95653,2.73936,1.05056,0.31366
2015-05-28,4.61556,3.46143,4.1336,1.79168,4.08517,2.9038,3.68531,1.08327,2.6215,2.07582,2.69321,1.0457,2.71469,2.28714,2.72806,1.16693,2.36171,1.8978,2.5521,1.00985,0.30311
2015-05-29,4.61556,3.46143,4.1336,1.79168,3.97061,2.82237,3.58196,1.05289,2.48955,1.97119,2.55767,0.99333,2.51916,2.12241,2.53156,1.08288,2.31447,1.87779,2.48281,0.99473,0.95462
2015-06-01,4.61556,3.46143,4.1336,1.79168,3.94935,2.80726,3.56278,1.04725,2.50168,1.98081,2.57012,0.99815,2.54417,2.14348,2.5567,1.09363,2.33855,1.88809,2.51885,1.0026,0.10649
2015-06-02,4.61556,3.46143,4.1336,1.79168,3.8303,2.72264,3.45539,1.01568,2.36952,1.87602,2.43437,0.9457,2.43753,2.05363,2.44953,1.04779,2.30342,1.87299,2.46577,0.99101,-0.57647
2015-06-03,4.61556,3.46143,4.1336,1.79168,3.7516,2.6667,3.38439,0.99481,2.30962,1.82853,2.37284,0.92193,2.32713,1.96062,2.33859,1.00034,2.30451,1.87347,2.46746,0.99138,-0.99687
2015-06-04,4.61556,3.46143,4.1336,1.79168,3.75207,2.66703,3.38481,0.99494,2.37242,1.87832,2.43734,0.94685,2.4155,2.03507,2.42739,1.03832,2.33931,1.88841,2.51997,1.00285,-0.89941
2015-06-05,4.61556,3.46143,4.1336,1.79168,3.73143,2.65236,3.3662,0.98947,2.39388,1.89533,2.45939,0.95537,2.47457,2.08484,2.48675,1.06371,2.34654,1.89146,2.53048,1.00514,0.94861
2015-06-08,4.61556,3.46143,4.1336,1.79168,3.72237,2.64592,3.35802,0.98706,2.41886,1.91514,2.48505,0.96528,2.46175,2.07404,2.47388,1.05821,2.35527,1.89511,2.54299,1.00786,-1.2138
2015-06-09,4.61556,3.46143,4.1336,1.79168,3.77913,2.68627,3.40923,1.00212,2.54044,2.01154,2.60994,1.01353,2.59523,2.18649,2.608,1.11558,2.41411,1.91911,2.62273,1.02522,2.09904
2015-06-10,4.61556,3.46143,4.1336,1.79168,4.14542,2.94663,3.73966,1.09924,3.0372,2.40542,3.12022,1.21068,2.94027,2.4772,2.95475,1.2639,3.53691,2.36497,3.59164,1.24165,1.25972
2015-06-11,4.61556,3.46143,4.1336,1.79168,4.1842,2.9742,3.77465,1.10953,3.06105,2.42433,3.14472,1.22015,2.92498,2.46431,2.93938,1.25733,3.35824,2.27143,3.44577,1.20723,0.47316
2015-06-12,4.61556,3.46143,4.1336,1.79168,4.08021,2.90028,3.68084,1.08195,2.90332,2.29927,2.98269,1.15755,2.85753,2.40749,2.8716,1.22833,2.64538,2.00465,2.87671,1.08041,-0.41859
2015-06-15,4.61556,3.46143,4.1336,1.79168,3.97477,2.82532,3.58571,1.05399,2.7581,2.18413,2.83353,1.09992,2.81543,2.37202,2.82929,1.21024,2.4089,1.91703,2.61599,1.02375,0.59862
2015-06-16,4.61556,3.46143,4.1336,1.79168,3.89315,2.76731,3.51208,1.03235,2.65135,2.09948,2.72387,1.05755,2.75205,2.31862,2.7656,1.18299,2.34594,1.89121,2.52961,1.00495,0.93406
2015-06-17,4.61556,3.46143,4.1336,1.79168,3.87191,2.75221,3.49292,1.02672,2.63394,2.08568,2.70599,1.05064,2.55908,2.15604,2.57168,1.10004,2.35301,1.89417,2.53976,1.00716,-0.18502
2015-06-18,4.61556,3.46143,4.1336,1.79168,3.75785,2.67113,3.39002,0.99647,2.49021,1.97382,2.5571,0.99495,2.41706,2.03639,2.42897,1.039,2.3092,1.87551,2.47473,0.99297,0.17899
2015-06-19,4.61556,3.46143,4.1336,1.79168,3.64712,2.59243,3.29013,0.96711,2.36322,1.87302,2.42672,0.94449,2.40457,2.02586,2.41641,1.03362,2.29457,1.86912,2.45186,0.98797,-0.87932
2015-06-22,4.61556,3.46143,4.1336,1.79168,3.6281,2.57891,3.27298,0.96207,2.37941,1.88586,2.44333,0.95092,2.45106,2.06503,2.46313,1.05361,2.32118,1.88068,2.49302,0.99696,-0.32637
2015-06-23,4.61556,3.46143,4.1336,1.79168,3.53047,2.50951,3.18491,0.93618,2.27888,1.80607,2.34012,0.91097,2.36711,1.99431,2.37877,1.01752,2.30171,1.87225,2.46309,0.99042,0.75831
2015-06-24,4.61556,3.46143,4.1336,1.79168,3.49386,2.48349,3.15188,0.92647,2.26644,1.79619,2.32735,0.90603,2.36834,1.99534,2.38,1.01805,2.31397,1.87757,2.48205,0.99457,-0.83555
2015-06-25,4.61556,3.46143,4.1336,1.79168,3.47424,2.46954,3.13418,0.92127,2.28455,1.81057,2.34594,0.91323,2.40783,2.02861,2.41968,1.03502,2.32697,1.88316,2.50172,0.99886,-0.05111
2015-06-26,4.61556,3.46143,4.1336,1.79168,3.36873,2.39455,3.039,0.89329,2.17447,1.72319,2.23292,0.86949,2.35463,1.98379,2.36622,1.01216,2.2994,1.87124,2.45948,0.98963,-0.37739
2015-06-29,4.61556,3.46143,4.1336,1.79168,3.28466,2.33479,2.96315,0.871,2.10371,1.66702,2.16027,0.84137,2.31447,1.94995,2.32586,0.99489,2.29543,1.8695,2.45322,0.98826,-0.4391
2015-06-30,4.61556,3.46143,4.1336,1.79168,3.21032,2.28195,2.89609,0.85128,2.0513,1.62542,2.10646,0.82055,2.32375,1.95778,2.33519,0.99888,2.29586,1.86969,2.45391,0.98841,0.70569
2015-07-01,4.61556,3.46143,4.1336,1.79168,3.18005,2.26043,2.86879,0.84326,2.05815,1.63086,2.11349,0.82327,2.31742,1.95245,2.32884,0.99616,2.30786,1.87493,2.47266,0.99251,-2.86921
2015-07-02,4.61556,3.46143,4.1336,1.79168,4.06579,3.13744,3.79754,1.07813,3.2243,2.55651,3.31079,1.28663,3.07319,2.58918,3.08832,1.32103,5.01163,3.87995,5.03093,1.75727,0.04871
2015-07-03,4.61556,3.46143,4.1336,1.79168,3.94218,3.04206,3.6821,1.04535,3.02427,2.39773,3.10541,1.20715,2.91678,2.45741,2.93115,1.2538,4.08982,2.80626,4.10018,1.37633,1.08132
2015-07-06,4.61556,3.46143,4.1336,1.79168,3.95045,3.04844,3.68982,1.04754,2.9952,2.37466,3.07558,1.1956,2.99818,2.52599,3.01294,1.28879,3.64104,2.42905,3.68092,1.2634,-3.11674
2015-07-07,4.61556,3.46143,4.1336,1.79168,4.79152,3.78031,4.48921,1.27057,3.95153,3.13377,4.05745,1.5756,3.7238,3.13733,3.74214,1.60071,5.88228,4.89704,5.91104,2.43323,0.75761
2015-07-08,4.61556,3.46143,4.1336,1.79168,4.69797,3.7065,4.40156,1.24576,3.74635,2.9709,3.84679,1.49407,3.58538,3.02071,3.60304,1.54121,5.66346,4.64495,5.69033,2.22281,-1.13568
2015-07-09,4.61556,3.46143,4.1336,1.79168,4.6741,3.68767,4.3792,1.23944,3.64539,2.89076,3.74313,1.45395,3.26181,2.7481,3.27787,1.40212,5.47371,4.42454,5.49871,2.0647,-0.47366
2015-07-10,4.61556,3.46143,4.1336,1.79168,4.55279,3.59195,4.26553,1.20726,3.43533,2.72402,3.52746,1.37049,3.19582,2.6925,3.21156,1.37375,4.87832,3.72081,4.89568,1.68566,0.0286
2015-07-13,4.61556,3.46143,4.1336,1.79168,4.41417,3.48259,4.13566,1.17051,3.21642,2.55026,3.3027,1.2835,3.10815,2.61864,3.12345,1.33606,3.90703,2.63211,3.92349,1.32611,1.18422
2015-07-14,4.61556,3.46143,4.1336,1.79168,4.41729,3.48505,4.13858,1.17134,3.18998,2.52926,3.27555,1.27299,2.68247,2.26,2.69568,1.15308,3.59309,2.39857,3.6394,1.25321,1.01045
2015-07-15,4.61556,3.46143,4.1336,1.79168,4.38325,3.4582,4.1067,1.16231,3.12025,2.47392,3.20397,1.24529,2.71615,2.28838,2.72953,1.16756,3.10017,2.16297,3.24694,1.16194,-1.1823
2015-07-16,4.61556,3.46143,4.1336,1.79168,4.38781,3.4618,4.11097,1.16352,3.11496,2.46972,3.19853,1.24319,2.7476,2.31487,2.76113,1.18108,2.92212,2.0991,3.11082,1.13167,-0.72927
2015-07-17,4.61556,3.46143,4.1336,1.79168,4.30715,3.39816,4.03539,1.14213,3.00733,2.38116,3.09008,1.19739,2.74257,2.31063,2.75607,1.17892,2.65587,2.00519,2.86988,1.0756,0.21363
2015-07-20,4.61556,3.46143,4.1336,1.79168,4.1806,3.29831,3.91683,1.10857,2.83473,2.24436,2.91275,1.12892,2.73579,2.30492,2.74926,1.176,2.41037,1.91303,2.60929,1.01943,-0.77442
2015-07-21,4.61556,3.46143,4.1336,1.79168,4.11588,3.24726,3.8562,1.09141,2.7611,2.18601,2.83711,1.09971,2.70801,2.28152,2.72135,1.16406,2.378,1.89985,2.56782,1.01051,0.34441
2015-07-22,4.61556,3.46143,4.1336,1.79168,4.00316,3.15832,3.75058,1.06152,2.62233,2.07602,2.69453,1.04466,2.63159,2.21713,2.64455,1.13121,2.32966,1.87957,2.5017,0.99627,-1.49231
2015-07-23,4.61556,3.46143,4.1336,1.79168,4.11874,3.24951,3.85887,1.09217,2.81347,2.22751,2.89091,1.12048,2.76045,2.3257,2.77405,1.1866,2.51906,1.95525,2.73478,1.04643,-0.20682
2015-07-24,4.61556,3.46143,4.1336,1.79168,3.99784,3.15412,3.7456,1.06011,2.66016,2.10601,2.7334,1.05967,2.67835,2.25653,2.69154,1.15131,2.37085,1.8969,2.55838,1.00848,0.52397
2015-07-27,4.61556,3.46143,4.1336,1.79168,3.90615,3.08179,3.65969,1.0358,2.5549,2.02258,2.62525,1.01791,2.68983,2.2662,2.70307,1.15625,2.3359,1.88224,2.51054,0.99818,-0.74279
2015-07-28,4.61556,3.46143,4.1336,1.79168,3.84881,3.03655,3.60597,1.02059,2.50932,1.98646,2.57842,0.99983,2.7018,2.27628,2.7151,1.16139,2.34006,1.884,2.51637,0.99943,0.4848
2015-07-29,4.61556,3.46143,4.1336,1.79168,3.75833,2.96517,3.52121,0.9966,2.41474,1.9115,2.48125,0.96231,2.70406,2.27819,2.71737,1.16236,2.32209,1.87633,2.49085,0.99394,0.80889
2015-07-30,4.61556,3.46143,4.1336,1.79168,3.49454,2.87034,3.27022,0.98635,2.39883,1.89889,2.4649,0.956,2.62369,2.21048,2.63661,1.12782,2.33754,1.88293,2.51284,0.99867,-0.38871
2015-07-31,4.61556,3.46143,4.1336,1.79168,3.40484,2.79666,3.18628,0.96103,2.30591,1.82524,2.36943,0.91914,2.61398,2.2023,2.62686,1.12364,2.31794,1.87454,2.48485,0.99264,-1.96071
2015-08-03,4.61556,3.46143,4.1336,1.79168,3.71385,3.05048,3.47545,1.04825,2.80227,2.21864,2.8794,1.11604,2.8293,2.38371,2.84323,1.2162,2.98484,2.12293,3.14083,1.1349,-0.1914
2015-08-04,4.61556,3.46143,4.1336,1.79168,3.60454,2.96069,3.37316,1.01739,2.64909,2.09723,2.72202,1.05528,2.72489,2.29574,2.73831,1.17132,2.5049,1.94991,2.71949,1.04314,1.39366
2015-08-05,4.61556,3.46143,4.1336,1.79168,3.6981,3.03754,3.46072,1.0438,2.78636,2.20602,2.86305,1.10973,2.87452,2.4218,2.88867,1.23563,2.64833,2.0025,2.86294,1.07409,-0.48054
2015-08-06,4.61556,3.46143,4.1336,1.79168,3.60961,2.96486,3.37791,1.01882,2.66427,2.10926,2.73762,1.0613,2.65934,2.24051,2.67244,1.14314,2.43066,1.92114,2.63425,1.0248,-0.64482
2015-08-07,4.61556,3.46143,4.1336,1.79168,3.54411,2.91106,3.31661,1.00034,2.58394,2.0456,2.65508,1.02943,2.67668,2.25512,2.68986,1.15059,2.37113,1.89702,2.55875,1.00856,-0.78145
2015-08-10,4.61556,3.46143,4.1336,1.79168,3.50242,2.87682,3.2776,0.98857,2.54379,2.01378,2.61383,1.01351,2.46233,2.07453,2.47445,1.05845,2.36066,1.89267,2.54471,1.00554,1.63507
2015-08-11,4.61556,3.46143,4.1336,1.79168,3.68027,3.0229,3.44403,1.03877,2.80407,2.22006,2.88125,1.11676,2.71586,2.28813,2.72923,1.16744,2.64822,2.00246,2.86284,1.07407,-1.6217
2015-08-12,4.61556,3.46143,4.1336,1.79168,3.83568,3.15055,3.58946,1.08263,3.01258,2.38532,3.09548,1.19947,2.79942,2.35853,2.8132,1.20335,3.11905,2.1755,3.24405,1.158,0.41276
2015-08-13,4.61556,3.46143,4.1336,1.79168,3.73604,3.0687,3.49622,1.05451,2.85598,2.2612,2.93459,1.13735,2.72707,2.29758,2.7405,1.17225,2.5714,1.97468,2.78897,1.05812,-0.95407
2015-08-14,4.61556,3.46143,4.1336,1.79168,3.71565,3.05196,3.47714,1.04875,2.82357,2.23552,2.90129,1.12449,2.76938,2.33322,2.78302,1.19044,2.49441,1.94592,2.70798,1.04066,-0.52577
2015-08-17,4.61556,3.46143,4.1336,1.79168,3.63124,2.98262,3.39814,1.02493,2.70158,2.14032,2.77534,1.07552,2.71306,2.28577,2.72642,1.16623,2.38321,1.902,2.57464,1.01198,-0.95538
2015-08-18,4.61556,3.46143,4.1336,1.79168,3.61693,2.97087,3.38475,1.02089,2.6901,2.13122,2.76354,1.07096,2.62427,2.21096,2.63719,1.12806,2.39271,1.90588,2.58694,1.01462,0.46123
2015-08-19,4.61556,3.46143,4.1336,1.79168,3.52951,2.89907,3.30295,0.99622,2.57384,2.03904,2.64412,1.02482,2.4562,2.06936,2.46829,1.05582,2.34027,1.88409,2.51667,0.9995,-0.9305
2015-08-20,4.61556,3.46143,4.1336,1.79168,3.51597,2.88795,3.29028,0.99239,2.5736,2.03885,2.64388,1.02473,2.52117,2.1241,2.53358,1.08375,2.36444,1.89424,2.54981,1.00663,0.37232
2015-08-21,4.61556,3.46143,4.1336,1.79168,3.42414,2.81252,3.20434,0.96647,2.45845,1.94754,2.52559,0.97903,2.4548,2.06818,2.46688,1.05521,2.32601,1.87801,2.49648,0.99515,-0.32179
2015-08-24,4.61556,3.46143,4.1336,1.79168,3.33155,2.73647,3.1177,0.94034,2.35162,1.86285,2.41586,0.93663,2.40238,2.02402,2.41421,1.03268,2.31143,1.87173,2.47534,0.99059,-1.93638
2015-08-25,4.61556,3.46143,4.1336,1.79168,3.64105,2.99068,3.40733,1.0277,2.81547,2.23063,2.89233,1.12072,2.72702,2.29753,2.74045,1.17223,2.9194,2.09877,3.09002,1.12366,1.62038
2015-08-26,4.61556,3.46143,4.1336,1.79168,3.7999,3.12116,3.55598,1.07253,3.01064,2.38538,3.09281,1.19818,2.88468,2.43036,2.89888,1.24,3.39018,2.30225,3.4586,1.20747,-0.58592
2015-08-27,4.61556,3.46143,4.1336,1.79168,3.71907,3.05476,3.48033,1.04972,2.8814,2.2829,2.96005,1.14689,2.80771,2.36551,2.82153,1.20692,2.74163,2.03553,2.94566,1.09204,3.17316
2015-08-28,4.61556,3.46143,4.1336,1.79168,4.53706,3.72664,4.24582,1.2806,3.88818,3.08117,3.99423,1.54645,3.6188,3.04887,3.63662,1.55557,5.62176,4.65694,5.64886,2.26948,1.34631
2015-08-31,4.61556,3.46143,4.1336,1.79168,4.55136,3.44359,4.12851,1.28464,3.82002,3.02713,3.92422,1.5194,3.58701,3.02208,3.60467,1.54191,5.54564,4.5692,5.57209,2.19792,4.40956
2015-09-01,4.61556,3.46143,4.1336,1.79168,5.8409,4.41927,5.29825,1.64861,5.26666,4.17416,5.41023,2.09353,4.65757,3.92403,4.6805,2.00209,5.81359,4.87691,5.84221,2.46846,-4.31468
2015-09-02,4.61556,3.46741,4.2758,1.79168,6.78895,5.13657,6.15822,1.9162,6.20186,4.91568,6.37089,2.46469,5.31041,4.47406,5.33656,2.28273,5.81363,4.87695,5.84224,2.4685,1.59256
2015-09-03,4.61556,3.46741,4.2758,1.79168,6.72567,5.08869,6.10081,1.89834,5.92652,4.69736,6.08805,2.35541,5.23488,4.41042,5.26066,2.25026,5.77008,4.82716,5.79837,2.42086,-1.22878
2015-09-04,4.61556,3.46741,4.2758,1.79168,6.6074,4.9992,5.99353,1.86496,5.61331,4.44901,5.76631,2.2311,4.94413,4.16547,4.96848,2.12528,5.69011,4.7355,5.71777,2.33721,0.12185
2015-09-07,4.61556,3.46741,4.2758,1.79168,6.40698,4.84757,5.81174,1.80839,5.21945,4.13673,5.36173,2.07479,4.86545,4.09918,4.88941,2.09145,5.37703,4.37384,5.40187,2.05284,1.11648
2015-09-08,4.61556,3.46741,4.2758,1.79168,6.28691,4.75672,5.70282,1.7745,4.95297,3.92544,5.088,1.96903,4.2321,3.56557,4.25293,1.8192,5.15541,4.11485,5.17784,1.88741,-0.77808
2015-09-09,4.61556,3.46741,4.2758,1.79168,6.13268,4.64002,5.56291,1.73097,4.66278,3.69535,4.78991,1.85387,3.45403,2.91004,3.47104,1.48474,4.67672,3.54688,4.69269,1.60994,-1.51942
2015-09-10,4.61556,3.46741,4.2758,1.79168,6.09031,4.60797,5.52448,1.71901,4.54762,3.60403,4.67162,1.80816,3.46512,2.91939,3.48219,1.48951,4.79177,3.68428,4.80942,1.66799,1.81557
2015-09-11,4.61556,3.46741,4.2758,1.79168,6.11138,4.62391,5.54359,1.72495,4.52698,3.58768,4.65042,1.79997,3.5723,3.00969,3.58989,1.53558,5.15909,4.11917,5.18157,1.88994,-1.09756
2015-09-14,4.61556,3.46741,4.2758,1.79168,6.00127,4.5406,5.44371,1.69388,4.33058,3.43195,4.44867,1.72202,3.60824,3.03996,3.626,1.55103,4.89569,3.808,4.91481,1.72483,0.05451
2015-09-15,4.61556,3.46741,4.2758,1.79168,5.81864,4.40242,5.27805,1.64233,4.04053,3.19994,4.15192,1.6058,3.52185,2.96718,3.53919,1.5139,4.05144,2.82333,4.0623,1.36804,0.92719
2015-09-16,4.61556,3.46741,4.2758,1.79168,5.69848,4.3115,5.16905,1.60841,3.85554,3.05336,3.96184,1.53244,3.55634,2.99624,3.57386,1.52872,3.49292,2.36072,3.54444,1.22802,0.51938
2015-09-17,4.61556,3.46741,4.2758,1.79168,5.54323,4.19405,5.02823,1.56459,3.62692,2.8722,3.72693,1.44177,3.44258,2.9004,3.45953,1.47982,2.76426,2.0435,2.96482,1.09621,0.3455
2015-09-18,4.61556,3.46741,4.2758,1.79168,5.38272,4.0726,4.88263,1.51929,3.40292,2.6947,3.49676,1.35292,3.28489,2.76754,3.30106,1.41204,2.45017,1.92883,2.65753,1.02981,-1.85248
2015-09-21,4.61556,3.46741,4.2758,1.79168,5.46075,4.13164,4.95341,1.54131,3.59431,2.84636,3.69342,1.42883,3.48816,2.9388,3.50534,1.49941,3.17344,2.19836,3.28609,1.16752,1.25805
2015-09-22,4.61556,3.46741,4.2758,1.79168,5.40579,4.09006,4.90356,1.5258,3.54093,2.80406,3.63857,1.40766,3.54656,2.988,3.56402,1.52452,3.0866,2.16233,3.21909,1.15238,-0.03715
2015-09-23,4.61556,3.46741,4.2758,1.79168,5.24121,3.96553,4.75427,1.47935,3.31144,2.62222,3.40277,1.31665,3.47698,2.92938,3.4941,1.49461,2.52924,1.95907,2.7456,1.04876,-2.38169
2015-09-24,4.61556,3.46741,4.2758,1.79168,5.48582,4.15061,4.97615,1.54839,3.76783,2.98385,3.87171,1.49765,3.83919,3.23454,3.85809,1.65031,4.44936,3.27552,4.46201,1.5088,0.94995
2015-09-25,4.61556,3.46741,4.2758,1.79168,5.38221,4.07222,4.88217,1.51915,3.61742,2.86467,3.71716,1.438,3.77274,3.17856,3.79132,1.62174,3.93595,2.70677,3.94927,1.33436,0.37097
2015-09-28,4.61556,3.46741,4.2758,1.79168,5.22817,3.95567,4.74244,1.47567,3.39639,2.68953,3.49005,1.35034,3.61201,3.04315,3.6298,1.55265,3.02036,2.1364,3.1682,1.14099,-0.02976
2015-09-29,4.61556,3.46741,4.2758,1.79168,5.06896,3.83521,4.59803,1.43073,3.17983,2.51793,3.26753,1.26445,3.40598,2.86956,3.42275,1.46409,2.50887,1.95141,2.72381,1.04407,-0.73615
2015-09-30,4.61556,3.46741,4.2758,1.79168,4.95589,3.74966,4.49546,1.39882,3.05629,2.42003,3.14059,1.21545,3.42485,2.88546,3.44172,1.4722,2.41541,1.91506,2.61557,1.02078,-1.01933
2015-10-01,4.61556,3.46741,4.2758,1.79168,4.88567,3.69653,4.43176,1.37899,3.01435,2.3868,3.0975,1.19882,2.93502,2.47278,2.94948,1.26164,2.42489,1.91884,2.62723,1.02329,-1.45658
2015-10-02,4.61556,3.46741,4.2758,1.79168,4.90259,3.70933,4.44711,1.38377,3.12112,2.47141,3.20722,1.24117,2.76592,2.33031,2.77954,1.18895,2.6208,1.99263,2.83716,1.06852,1.37236
2015-10-05,4.61556,3.46741,4.2758,1.79168,4.90018,3.70751,4.44492,1.38309,3.17346,2.51288,3.26099,1.26192,2.85109,2.40206,2.86513,1.22556,2.74585,2.03702,2.94925,1.09282,-1.06145
2015-10-06,4.61556,3.46741,4.2758,1.79168,4.83938,3.6615,4.38977,1.36593,3.12708,2.47613,3.21334,1.24353,2.8921,2.43662,2.90634,1.24319,2.63648,1.99826,2.85193,1.07171,1.58218
2015-10-07,4.61556,3.46741,4.2758,1.79168,4.88873,3.69885,4.43454,1.37986,3.25511,2.57758,3.34489,1.29431,3.06635,2.58342,3.08145,1.31809,3.00669,2.13118,3.15767,1.13864,-0.84612
2015-10-08,4.61556,3.46741,4.2758,1.79168,4.79634,3.62895,4.35073,1.35378,3.1455,2.49072,3.23226,1.25083,3.00381,2.53073,3.0186,1.29121,2.66398,2.00808,2.87729,1.0772,1.44409
2015-10-09,4.61556,3.46741,4.2758,1.79168,4.81614,3.64392,4.36869,1.35937,3.21895,2.54892,3.30773,1.27996,3.05269,2.57191,3.06772,1.31222,2.8615,2.07791,3.0443,1.11359,1.72563
2015-10-12,4.61556,3.46741,4.2758,1.79168,4.90369,3.71017,4.44811,1.38408,3.38676,2.68189,3.48016,1.34652,3.13825,2.644,3.15371,1.349,3.5163,2.37502,3.56441,1.23287,-2.15511
2015-10-13,4.61556,3.46741,4.2758,1.79168,5.10895,3.77398,4.61905,1.44202,3.71489,2.9419,3.81732,1.47665,3.36545,2.83542,3.38203,1.44667,4.81531,3.71234,4.8333,1.68048,0.47135
2015-10-14,4.61556,3.46741,4.2758,1.79168,4.97017,3.67147,4.49358,1.40285,3.48723,2.76489,3.58145,1.38809,3.14911,2.65314,3.16461,1.35367,4.04486,2.81644,4.0558,1.36605,0.27753
2015-10-15,4.61556,3.46741,4.2758,1.79168,4.82478,3.56406,4.36213,1.36181,3.27204,2.59416,3.36045,1.30263,3.11395,2.62353,3.12928,1.33856,3.08876,2.1632,3.22075,1.15275,0.63733
2015-10-16,4.61556,3.46741,4.2758,1.79168,4.71038,3.47956,4.2587,1.32952,3.11816,2.47209,3.20243,1.24153,3.0248,2.54842,3.0397,1.30024,2.6119,1.98942,2.82867,1.06668,-0.75855
2015-10-19,4.61556,3.46741,4.2758,1.79168,4.61408,3.40842,4.17164,1.30234,3.00619,2.38326,3.08744,1.19706,2.90077,2.44392,2.91506,1.24692,2.46245,1.93362,2.67186,1.03289,-0.62564
2015-10-20,4.61556,3.46741,4.2758,1.79168,4.50635,3.32884,4.07423,1.27193,2.88185,2.28461,2.95975,1.14768,2.65101,2.2335,2.66407,1.13956,2.38164,1.90135,2.5726,1.01154,0.5376
2015-10-21,4.61556,3.46741,4.2758,1.79168,4.39391,3.24578,3.97257,1.24019,2.75403,2.1832,2.82848,1.09692,2.59865,2.18938,2.61145,1.11705,2.34086,1.88434,2.51749,0.99968,-1.47903
2015-10-22,4.61556,3.46741,4.2758,1.79168,4.44922,3.28664,4.02258,1.25581,2.91591,2.31163,2.99473,1.16121,2.78148,2.34342,2.79518,1.19564,2.52694,1.95821,2.74317,1.04824,-0.28426
2015-10-23,4.61556,3.46741,4.2758,1.79168,4.32072,3.19172,3.90641,1.21954,2.75655,2.1852,2.83107,1.09792,2.71495,2.28736,2.72832,1.16704,2.37657,1.89927,2.56594,1.01011,-1.8962
2015-10-26,4.61556,3.46741,4.2758,1.79168,4.50072,3.32468,4.06915,1.27034,3.10431,2.4611,3.18821,1.23603,2.93495,2.47272,2.9494,1.26161,3.06143,2.15234,3.19975,1.14804,-2.06214
2015-10-27,4.61556,3.46741,4.2758,1.79168,4.71633,3.48395,4.26408,1.3312,3.44935,2.73483,3.54255,1.37305,3.20304,2.69859,3.21882,1.37685,4.36689,3.17806,4.37849,1.47612,0.11737
2015-10-28,4.61556,3.46741,4.2758,1.79168,4.57379,3.37866,4.1352,1.29097,3.23019,2.56097,3.31749,1.28602,3.10192,2.61339,3.1172,1.33339,3.39014,2.30224,3.45857,1.20746,2.01655
2015-10-29,4.61556,3.46741,4.2758,1.79168,4.76728,3.52159,4.31014,1.34558,3.51814,2.78941,3.6132,1.40037,3.33394,2.80887,3.35035,1.43312,4.47763,3.30912,4.49067,1.52047,-0.01629
2015-10-30,4.61556,3.46741,4.2758,1.79168,4.62207,3.41432,4.17886,1.30459,3.29146,2.60957,3.3804,1.31035,3.24426,2.73331,3.26023,1.39457,3.51337,2.37321,3.5619,1.23226,-1.32577
2015-11-02,4.61556,3.46741,4.2758,1.79168,4.62661,3.41767,4.18296,1.30587,3.30596,2.62107,3.39529,1.3161,3.19575,2.69244,3.21148,1.37372,3.49696,2.36316,3.54788,1.22885,-1.22572
2015-11-03,4.61556,3.46741,4.2758,1.79168,4.61006,3.40545,4.168,1.3012,3.28741,2.60636,3.37624,1.30874,3.03763,2.55922,3.05258,1.30575,3.34587,2.27906,3.42248,1.19897,1.8611
2015-11-04,4.61556,3.46741,4.2758,1.79168,4.75249,3.51066,4.29677,1.3414,3.49557,2.7715,3.59001,1.3914,3.27779,2.76156,3.29393,1.40899,4.1816,2.96475,4.19183,1.4096,0.47509
2015-11-05,4.61556,3.46741,4.2758,1.79168,4.62612,3.41731,4.18252,1.30574,3.29716,2.61409,3.38625,1.31261,2.99989,2.52743,3.01467,1.28953,3.29642,2.25446,3.38274,1.18971,-1.25586
2015-11-06,4.61556,3.46741,4.2758,1.79168,4.61571,3.40962,4.1731,1.3028,3.28896,2.60759,3.37783,1.30935,3.09862,2.61061,3.11388,1.33197,3.21458,2.21639,3.31813,1.17482,1.37173
2015-11-09,4.61556,3.46741,4.2758,1.79168,4.63072,3.42071,4.18668,1.30704,3.3134,2.62698,3.40294,1.31906,3.12821,2.63553,3.14361,1.34469,3.27074,2.24218,3.36233,1.18498,-0.12256
2015-11-10,4.61556,3.46741,4.2758,1.79168,4.49091,3.31744,4.06028,1.26757,3.1072,2.46339,3.19117,1.23717,2.97944,2.5102,2.99411,1.28074,2.59513,1.98335,2.81246,1.06318,-0.74443
2015-11-11,4.61556,3.46741,4.2758,1.79168,4.40177,3.25159,3.97968,1.24241,2.99366,2.37331,3.07458,1.19208,2.78874,2.34953,2.80247,1.19876,2.45263,1.92979,2.66042,1.03043,-0.77784
2015-11-12,4.61556,3.46741,4.2758,1.79168,4.32073,3.19172,3.90641,1.21954,2.89793,2.29958,2.97517,1.1543,2.74274,2.31078,2.75625,1.17899,2.39764,1.90789,2.59324,1.01598,-2.34758
2015-11-13,4.61556,3.46741,4.2758,1.79168,4.65824,3.44104,4.21156,1.3148,3.4357,2.72655,3.52724,1.36804,3.14708,2.65144,3.16257,1.3528,4.11079,2.88668,4.12114,1.3865,0.04377
2015-11-16,4.61556,3.46741,4.2758,1.79168,4.51649,3.33633,4.0834,1.27479,3.21773,2.55349,3.30347,1.28141,2.93043,2.46891,2.94486,1.25967,3.11643,2.17442,3.24204,1.15754,2.2289
2015-11-17,4.61556,3.46741,4.2758,1.79168,4.78711,3.53623,4.32807,1.35118,3.60565,2.86149,3.70171,1.43559,3.35307,2.82498,3.36958,1.44134,4.65631,3.52248,4.67197,1.60015,-1.389
2015-11-18,4.61556,3.46741,4.2758,1.79168,4.79525,3.54225,4.33543,1.35347,3.59233,2.85091,3.68804,1.43029,3.38074,2.8483,3.39739,1.45324,4.63167,3.49301,4.64696,1.58853,0.53135
2015-11-19,4.61556,3.46741,4.2758,1.79168,4.67198,3.45119,4.22398,1.31868,3.39243,2.6922,3.48282,1.35084,3.33257,2.80771,3.34897,1.43253,3.84111,2.61878,3.85832,1.30874,-0.70981
2015-11-20,4.61556,3.46741,4.2758,1.79168,4.57135,3.37686,4.133,1.29028,3.24098,2.57194,3.32734,1.29065,3.08556,2.5996,3.10075,1.32635,3.12678,2.17868,3.25002,1.15934,-0.63783
2015-11-23,4.61556,3.46741,4.2758,1.79168,4.46652,3.29942,4.03822,1.26069,3.09351,2.45486,3.17594,1.23203,3.07888,2.59397,3.09404,1.32348,2.63545,1.99789,2.85097,1.0715,-0.86426
2015-11-24,4.61556,3.46741,4.2758,1.79168,4.39492,3.24653,3.97349,1.24048,3.00708,2.38624,3.08722,1.19768,2.86467,2.4135,2.87877,1.2314,2.49904,1.94768,2.71308,1.04176,1.21491
2015-11-25,4.61556,3.46741,4.2758,1.79168,4.38954,2.55141,3.79295,1.23896,3.02414,2.39978,3.10473,1.20446,2.8212,2.37688,2.83509,1.21272,2.53897,1.9627,2.75581,1.05096,0.86544
2015-11-26,4.61556,3.46741,4.2758,1.79168,4.32158,2.51191,3.73422,1.21978,2.94364,2.33587,3.02209,1.17247,2.77537,2.33827,2.78904,1.19302,2.44884,1.92831,2.65597,1.02947,0.00574
2015-11-27,4.31468,3.46143,4.08345,1.79168,4.0239,2.43529,3.28304,1.18262,2.77034,2.19827,2.84418,1.10359,2.72808,2.29843,2.74151,1.17269,2.34593,1.88649,2.52455,1.0012,-0.51291
2015-11-30,4.31468,3.46143,4.08345,1.79168,3.92467,2.37523,3.20208,1.15346,2.65366,2.10563,2.7244,1.05721,2.66177,2.24256,2.67488,1.14419,2.3271,1.87848,2.49804,0.99549,-0.90611
2015-12-01,4.31468,3.46143,4.08345,1.79168,3.87932,2.34779,3.16508,1.14013,2.63524,2.09101,2.70549,1.04989,2.69332,2.26914,2.70658,1.15775,2.35376,1.88978,2.53533,1.00352,0.61999
2015-12-02,4.31468,3.46143,4.08345,1.79168,3.79647,2.29765,3.09748,1.11578,2.55011,2.02342,2.61809,1.01605,2.59204,2.18381,2.6048,1.11421,2.33563,1.88212,2.51016,0.9981,0.75787
2015-12-03,4.31468,3.46143,4.08345,1.79168,3.73462,2.26021,3.04702,1.0976,2.50488,1.9875,2.57166,0.99808,2.56941,2.16475,2.58206,1.10448,2.33913,1.88361,2.51507,0.99915,0.82153
2015-12-04,4.31468,3.46143,4.08345,1.79168,3.68502,2.23019,3.00655,1.08302,2.48148,1.96893,2.54764,0.98878,2.56565,2.16158,2.57829,1.10287,2.34715,1.887,2.52624,1.00156,-1.44846
2015-12-07,4.31468,3.46143,4.08345,1.79168,3.7712,2.28235,3.07687,1.10835,2.68315,2.12905,2.75467,1.06893,2.74412,2.31194,2.75763,1.17958,2.51883,1.95517,2.73453,1.04638,-2.37045
2015-12-08,4.31468,3.46143,4.08345,1.79168,4.15594,2.5153,3.40695,1.22143,3.29635,2.61591,3.38419,1.31266,3.14729,2.65161,3.16279,1.35289,4.41022,3.22914,4.42235,1.49304,-0.68843
2015-12-09,4.31468,3.46143,4.08345,1.79168,4.06998,2.46327,3.33648,1.19616,3.1515,2.5009,3.23548,1.25508,3.02598,2.54941,3.04088,1.30074,3.69307,2.49673,3.72065,1.27206,-0.27126
2015-12-10,4.31468,3.46143,4.08345,1.79168,3.95246,2.39215,3.24014,1.16162,2.9692,2.35616,3.04833,1.18263,2.9913,2.52019,3.00603,1.28584,2.82014,2.06322,3.011,1.1063,-0.91347
2015-12-11,4.31468,3.46143,4.08345,1.79168,3.90695,2.3646,3.20283,1.14825,2.90808,2.30918,2.98488,1.15813,3.01812,2.54279,3.03298,1.29737,2.60397,1.98655,2.82104,1.06504,-2.48734
2015-12-14,4.31468,3.46143,4.08345,1.79168,4.3181,2.71421,3.56249,1.26909,3.51272,2.78948,3.60547,1.39858,3.4092,2.87227,3.42598,1.46547,4.74902,3.63327,4.76605,1.64584,-0.00691
2015-12-15,4.31468,3.46143,4.08345,1.79168,4.18656,2.63152,3.45397,1.23042,3.28993,2.6125,3.37681,1.30998,2.91743,2.45795,2.93179,1.25408,3.85338,2.62974,3.86997,1.31195,0.01511
2015-12-16,4.31468,3.46143,4.08345,1.79168,4.05904,2.55137,3.34876,1.19295,3.08687,2.4512,3.16839,1.22923,2.89083,2.43554,2.90506,1.24265,2.89829,2.09112,3.07346,1.12,-1.30429
2015-12-17,4.0401,3.26466,3.68288,1.79168,3.5701,2.47101,3.07163,1.19992,3.12333,2.48016,3.20582,1.24373,2.96762,2.50024,2.98223,1.27566,2.94604,2.10852,3.11079,1.12824,0.97503
2015-12-18,4.0401,3.26466,3.68288,1.79168,3.53353,2.44569,3.04016,1.18763,3.05768,2.42802,3.13844,1.21763,2.94301,2.47951,2.9575,1.26508,2.68712,2.01629,2.89813,1.08172,-1.39375
2015-12-21,4.0401,3.26466,3.68288,1.79168,3.57329,2.47322,3.07438,1.20099,3.12897,2.48464,3.2116,1.24597,2.7484,2.31554,2.76193,1.18142,2.85551,2.07578,3.03952,1.11255,1.00826
2015-12-22,3.549,3.11674,3.52899,1.79168,3.54151,2.45112,3.04701,1.19031,3.07093,2.43854,3.15204,1.22289,2.79541,2.35515,2.80918,1.20163,2.65664,2.00546,2.87058,1.07575,1.90253
2015-12-23,3.549,3.11674,3.52899,1.79168,3.703,2.56289,3.18596,1.24459,3.33822,2.65086,3.42637,1.32918,3.10052,2.61221,3.11579,1.33279,3.60483,2.43286,3.64149,1.25192,-0.93493
2015-12-24,3.549,3.11674,3.52899,1.79168,3.65428,2.52917,3.14404,1.22821,3.23864,2.57176,3.32416,1.28958,3.00138,2.52869,3.01616,1.29017,3.11145,2.17238,3.2382,1.15668,0.17087
2015-12-25,3.549,3.11674,3.52899,1.79168,3.54514,2.45364,3.05014,1.19153,3.04371,2.41692,3.1241,1.21207,2.9104,2.45203,2.92473,1.25106,2.54144,1.96362,2.75839,1.05152,0.0
2015-12-28,3.549,3.11674,3.52899,1.79168,3.43715,2.37889,2.95722,1.15523,2.86292,2.2733,2.93854,1.14017,2.78675,2.34785,2.80047,1.19791,2.3736,1.89804,2.56202,1.00926,5.78136
2015-12-29,3.549,3.11674,3.52899,1.79168,5.37196,3.718,4.62189,1.80553,5.7684,4.58129,5.92064,2.29559,5.05696,4.26053,5.08187,2.17378,5.81363,4.87696,5.84225,2.46851,5.56281
2015-12-30,3.549,2.94708,3.44326,1.79168,6.60019,4.56807,5.67862,2.21834,7.26497,5.7701,7.45669,2.89073,6.07774,5.12054,6.10767,2.61257,5.81364,4.87696,5.84225,2.46851,-2.03926
2015-12-31,3.549,2.94708,3.44326,1.79168,6.56944,4.54679,5.65216,2.20801,6.97348,5.53855,7.15751,2.77481,5.90985,4.97909,5.93895,2.5404,5.79553,4.85626,5.82401,2.44851,0.06469
2016-01-01,3.549,2.94708,3.44326,1.79168,6.36948,4.40839,5.48013,2.1408,6.46784,5.13689,6.63853,2.57374,5.86164,4.93848,5.89051,2.51968,5.61707,4.65155,5.64414,2.26496,0.0
2016-01-04,3.549,2.94708,3.44326,1.79168,6.17544,4.2741,5.31318,2.07558,6.00193,4.76679,6.16033,2.38846,5.85717,4.9347,5.88601,2.51775,5.22251,4.19354,5.24571,1.9347,1.00057
2016-01-05,3.549,2.94708,3.44326,1.79168,6.03156,4.17451,5.18938,2.02722,5.64202,4.4809,5.79093,2.24533,4.88842,4.11853,4.91249,2.10133,4.88984,3.80104,4.90888,1.72151,-1.27247
2016-01-06,3.549,2.94708,3.44326,1.79168,5.92089,4.09791,5.09417,1.99002,5.36172,4.25824,5.50325,2.13387,3.79144,3.19432,3.81011,1.62978,4.745,3.62846,4.76197,1.64379,-1.17684
2016-01-07,3.549,2.94708,3.44326,1.79168,5.80423,4.01718,4.9938,1.95082,5.09212,4.04409,5.22654,2.02666,3.61368,3.04455,3.63147,1.55337,4.50133,3.33734,4.51471,1.53044,-0.9758
2016-01-08,3.549,2.94708,3.44326,1.79168,5.67217,3.92577,4.88017,1.90643,4.8149,3.82387,4.942,1.91642,3.65461,3.07903,3.6726,1.57096,4.04009,2.81147,4.0511,1.36461,2.55637
2016-01-11,3.549,2.94708,3.44326,1.79168,5.80638,4.01867,4.99565,1.95154,5.05406,4.00142,5.19462,2.00502,4.14502,3.49221,4.16543,1.78177,5.52168,4.37418,5.54527,2.00539,-0.76445
2016-01-12,3.549,2.94708,3.44326,1.79168,5.657,3.91527,4.86712,1.90133,4.75303,3.76303,4.88523,1.88571,3.98367,3.35627,4.00329,1.71242,4.89383,3.62665,4.90853,1.66773,-2.13983
2016-01-13,3.549,2.94708,3.44326,1.79168,5.70207,3.94647,4.9059,1.91648,4.81866,3.815,4.95269,1.91173,4.17243,3.5153,4.19298,1.79355,5.59513,4.46059,5.6196,2.05502,-0.76956
2016-01-14,3.549,2.94708,3.44326,1.79168,5.55673,3.84588,4.78086,1.86763,4.53987,3.59422,4.66614,1.80123,4.05493,3.4163,4.07489,1.74304,4.99964,3.75316,5.01593,1.71512,0.31995
2016-01-15,3.549,2.86921,3.43028,1.79168,5.3925,3.73221,4.63956,1.81243,4.24101,3.35755,4.35898,1.68277,4.01196,3.3801,4.03172,1.72458,3.97351,2.67414,4.00539,1.37151,-3.13941
2016-01-18,3.549,3.11674,3.47532,1.79168,5.70694,3.94984,4.91009,1.91812,4.8415,3.83309,4.97616,1.92078,4.44517,3.74509,4.46706,1.91079,6.11809,5.06831,6.14777,2.48834,1.25
2016-01-19,3.549,3.11674,3.47532,1.79168,5.60758,3.88107,4.8246,1.88472,4.64191,3.67503,4.77102,1.84167,4.30078,3.62344,4.32196,1.84873,5.97142,4.89914,5.99982,2.35123,-1.09044
2016-01-20,3.549,3.11674,3.47532,1.79168,5.49452,3.80282,4.72733,1.84672,4.43311,3.50968,4.55642,1.75891,4.16134,3.50596,4.18183,1.78879,5.70697,4.59164,5.73271,2.13543,-2.47065
2016-01-21,3.549,3.11674,3.47532,1.79168,5.62321,3.89189,4.83805,1.88998,4.68068,3.70573,4.81087,1.85704,4.51973,3.8079,4.54199,1.94284,6.16387,5.12093,6.19393,2.53396,4.31863
2016-01-22,3.549,3.11674,3.47532,1.79168,6.29518,4.35697,5.4162,2.11583,5.80161,4.59342,5.96295,2.30131,5.47065,4.60906,5.49759,2.35161,6.31108,5.28955,6.34228,2.69042,1.55077
2016-01-25,3.549,3.11674,3.47532,1.79168,6.20716,4.29605,5.34047,2.08624,5.56284,4.40433,5.71754,2.20668,4.96137,4.17998,4.9858,2.13268,6.25118,5.22104,6.28193,2.6249,-2.78433
2016-01-26,3.549,2.86921,3.37562,1.79168,6.35097,4.39558,5.4642,2.13458,5.73276,4.53889,5.89218,2.27402,5.3159,4.47868,5.34207,2.28508,6.30032,5.27725,6.33143,2.67845,-1.05177
2016-01-27,3.549,2.86921,3.37562,1.79168,6.20502,4.29457,5.33862,2.08552,5.40959,4.28297,5.56004,2.14594,5.19975,4.38082,5.22535,2.23515,6.18653,5.14695,6.21678,2.55706,3.98635
2016-01-28,3.549,2.86921,3.37562,1.79168,6.68075,4.62383,5.74793,2.24542,6.14653,4.86657,6.31746,2.43802,5.59662,4.71519,5.62418,2.40576,6.3108,5.28923,6.34199,2.6901,-0.76676
2016-01-29,3.549,2.86921,3.37562,1.79168,6.50129,4.49962,5.59353,2.1851,5.74949,4.55214,5.90938,2.28066,4.47617,3.7712,4.49821,1.92412,6.17685,5.13584,6.20702,2.54715,2.09068
2016-02-01,3.549,2.86921,3.37562,1.79168,6.48478,4.48819,5.57932,2.17955,5.65449,4.47691,5.81174,2.243,4.62557,3.89707,4.64834,1.98834,6.2315,5.19851,6.2621,2.60394,-2.50978
2016-02-02,3.549,2.86921,3.37562,1.79168,6.54789,4.53187,5.63362,2.20076,5.70946,4.52045,5.86824,2.26479,4.6798,3.94277,4.70285,2.01165,6.28674,5.26174,6.31776,2.66349,-3.88992
2016-02-03,3.88992,3.11674,3.54574,1.79168,6.95264,4.812,5.98186,2.3368,6.33183,5.01331,6.50789,2.51146,5.41291,4.56041,5.43956,2.32678,6.31094,5.28939,6.34214,2.69027,2.74612
2016-02-04,3.88992,3.11674,3.54574,1.79168,7.03166,4.8667,6.04985,2.36336,6.36228,5.03743,6.5392,2.52353,5.08496,4.28411,5.11,2.18581,6.30526,5.2829,6.33641,2.68394,-1.19402
2016-02-05,3.88992,3.11674,3.54574,1.79168,6.87276,4.75672,5.91313,2.30995,6.00221,4.75228,6.16912,2.38082,4.99024,4.20431,5.01482,2.1451,6.20965,5.17346,6.24007,2.58099,-0.78354
2016-02-08,3.88992,3.11674,3.54574,1.79168,6.68781,4.62871,5.75401,2.24779,5.61943,4.44915,5.77571,2.22911,4.85005,4.0862,4.87393,2.08483,5.98345,4.91305,6.01195,2.36197,0.48832
2016-02-09,3.88992,3.11674,3.54574,1.79168,6.49384,4.49446,5.58712,2.18259,5.26189,4.1703,5.40579,2.08928,4.65468,3.9216,4.6776,2.00085,5.49709,4.3452,5.52038,1.98932,-2.44047
2016-02-10,3.88992,3.11674,3.54574,1.79168,6.54241,4.52808,5.62891,2.19892,5.35594,4.24486,5.50241,2.12659,4.45757,3.75554,4.47952,1.91612,6.09179,5.03805,6.12125,2.46277,-0.44339
2016-02-11,3.88992,3.11674,3.54574,1.79168,6.35133,4.39583,5.46451,2.1347,4.99936,3.96219,5.13609,1.98511,4.06271,3.42286,4.08271,1.74639,5.68606,4.56719,5.71157,2.11994,-1.87509
2016-02-12,3.88992,3.11674,3.54574,1.79168,6.30765,4.3656,5.42693,2.12002,4.94516,3.91924,5.08041,1.96361,4.20348,3.54146,4.22418,1.8069,5.87436,4.78665,5.90183,2.26757,2.5766
2016-02-15,3.88992,3.11674,3.54574,1.79168,6.3973,4.42764,5.50406,2.15015,5.14056,4.07412,5.28115,2.04114,4.54507,3.82925,4.56745,1.95374,6.22968,5.19642,6.26026,2.60202,0.0
2016-02-16,3.88992,2.86921,3.47983,1.79168,6.20241,4.29276,5.33638,2.08465,4.78544,3.79263,4.91633,1.90024,4.39695,3.70446,4.4186,1.89006,5.94157,4.86459,5.96969,2.32492,-1.46476
2016-02-17,3.88992,2.86921,3.47983,1.79168,6.10748,4.22706,5.2547,2.05274,4.64552,3.68171,4.77259,1.84472,4.2256,3.5601,4.24641,1.81641,5.85612,4.76547,5.88341,2.25244,0.84437
2016-02-18,3.88992,2.86921,3.47983,1.79168,5.95331,4.12035,5.12206,2.00092,4.39421,3.48249,4.5144,1.74501,4.20329,3.5413,4.22398,1.80682,5.42364,4.25843,5.44599,1.94284,-0.36393
2016-02-19,3.88992,2.86921,3.47983,1.79168,5.77804,3.99905,4.97126,1.94201,4.1127,3.25934,4.2252,1.63331,4.05272,3.41444,4.07268,1.7421,4.56604,3.24232,4.57706,1.54075,-1.55146
2016-02-22,3.88992,2.86921,3.47983,1.79168,5.71498,3.95541,4.91701,1.92082,4.0819,3.23493,4.19356,1.6211,3.90027,3.28601,3.91948,1.67656,4.59514,3.27549,4.60633,1.55092,1.8936
2016-02-23,3.88992,2.86921,3.47983,1.79168,5.71016,3.95207,4.91286,1.9192,4.16569,3.30135,4.27964,1.65434,3.89135,3.27849,3.91052,1.67273,5.10172,3.87529,5.11954,1.76415,1.87253
2016-02-24,3.88992,2.78433,3.35238,1.79168,5.70192,3.94637,4.90578,1.91643,4.22874,3.35133,4.34442,1.67936,3.95556,3.33259,3.97504,1.70033,5.45844,4.29957,5.48124,1.96457,-2.02634
2016-02-25,3.88992,2.78433,3.35238,1.79168,5.72207,3.96031,4.92311,1.9232,4.33951,3.43914,4.45821,1.72331,4.05739,3.41838,4.07737,1.7441,5.83061,4.73582,5.85765,2.2316,-0.27168
2016-02-26,3.88992,2.78433,3.35238,1.79168,5.55129,3.84211,4.77617,1.8658,4.05691,3.21512,4.16789,1.61118,3.94904,3.32709,3.96848,1.69753,5.17826,3.96674,5.19722,1.8032,-1.8331
2016-02-29,3.88992,2.78433,3.35238,1.79168,5.5455,3.8381,4.77119,1.86386,4.12601,3.26989,4.23887,1.6386,3.91746,3.30049,3.93675,1.68395,5.46747,4.31024,5.49038,1.9703,-0.63709
2016-03-01,3.88992,2.78433,3.35238,1.79168,5.39657,3.73503,4.64306,1.8138,3.89548,3.08715,4.00204,1.54713,3.71516,3.13004,3.73345,1.59699,4.74589,3.45094,4.75856,1.60693,1.88049
2016-03-02,3.88992,2.78433,3.35238,1.79168,5.40868,3.74341,4.65348,1.81787,4.00508,3.17403,4.11464,1.59062,3.78421,3.18822,3.80284,1.62667,5.1993,3.99185,5.21856,1.81429,0.28461
2016-03-03,3.88992,2.78433,3.35238,1.79168,5.24801,3.63221,4.51524,1.76387,3.75121,2.97278,3.85383,1.48989,3.44482,2.90228,3.46178,1.48078,4.22863,2.88827,4.24388,1.43632,0.26222
2016-03-04,3.88992,2.78433,3.35238,1.79168,5.09172,3.52404,4.38078,1.71134,3.51797,2.7879,3.61422,1.39735,3.23637,2.72666,3.25231,1.39118,3.11904,2.25115,3.31459,1.20773,-0.9199
2016-03-07,3.88992,2.78433,3.35238,1.79168,4.98192,3.44805,4.28631,1.67444,3.39761,2.69249,3.49057,1.34959,3.03837,2.55984,3.05333,1.30607,2.74661,2.12029,2.98627,1.13513,3.00806
2016-03-08,3.88992,2.78433,3.35238,1.79168,5.30437,3.67122,4.56373,1.78281,4.15505,3.29291,4.26871,1.65012,3.75739,3.16563,3.77589,1.61515,5.62759,4.49869,5.65244,2.07774,-1.07136
2016-03-09,3.88992,2.78433,3.35238,1.79168,5.20171,3.60017,4.47541,1.74831,3.99078,3.16524,4.09851,1.58616,3.45419,2.91018,3.4712,1.48481,5.2387,4.03882,5.25853,1.83548,0.74934
2016-03-10,3.88992,2.78433,3.35238,1.79168,5.07273,3.5109,4.36444,1.70496,3.79003,3.00598,3.89234,1.50644,3.46422,2.91863,3.48127,1.48912,4.50968,3.17899,4.52055,1.52162,2.91961
2016-03-11,3.88992,2.78433,3.35238,1.79168,5.35874,3.70885,4.61051,1.80109,4.38108,3.47487,4.49934,1.74115,4.03845,3.40242,4.05834,1.73596,6.09602,5.04292,6.12552,2.46685,0.76552
2016-03-14,3.88992,2.78433,3.35238,1.79168,5.22536,3.61653,4.49576,1.75626,4.14562,3.28807,4.25752,1.64765,3.84706,3.24117,3.866,1.65369,5.77732,4.67377,5.80381,2.18917,-1.70654
2016-03-15,3.88992,2.78433,3.35238,1.79168,5.21661,3.61047,4.48822,1.75331,4.15734,3.29737,4.26955,1.6523,3.64472,3.0707,3.66267,1.56671,5.83926,4.74588,5.86638,2.23863,1.12614
2016-03-16,3.88992,2.78433,3.35238,1.79168,5.12384,3.54627,4.40841,1.72214,4.00936,3.17997,4.11758,1.59354,3.53928,2.98187,3.55671,1.52139,5.55256,4.41055,5.57653,2.02596,1.75876
2016-03-17,3.88992,2.78433,3.35238,1.79168,5.13045,3.55084,4.41409,1.72436,4.05606,3.21702,4.16554,1.61208,3.73174,3.14402,3.75012,1.60412,5.69974,4.58319,5.7254,2.13005,2.6598
2016-03-18,3.88992,2.78433,3.35238,1.79168,5.33852,3.69485,4.59311,1.79429,4.45653,3.53472,4.57681,1.77111,3.82948,3.22636,3.84834,1.64613,6.21469,5.17924,6.24515,2.58625,-0.85221
2016-03-21,3.88992,2.78433,3.35238,1.79168,5.21301,3.60799,4.48513,1.75211,4.22798,3.35341,4.34211,1.68035,3.6794,3.09992,3.69751,1.58162,6.00673,4.93995,6.03545,2.38302,-0.53587
2016-03-22,3.88992,2.78433,3.35238,1.79168,5.06927,3.5085,4.36146,1.70379,3.97878,3.15572,4.08618,1.58139,3.55845,2.99802,3.57597,1.52963,5.54948,4.40692,5.57341,2.02389,1.5347
2016-03-23,3.88992,2.78433,3.35238,1.79168,5.0405,3.48859,4.33671,1.69412,3.95859,3.1397,4.06545,1.57338,3.65708,3.08112,3.67509,1.57203,5.5177,4.36949,5.54124,2.00277,-2.77554
2016-03-24,3.88992,2.78433,3.35238,1.79168,5.28904,3.66061,4.55054,1.77766,4.43946,3.52118,4.55929,1.76433,4.01967,3.3866,4.03946,1.72789,6.21,5.17386,6.24042,2.58135,0.00574
2016-03-25,3.88992,2.78433,3.35238,1.79168,5.12792,3.54909,4.41192,1.72351,4.14453,3.2872,4.2564,1.64721,3.4981,2.94717,3.51532,1.50369,5.89634,4.81216,5.92402,2.28604,0.0
2016-03-28,3.88992,2.78433,3.35238,1.79168,4.9717,3.44097,4.27751,1.671,3.87368,3.07234,3.97825,1.53966,3.41137,2.8741,3.42817,1.4664,5.26917,4.0751,5.28942,1.85226,-0.19664
2016-03-29,3.88992,2.78433,3.35238,1.79168,4.82237,3.33762,4.14903,1.62081,3.62956,2.87867,3.72755,1.44272,3.40071,2.86512,3.41745,1.46182,4.30309,2.96036,4.31609,1.45738,-0.53135
2016-03-30,3.88992,2.78433,3.35238,1.79168,4.69147,3.24702,4.03641,1.57682,3.43417,2.72366,3.52688,1.36513,3.26953,2.7546,3.28562,1.40543,3.27576,2.30827,3.43559,1.23495,1.41243
2016-03-31,3.88992,2.78433,3.35238,1.79168,4.66357,3.22771,4.01241,1.56744,3.45372,2.73917,3.54696,1.37289,3.06479,2.58211,3.07988,1.31743,3.23101,2.29153,3.40134,1.22721,1.51123
2016-04-01,3.88992,2.78433,3.35238,1.79168,4.65371,3.22088,4.00392,1.56412,3.50248,2.77785,3.59703,1.39225,3.16782,2.66891,3.18342,1.36171,3.32933,2.32891,3.47652,1.24425,-3.17674
2016-04-04,3.88992,2.86921,3.41778,1.79168,5.07126,3.50988,4.36317,1.70446,4.31802,3.42484,4.43457,1.71611,3.93694,3.3169,3.95633,1.69233,6.03365,4.97103,6.06261,2.40778,-0.18106
2016-04-05,3.88992,2.86921,3.41778,1.79168,4.91854,3.40418,4.23177,1.65313,4.03625,3.20131,4.1452,1.60422,3.69302,3.11139,3.7112,1.58747,5.53401,4.38871,5.55775,2.01356,0.43859
2016-04-06,3.88992,2.86921,3.41778,1.79168,4.7794,3.30788,4.11206,1.60637,3.79375,3.00893,3.89616,1.50792,3.68515,3.10476,3.70329,1.58409,4.75619,3.46309,4.76899,1.61097,2.70932
2016-04-07,3.88992,2.86921,3.41778,1.79168,5.03695,3.48613,4.33365,1.69293,4.27496,3.39239,4.38923,1.70066,4.04835,3.41076,4.06829,1.74022,6.03003,4.96685,6.05896,2.40442,0.48189
2016-04-08,3.88992,2.86921,3.41778,1.79168,4.89612,3.38866,4.21248,1.6456,4.01917,3.18934,4.12661,1.59902,3.7929,3.19554,3.81158,1.63041,5.57973,4.44249,5.60402,2.04441,1.25774
2016-04-11,3.88992,2.86921,3.41778,1.79168,4.83465,3.34612,4.1596,1.62494,3.91897,3.10981,4.02374,1.5592,3.479,2.93108,3.49613,1.49548,5.32551,4.1421,5.34655,1.88422,-0.75903
2016-04-12,3.88992,2.86921,3.41778,1.79168,4.7199,3.2667,4.06087,1.58637,3.73071,2.96037,3.83045,1.4844,3.37054,2.8397,3.38714,1.44886,4.62481,3.30958,4.63622,1.5615,2.10666
2016-04-13,3.88992,2.86921,3.41778,1.79168,4.8268,3.34068,4.15284,1.6223,3.95216,3.13615,4.05782,1.57239,3.70409,3.12072,3.72233,1.59223,5.40065,4.23122,5.4227,1.92876,0.13107
2016-04-14,3.88992,2.86921,3.41778,1.79168,4.68073,3.23959,4.02717,1.5732,3.70236,2.93787,3.80135,1.47313,3.22479,2.7169,3.24066,1.3862,4.48229,3.14869,4.49318,1.51258,-1.41742
2016-04-15,3.88992,2.86921,3.41778,1.79168,4.65422,3.22124,4.00436,1.5643,3.68813,2.92657,3.78674,1.46748,3.37269,2.84152,3.3893,1.44978,4.33274,2.99016,4.3451,1.46606,-3.12841
2016-04-18,3.88992,3.11674,3.46098,1.79168,5.05572,3.49912,4.3498,1.69924,4.41478,3.50338,4.53279,1.75622,3.99045,3.36198,4.0101,1.71533,6.1614,5.1181,6.19144,2.53147,-0.27945
2016-04-19,3.88992,3.11674,3.46098,1.79168,4.90593,3.39545,4.22093,1.6489,4.13355,3.28014,4.24405,1.64447,3.65663,3.08074,3.67464,1.57183,5.80289,4.70355,5.82964,2.20934,3.16261
2016-04-20,3.88992,3.11674,3.46098,1.79168,5.28551,3.65816,4.5475,1.77647,4.75443,3.77298,4.8815,1.89118,4.21088,3.5477,4.23161,1.81008,6.28985,5.26529,6.32089,2.6669,2.20981
2016-04-21,3.88992,3.11674,3.46098,1.79168,5.3716,3.71775,4.62157,1.80541,4.84063,3.84141,4.97,1.92543,4.32711,3.64562,4.34842,1.86005,6.28472,5.25942,6.31572,2.66127,0.56985
2016-04-22,3.88992,3.11674,3.46098,1.79168,5.22449,3.61593,4.49501,1.75596,4.54518,3.60689,4.66667,1.80803,4.14651,3.49347,4.16693,1.78241,6.10376,5.05182,6.13332,2.47435,-1.27828
2016-04-25,3.88992,3.11674,3.46098,1.79168,5.15029,3.56457,4.43116,1.73102,4.39227,3.48551,4.50968,1.74727,3.78999,3.19309,3.80865,1.62916,5.96039,4.88637,5.98868,2.34144,-0.05494
2016-04-26,3.88992,3.11674,3.46098,1.79168,4.99355,3.45609,4.29631,1.67834,4.10566,3.258,4.21541,1.63338,3.74777,3.15752,3.76622,1.61101,5.38684,4.21486,5.40871,1.9204,0.45557
2016-04-27,3.88992,3.11674,3.46098,1.79168,4.8528,3.35868,4.17521,1.63104,3.86196,3.06456,3.96521,1.53655,3.32951,2.80514,3.34591,1.43122,4.54977,3.22392,4.56073,1.53515,1.9843
2016-04-28,3.88992,3.11674,3.46098,1.79168,4.92219,3.40671,4.23492,1.65436,4.0117,3.18342,4.11895,1.59605,3.43905,2.89742,3.45599,1.4783,5.19106,3.98202,5.2102,1.80993,0.00758
2016-04-29,3.88992,3.11674,3.46098,1.79168,4.77225,3.30293,4.10591,1.60396,3.75541,2.97998,3.85581,1.49421,3.31483,2.79277,3.33115,1.42491,4.1764,2.8402,4.19384,1.42216,0.05674
2016-05-02,3.88992,3.11674,3.46098,1.79168,4.62705,3.20244,3.98099,1.55516,3.52039,2.79342,3.61452,1.40082,3.20999,2.70444,3.2258,1.37984,3.05245,2.22781,3.26161,1.19592,-1.17159
2016-05-03,3.88992,3.11674,3.46098,1.79168,4.56662,3.16061,3.929,1.53485,3.46149,2.74667,3.55405,1.37742,3.30005,2.78032,3.3163,1.41856,2.83755,2.153,3.0759,1.15484,0.65314
2016-05-04,3.88992,3.11674,3.46098,1.79168,4.45302,3.08199,3.83126,1.49667,3.29985,2.61836,3.38809,1.31319,3.1466,2.65103,3.16209,1.35259,2.57918,2.05601,2.79289,1.09269,1.30305
2016-05-05,3.88992,3.11674,3.46098,1.79168,4.42057,3.05953,3.80334,1.48577,3.30438,2.62195,3.39274,1.31499,3.09746,2.60963,3.11271,1.33147,2.60099,2.06477,2.82068,1.09879,0.1258
2016-05-06,3.88992,3.11674,3.46098,1.79168,4.28689,2.967,3.68832,1.44083,3.10379,2.46273,3.18665,1.2361,3.04364,2.56429,3.05863,1.30833,2.47346,2.01157,2.64422,1.05998,-2.15337
2016-05-09,3.88992,3.11674,3.46098,1.79168,4.44271,3.07485,3.82238,1.4932,3.47963,2.76111,3.5725,1.38547,3.35701,2.8283,3.37354,1.44304,3.10859,2.24746,3.30636,1.20589,1.96511
2016-05-10,3.88992,3.11674,3.46098,1.79168,4.53921,3.14164,3.90541,1.52564,3.68834,2.9268,3.78676,1.46841,3.49716,2.94638,3.51438,1.50328,4.02432,2.71263,4.05162,1.38358,0.48447
2016-05-11,3.88992,3.11674,3.46098,1.79168,4.41507,3.05572,3.79861,1.48392,3.48393,2.76452,3.57691,1.38718,3.37636,2.84461,3.39299,1.45136,3.03547,2.22191,3.24785,1.19286,0.53631
2016-05-12,3.88992,3.11674,3.46098,1.79168,4.29838,2.97496,3.69821,1.4447,3.30403,2.6217,3.39222,1.31568,3.30883,2.78771,3.32512,1.42233,2.62382,2.0738,2.84883,1.10497,0.27538
2016-05-13,3.88992,3.11674,3.46098,1.79168,4.17226,2.88767,3.5897,1.40231,3.11565,2.47215,3.19882,1.24082,3.24496,2.7339,3.26093,1.39487,2.4836,2.01599,2.65959,1.06337,-1.40598
2016-05-16,3.88992,3.11674,3.46098,1.79168,4.17292,2.88813,3.59026,1.40253,3.18341,2.52594,3.26838,1.26774,3.19828,2.69457,3.21403,1.37481,2.55103,2.04452,2.75568,1.08452,0.21978
2016-05-17,3.88992,3.11674,3.46098,1.79168,4.04896,2.80234,3.48362,1.36087,3.00229,2.38215,3.08244,1.19576,2.92064,2.46066,2.93502,1.25546,2.45997,2.00564,2.62336,1.05538,1.26915
2016-05-18,3.88992,3.11674,3.46098,1.79168,4.03311,2.79136,3.46998,1.35554,3.03833,2.41076,3.11944,1.21009,2.91287,2.45411,2.92722,1.25212,2.50414,2.02483,2.68996,1.07006,-1.05035
2016-05-19,3.88992,3.11674,3.46098,1.79168,3.98447,2.7577,3.42813,1.33919,3.00912,2.38757,3.08945,1.19848,2.95623,2.49065,2.97079,1.27076,2.49734,2.02192,2.68003,1.06787,-0.02456
2016-05-20,3.88992,3.11674,3.46098,1.79168,3.86313,2.67372,3.32373,1.29841,2.83751,2.25133,2.91327,1.13028,2.75749,2.32321,2.77107,1.18533,2.44116,1.99726,2.59348,1.04878,-1.5956
2016-05-23,3.88992,3.11674,3.46098,1.79168,3.92181,2.71433,3.37422,1.31813,3.02418,2.39953,3.10491,1.20446,2.83194,2.38592,2.84588,1.21733,2.56185,2.04896,2.77018,1.0877,2.9404
2016-05-24,3.88992,3.11674,3.46098,1.79168,4.36462,3.02081,3.7552,1.46696,3.83359,3.04212,3.93588,1.52614,3.53838,2.98111,3.5558,1.521,5.26213,4.06673,5.28229,1.84836,-1.06105
2016-05-25,3.88992,3.11674,3.46098,1.79168,4.30173,2.97728,3.70109,1.44582,3.71121,2.94496,3.81024,1.4775,3.31375,2.79186,3.33007,1.42444,4.77774,3.48858,4.79082,1.61951,-0.96156
2016-05-26,3.88992,3.11674,3.46098,1.79168,4.22915,2.92704,3.63864,1.42143,3.5811,2.84166,3.67667,1.42579,3.31275,2.79101,3.32906,1.42401,4.11619,2.78747,4.13689,1.40643,-0.43435
2016-05-27,3.88992,3.11674,3.46098,1.79168,4.11251,2.84632,3.53829,1.38223,3.3825,2.684,3.47278,1.34687,3.30137,2.78143,3.31763,1.41912,3.07989,2.23739,3.28361,1.20082,0.58443
2016-05-30,3.88992,3.11674,3.46098,1.79168,4.00992,2.77531,3.45002,1.34774,3.21842,2.55373,3.30432,1.28166,3.14929,2.6533,3.1648,1.35375,2.64511,2.0821,2.87428,1.11055,0.0
2016-05-31,3.88992,3.11674,3.46098,1.79168,3.88776,2.69076,3.34492,1.30668,3.02851,2.40297,3.10936,1.20619,2.682,2.2596,2.6952,1.15288,2.48529,2.01672,2.66213,1.06393,4.59356
2016-06-01,3.88992,3.11674,3.46098,1.79168,5.04135,3.48918,4.33744,1.69441,4.92036,3.90489,5.0516,1.95803,4.36436,3.67701,4.38585,1.87606,6.30366,5.28107,6.3348,2.68216,1.73085
2016-06-02,3.88992,3.11674,3.46098,1.79168,5.04792,3.49372,4.34309,1.69662,4.83281,3.83539,4.96172,1.92324,4.07437,3.43269,4.09443,1.7514,6.25967,5.23077,6.29048,2.63403,0.50396
2016-06-03,3.88992,3.11674,3.46098,1.79168,4.9079,3.39682,4.22262,1.64956,4.53219,3.59673,4.65309,1.80377,4.01436,3.38213,4.03413,1.72561,6.04198,4.98064,6.07101,2.41552,-0.06885
2016-06-06,3.88992,3.11674,3.46098,1.79168,4.75865,3.29352,4.09421,1.59939,4.23801,3.35824,4.35387,1.6845,3.97392,3.34806,3.99349,1.70822,5.54316,4.39949,5.56701,2.01966,0.92886
2016-06-07,3.88992,3.11674,3.46098,1.79168,4.66308,3.22737,4.01199,1.56727,4.05094,3.20994,4.1617,1.61027,4.03583,3.40022,4.05571,1.73484,5.03438,3.79473,5.05119,1.73143,0.24497
2016-06-08,3.88992,3.11674,3.46098,1.79168,4.52455,3.13149,3.8928,1.52071,3.80506,3.01502,3.90911,1.51271,3.0496,2.56931,3.06461,1.31089,3.99676,2.6915,4.02646,1.37698,0.79738
2016-06-09,3.88992,3.11674,3.46098,1.79168,4.42504,3.06262,3.80718,1.48727,3.63771,2.88235,3.73719,1.4463,2.89607,2.43995,2.91033,1.2449,3.18098,2.27326,3.36284,1.21854,-0.83583
2016-06-10,3.88992,3.11674,3.46098,1.79168,4.33326,2.9991,3.72822,1.45642,3.49585,2.76989,3.59146,1.39001,2.92863,2.46739,2.94305,1.25889,2.74159,2.11845,2.98106,1.13399,0.30658
2016-06-13,3.88992,3.11674,3.46098,1.79168,4.20719,2.91185,3.61975,1.41405,3.29897,2.61381,3.3892,1.31189,2.91158,2.45302,2.92591,1.25157,2.51907,2.03117,2.71142,1.07478,0.88195
2016-06-14,3.88992,3.11674,3.46098,1.79168,4.12935,2.85797,3.55278,1.38789,3.1986,2.53424,3.2861,1.27206,2.93924,2.47633,2.95371,1.26346,2.48577,2.01693,2.66285,1.06409,0.34051
2016-06-15,3.88992,3.11674,3.46098,1.79168,4.01124,2.77623,3.45116,1.34819,3.02979,2.40041,3.11268,1.20508,2.8924,2.43686,2.90664,1.24332,2.44164,1.99747,2.59425,1.04895,0.3126
2016-06-16,3.88992,3.11674,3.46098,1.79168,3.42679,2.67139,3.05447,1.30936,2.87364,2.27662,2.95226,1.14312,2.86408,2.41301,2.87818,1.23115,2.42596,1.9904,2.56862,1.04328,-0.90403
2016-06-17,3.88992,3.11674,3.46098,1.79168,3.37257,2.62912,3.00614,1.28864,2.83033,2.24229,2.90777,1.12593,2.88029,2.42666,2.89447,1.23812,2.44233,1.99778,2.59536,1.04919,1.2311
2016-06-20,3.88992,3.11674,3.46098,1.79168,3.36372,2.62222,2.99825,1.28526,2.88012,2.28176,2.95892,1.14569,2.98225,2.51256,2.99693,1.28194,2.48532,2.01673,2.66218,1.06394,1.77351
2016-06-21,3.88992,2.78433,3.40558,1.79168,2.85864,2.68023,2.87081,1.31966,3.12256,2.47396,3.20799,1.24189,3.19362,2.69064,3.20934,1.3728,2.71497,2.10861,2.95288,1.1278,0.25752
2016-06-22,3.88992,2.78433,3.40558,1.79168,2.77492,2.60174,2.78673,1.28101,2.95435,2.34061,3.03518,1.17514,3.06612,2.58323,3.08122,1.318,2.50948,2.02711,2.69769,1.07176,0.3536
2016-06-23,3.88992,2.78433,3.40558,1.79168,2.69692,2.5286,2.7084,1.245,2.80849,2.22497,2.88534,1.11726,2.93895,2.47609,2.95342,1.26333,2.44994,2.00118,2.60754,1.05188,-1.07265
2016-06-24,3.88992,2.78433,3.40558,1.79168,2.67599,2.50898,2.68738,1.23534,2.81801,2.23252,2.89512,1.12104,2.98771,2.51716,3.00242,1.28429,2.46947,2.00982,2.6381,1.05863,-1.49211
2016-06-27,3.88992,2.78433,3.40558,1.79168,2.71258,2.54329,2.72413,1.25223,2.96551,2.34945,3.04664,1.17957,3.07521,2.59089,3.09035,1.32191,2.56166,2.04888,2.76992,1.08764,0.64183
2016-06-28,3.88992,2.78433,3.40558,1.79168,2.6519,2.4864,2.66319,1.22422,2.85579,2.26247,2.93393,1.13603,2.88372,2.42956,2.89792,1.23959,2.48222,2.01539,2.65752,1.06291,2.54466
2016-06-29,3.88992,2.78433,3.40558,1.79168,2.90409,2.72284,2.91645,1.34064,3.47928,2.75675,3.57444,1.38344,3.45383,2.90987,3.47083,1.48466,4.09114,2.76638,4.11343,1.40006,1.29589
2016-06-30,3.88992,2.78433,3.40558,1.79168,2.89836,2.71747,2.9107,1.33799,3.45764,2.7396,3.55221,1.37485,3.41947,2.88093,3.43631,1.46989,3.79547,2.5547,3.84902,1.33207,-1.40397
2016-07-01,3.88992,2.78433,3.40558,1.79168,2.90714,2.7257,2.91951,1.34204,3.47451,2.75297,3.56954,1.38154,3.19985,2.69589,3.2156,1.37548,3.66178,2.47903,3.73739,1.305,0.55983
2016-07-04,3.88992,2.78433,3.40558,1.79168,2.83418,2.6573,2.84625,1.30837,3.30388,2.6177,3.39425,1.31384,3.01824,2.54289,3.0331,1.29742,2.85519,2.15922,3.09235,1.15846,-0.19412
2016-07-05,3.88992,2.78433,3.40558,1.79168,2.74977,2.57816,2.76148,1.2694,3.10879,2.46292,3.19368,1.23756,2.98073,2.51129,2.99541,1.28129,2.67714,2.06959,2.87202,1.09958,-1.70225
2016-07-06,3.88992,2.78433,3.40558,1.79168,2.81485,2.63917,2.82684,1.29944,3.2824,2.60057,3.37202,1.30646,2.92958,2.46819,2.944,1.2593,3.07783,2.22707,3.21892,1.17956,0.65192
2016-07-07,3.88992,2.78433,3.40558,1.79168,2.75094,2.57925,2.76265,1.26994,3.14253,2.48967,3.22835,1.25096,2.77668,2.33938,2.79036,1.19358,2.67443,2.06852,2.86933,1.09897,-2.7498
2016-07-08,3.88992,2.78433,3.40558,1.79168,3.04014,2.86335,3.0845,1.40345,3.79659,3.00826,3.90021,1.51053,3.37659,2.8448,3.39322,1.45146,4.88895,3.84191,4.90939,1.78151,1.10774
2016-07-11,3.88992,2.78433,3.40558,1.79168,3.00556,2.83078,3.04941,1.38748,3.6889,2.92288,3.78959,1.46779,3.25274,2.74046,3.26876,1.39822,4.61111,3.51363,4.62806,1.63049,0.28407
2016-07-12,3.88992,2.78433,3.40558,1.79168,2.9179,2.74821,2.96047,1.34701,3.47513,2.75338,3.57,1.38295,3.21369,2.70756,3.22952,1.38143,3.8198,2.66595,3.84567,1.34045,0.8149
2016-07-13,3.88992,2.78433,3.40558,1.79168,2.86186,2.69543,2.90361,1.32114,3.34299,2.64861,3.43426,1.33051,3.13153,2.63834,3.14695,1.34611,3.22602,2.29191,3.33671,1.20765,-1.59312
2016-07-14,3.88992,2.78433,3.40558,1.79168,2.90058,2.7319,2.9429,1.33902,3.43712,2.72325,3.53096,1.36787,3.30952,2.7883,3.32582,1.42263,3.5303,2.45466,3.58675,1.26997,-0.06985
2016-07-15,3.88992,2.78433,3.40558,1.79168,2.81247,2.64891,2.8535,1.29834,3.23643,2.56413,3.3248,1.28822,2.86021,2.40975,2.8743,1.22949,2.78402,2.11111,2.97325,1.12262,-0.61915
2016-07-18,3.88992,2.78433,3.40558,1.79168,2.74651,2.57509,2.78463,1.26789,3.09898,2.45514,3.18361,1.23367,2.83181,2.38582,2.84575,1.21728,2.54837,2.01777,2.73403,1.0684,0.92816
2016-07-19,3.88992,2.78433,3.40558,1.79168,2.708,2.53899,2.74558,1.25011,3.03015,2.40057,3.1129,1.20636,2.88929,2.43425,2.90352,1.24199,2.49961,1.99732,2.67564,1.05525,-0.84517
2016-07-20,3.88992,2.78433,3.40558,1.79168,2.66352,2.49729,2.70049,1.22958,2.95525,2.34118,3.03596,1.17663,2.87451,2.42179,2.88866,1.23563,2.46025,1.9804,2.62549,1.04397,-0.3256
2016-07-21,3.88992,2.78433,3.40558,1.79168,2.58815,2.42662,2.62408,1.19479,2.80888,2.22513,2.88561,1.11854,2.6706,2.25,2.68375,1.14798,2.40591,1.95633,2.55118,1.02726,-0.65924
2016-07-22,3.88992,2.78433,3.40558,1.79168,2.53357,2.37545,2.56874,1.16959,2.72168,2.15599,2.79604,1.08394,2.71231,2.28514,2.72567,1.16591,2.39941,1.95339,2.54188,1.02516,0.15351
2016-07-25,3.88992,2.78433,3.40558,1.79168,2.45774,2.30435,2.49185,1.13459,2.5838,2.04666,2.6544,1.02921,2.67636,2.25485,2.68954,1.15046,2.38044,1.94474,2.51411,1.01892,-0.89208
2016-07-26,3.88992,2.78433,3.40558,1.79168,2.42943,2.2778,2.46315,1.12152,2.57445,2.03925,2.6448,1.0255,2.69276,2.26867,2.70602,1.1575,2.40363,1.9553,2.54793,1.02653,0.18838
2016-07-27,3.88992,2.78433,3.40558,1.79168,2.35754,2.2104,2.39026,1.08833,2.45158,1.94183,2.51858,0.97674,2.58927,2.18148,2.60202,1.11302,2.38242,1.94565,2.51705,1.01958,0.13931
2016-07-28,3.88992,2.78433,3.40558,1.79168,2.28691,2.14418,2.31865,1.05572,2.33777,1.8516,2.40168,0.93158,2.57662,2.17082,2.5893,1.10758,2.37407,1.94181,2.50461,1.01678,-0.8272
2016-07-29,3.88992,2.78433,3.40558,1.79168,2.26027,2.1192,2.29164,1.04343,2.34472,1.8571,2.40882,0.93433,2.51068,2.11527,2.52304,1.07924,2.3952,1.95148,2.53579,1.02379,2.77409
2016-08-01,3.88992,2.78433,3.40558,1.79168,2.63987,2.47512,2.67652,1.21867,3.26297,2.58516,3.35206,1.29875,3.23564,2.72605,3.25157,1.39087,4.41736,3.28621,4.43218,1.5426,-1.43158
2016-08-02,3.88992,2.78433,3.40558,1.79168,2.6698,2.50317,2.70685,1.23248,3.31569,2.62697,3.40622,1.31968,3.13528,2.64149,3.15071,1.34772,4.39857,3.2644,4.41324,1.53475,-2.09599
2016-08-03,3.88992,2.78433,3.40558,1.79168,2.81727,2.64144,2.85638,1.30056,3.61408,2.86332,3.7131,1.43665,3.45846,2.91378,3.47549,1.48665,5.06937,4.05393,5.09194,1.89811,2.26038
2016-08-04,3.88992,2.78433,3.40558,1.79168,2.98317,2.79699,3.02458,1.37714,3.91202,3.09949,4.01919,1.55486,3.756,3.16445,3.77449,1.61455,5.48981,4.54198,5.51649,2.24016,0.82867
2016-08-05,3.88992,2.78433,3.40558,1.79168,2.92552,2.74294,2.96613,1.35053,3.74042,2.96347,3.8429,1.48678,3.6196,3.04954,3.63742,1.55592,5.26759,4.2851,5.29225,2.04595,-0.88342
2016-08-08,3.88992,2.78433,3.40558,1.79168,2.87487,2.69545,2.91477,1.32715,3.59753,2.85021,3.6961,1.43009,3.32332,2.79992,3.33968,1.42856,4.95337,3.91777,4.97459,1.82132,0.75656
2016-08-09,3.88992,2.78433,3.40558,1.79168,2.81605,2.59985,2.84228,1.3,3.44456,2.72896,3.53895,1.3694,3.14878,2.65287,3.16428,1.35353,4.46658,3.34361,4.48188,1.56371,-0.40029
2016-08-10,3.88992,2.78433,3.40558,1.79168,2.73851,2.52826,2.76402,1.2642,3.26208,2.58431,3.35148,1.297,2.90729,2.44941,2.9216,1.24972,3.67295,2.55071,3.71152,1.30299,-1.31311
2016-08-11,3.88992,2.78433,3.40558,1.79168,2.74498,2.53424,2.77055,1.26719,3.27831,2.59718,3.36816,1.30344,2.8029,2.36146,2.8167,1.20485,3.56077,2.47395,3.61294,1.27678,0.35549
2016-08-12,3.88992,2.78433,3.40558,1.79168,2.66804,2.4632,2.69289,1.23167,3.10516,2.45992,3.19027,1.23474,2.71031,2.28345,2.72365,1.16505,2.8352,2.13084,3.01868,1.13302,0.60014
2016-08-15,3.88992,2.78433,3.40558,1.79168,2.60628,2.40618,2.63056,1.20316,2.97598,2.35752,3.05755,1.18349,2.6571,2.23863,2.67019,1.14218,2.56626,2.02515,2.75452,1.07302,0.65497
2016-08-16,3.88992,2.78433,3.40558,1.79168,2.55067,2.35484,2.57443,1.17749,2.86835,2.27221,2.94698,1.14079,2.65857,2.23986,2.67166,1.14281,2.46851,1.98399,2.63626,1.0464,0.42228
2016-08-17,3.17674,2.77554,3.14906,1.79168,2.48207,2.20658,2.37399,1.14629,2.73878,2.1695,2.81386,1.08938,2.64747,2.23051,2.66051,1.13804,2.413,1.95952,2.56124,1.02952,0.18803
2016-08-18,3.17674,2.77554,3.14906,1.79168,2.40853,2.1412,2.30364,1.11233,2.60185,2.06096,2.67319,1.03505,2.52838,2.13018,2.54083,1.08685,2.38583,1.94721,2.52208,1.02071,0.94128
2016-08-19,3.17674,2.77554,3.14906,1.79168,2.38792,2.12289,2.28394,1.10281,2.5995,2.0591,2.67078,1.03412,2.60663,2.1961,2.61946,1.12048,2.41199,1.95907,2.55982,1.0292,-0.40143
2016-08-22,3.17674,2.77554,3.14906,1.79168,2.32495,2.0669,2.22371,1.07373,2.49513,1.97637,2.56355,0.99271,2.57045,2.16562,2.5831,1.10493,2.39023,1.94922,2.52855,1.02217,-0.33064
2016-08-23,3.17674,2.77554,3.14906,1.79168,2.26093,2.00999,2.16248,1.04416,2.39311,1.8955,2.45874,0.95223,2.54372,2.1431,2.55625,1.09344,2.37992,1.9445,2.51334,1.01874,0.47875
2016-08-24,3.17674,2.77554,3.14906,1.79168,2.20671,1.96179,2.11062,1.01912,2.31859,1.83643,2.38219,0.92267,2.55474,2.15239,2.56732,1.09818,2.38039,1.94472,2.51404,1.0189,-0.0931
2016-08-25,3.17674,2.77554,3.14906,1.79168,2.14006,1.90253,2.04687,0.98834,2.21709,1.75598,2.27792,0.8824,2.53105,2.13242,2.54351,1.08799,2.37291,1.94128,2.50286,1.01638,0.46672
2016-08-26,3.17674,2.77554,3.14906,1.79168,2.08958,1.85765,1.99858,0.96503,2.16009,1.71079,2.21935,0.85978,2.50148,2.10751,2.51379,1.07528,2.37712,1.94321,2.50916,1.0178,0.67811
2016-08-29,3.17674,2.77554,3.14906,1.79168,2.0576,1.82922,1.968,0.95026,2.15095,1.70355,2.20996,0.85616,2.5363,2.13685,2.54879,1.09025,2.38794,1.94817,2.52519,1.02141,-0.18773
2016-08-30,3.17674,2.77554,3.14906,1.79168,1.9974,1.7757,1.91042,0.92246,2.0708,1.64002,2.12762,0.82436,2.50469,2.11022,2.51702,1.07666,2.37653,1.94294,2.50829,1.01761,0.00561
2016-08-31,3.17674,2.77554,3.14906,1.79168,1.93655,1.72161,1.85222,0.89436,1.99192,1.57749,2.04658,0.79306,2.34318,1.97415,2.35472,1.00724,2.37126,1.94051,2.50037,1.01582,-1.77029
2016-09-01,3.17674,2.77554,3.14906,1.79168,2.09925,1.91902,2.01663,0.96949,2.452,1.94108,2.51975,0.97571,2.65971,2.24083,2.67281,1.1433,2.60945,2.04269,2.8021,1.08376,-0.1827
2016-09-02,3.17674,2.77554,3.14906,1.79168,2.0376,1.86267,1.95741,0.94102,2.34099,1.85312,2.40569,0.93169,2.45972,2.07233,2.47183,1.05733,2.45287,1.97718,2.61576,1.04178,0.3148
2016-09-05,3.17674,2.77554,3.14906,1.79168,1.98257,1.81236,1.90454,0.91561,2.25029,1.78126,2.31249,0.89572,2.34343,1.97435,2.35497,1.00734,2.40316,1.95509,2.54726,1.02637,-0.4134
2016-09-06,3.17674,2.77554,3.14906,1.79168,1.93464,1.76854,1.8585,0.89347,2.18331,1.72819,2.24367,0.86916,2.34493,1.97562,2.35647,1.00799,2.38719,1.94783,2.52409,1.02116,0.79104
2016-09-07,3.17674,2.77554,3.14906,1.79168,1.92205,1.75704,1.84641,0.88766,2.19852,1.74024,2.25929,0.87519,2.39962,2.0217,2.41144,1.0315,2.39992,1.95362,2.54261,1.02533,-0.69106
2016-09-08,3.17674,2.77554,3.14906,1.79168,1.8992,1.73615,1.82446,0.87711,2.19074,1.73407,2.2513,0.87211,2.21657,1.86748,2.22748,0.95281,2.39865,1.95304,2.54077,1.02492,2.1818
2016-09-09,3.17674,2.77554,3.14906,1.79168,2.17478,1.98807,2.08919,1.00438,2.81374,2.2277,2.89146,1.11917,2.74936,2.31635,2.7629,1.18183,3.17674,2.26957,3.29751,1.19823,-0.96632
2016-09-12,3.17674,2.77554,3.14906,1.79168,2.16993,1.98363,2.08453,1.00213,2.7934,2.21159,2.87056,1.11111,2.65351,2.2356,2.66657,1.14063,2.84694,2.13537,3.02888,1.13536,1.65875
2016-09-13,3.17674,2.77554,3.14906,1.79168,2.28037,2.08459,2.19062,1.05314,3.00392,2.37839,3.08688,1.19459,2.89843,2.44194,2.9127,1.24591,3.25334,2.30467,3.35851,1.21292,-0.77958
2016-09-14,3.17674,2.77554,3.14906,1.79168,2.24923,2.05613,2.16071,1.03876,2.91773,2.3101,2.99831,1.16041,2.83307,2.38688,2.84702,1.21782,2.79864,2.11675,2.9864,1.12562,-0.74307
2016-09-15,3.17674,2.77554,3.14906,1.79168,2.21604,2.02579,2.12882,1.02343,2.83389,2.24366,2.91216,1.12716,2.83728,2.39043,2.85125,1.21963,2.57691,2.0295,2.76649,1.07572,-0.56783
2016-09-16,3.17674,2.77554,3.14906,1.79168,2.16954,1.98328,2.08415,1.00195,2.72796,2.15974,2.80332,1.08515,2.58254,2.17581,2.59526,1.11013,2.46323,1.98169,2.62939,1.04485,-0.69656
2016-09-19,3.17674,2.77554,3.14906,1.79168,2.13564,1.95229,2.05159,0.9863,2.65632,2.10297,2.7297,1.05674,2.56983,2.1651,2.58248,1.10466,2.42756,1.96602,2.58155,1.03409,0.17019
2016-09-20,3.17674,2.77554,3.14906,1.79168,2.07255,1.89461,1.99098,0.95716,2.52452,1.99854,2.59428,1.00447,2.36906,1.99595,2.38072,1.01836,2.39082,1.94949,2.52941,1.02236,2.02278
2016-09-21,3.17674,2.77554,3.14906,1.79168,2.27788,2.08232,2.18823,1.05199,2.9633,2.3462,3.04514,1.17848,2.78887,2.34964,2.8026,1.19882,2.89483,2.1539,3.06977,1.14478,1.83401
2016-09-22,3.17674,2.77554,3.14906,1.79168,2.41322,2.20604,2.31825,1.1145,3.21262,2.54375,3.30132,1.27735,2.96655,2.49934,2.98115,1.2752,3.58825,2.4919,3.63677,1.28302,0.10777
2016-09-23,3.17674,2.77554,3.14906,1.79168,2.34041,2.13948,2.2483,1.08087,3.02958,2.39872,3.11324,1.20477,2.8413,2.39382,2.85529,1.22136,2.8172,2.1239,3.00289,1.1294,-2.56582
2016-09-26,3.17674,2.77554,3.14906,1.79168,2.64701,2.44378,2.62211,1.22196,3.6213,2.86756,3.72126,1.43943,3.42587,2.88632,3.44274,1.47264,4.74332,3.66993,4.76194,1.69838,1.45118
2016-09-27,3.17674,2.77554,3.14906,1.79168,2.6794,2.47368,2.6542,1.23691,3.62349,2.8693,3.72351,1.44029,3.4241,2.88482,3.44096,1.47188,4.73613,3.66143,4.75466,1.69451,0.0938
2016-09-28,3.17674,2.77554,3.14906,1.79168,2.59825,2.39876,2.57381,1.19945,3.40589,2.69689,3.49992,1.354,3.1711,2.67167,3.18671,1.36312,3.95157,2.78404,3.97048,1.37758,2.24782
2016-09-29,3.17674,2.77554,3.14906,1.79168,2.78719,2.5732,2.76097,1.28667,3.74242,2.96353,3.84571,1.48746,3.45742,2.9129,3.47445,1.4862,4.98889,3.95953,5.01054,1.84413,-1.65818
2016-09-30,3.17674,2.77554,3.14906,1.79168,2.8419,2.62371,2.81518,1.31193,3.80503,3.01454,3.90915,1.51346,3.55422,2.99445,3.57172,1.52781,5.1102,4.1017,5.13322,1.92677,-1.07642
2016-10-03,3.17674,2.77554,3.14906,1.79168,2.8139,2.59786,2.78744,1.299,3.69194,2.92489,3.79298,1.46859,3.24174,2.73119,3.25771,1.39349,4.84698,3.7924,4.8669,1.7566,0.93985
2016-10-04,3.17674,2.77554,3.14906,1.79168,2.77339,2.56046,2.7473,1.2803,3.55881,2.81935,3.65621,1.41576,3.18818,2.68606,3.20388,1.37046,4.44299,3.31605,4.45805,1.5535,-0.32408
2016-10-05,3.17674,2.77554,3.14906,1.79168,2.69439,2.48753,2.66905,1.24383,3.3565,2.65897,3.44838,1.33549,3.17061,2.67126,3.18622,1.36291,3.61972,2.51313,3.66432,1.29031,0.72025
2016-10-06,3.17674,2.77554,3.14906,1.79168,2.64012,2.43742,2.61529,1.21878,3.21821,2.54934,3.30632,1.28062,2.9629,2.49626,2.97749,1.27363,3.00396,2.19689,3.15966,1.16565,2.26112
2016-10-07,3.17674,2.77554,3.14906,1.79168,2.82691,2.60987,2.80033,1.30501,3.60591,2.85669,3.7046,1.43445,3.27822,2.76192,3.29436,1.40917,4.42707,3.29751,4.44198,1.54671,-1.01305
2016-10-10,3.17674,2.77554,3.14906,1.79168,2.79301,2.57857,2.76674,1.28936,3.50121,2.77368,3.59704,1.39291,3.1644,2.66603,3.17998,1.36024,4.00573,2.83641,4.0228,1.39392,0.8046
2016-10-11,3.17674,2.77554,3.14906,1.79168,2.74137,2.5309,2.71559,1.26552,3.36266,2.66385,3.45471,1.33793,3.08134,2.59605,3.09651,1.32454,3.39461,2.37597,3.47295,1.24107,1.40018
2016-10-12,3.17674,2.77554,3.14906,1.79168,2.75974,2.54786,2.73379,1.274,3.38615,2.68247,3.47884,1.34725,3.22384,2.71611,3.23971,1.38579,3.43038,2.39564,3.50253,1.24848,-0.10128
2016-10-13,3.17674,2.77554,3.14906,1.79168,2.67621,2.47074,2.65104,1.23544,3.18725,2.52479,3.27451,1.26833,3.10347,2.61469,3.11875,1.33405,2.7367,2.09283,2.92963,1.11267,0.37135
2016-10-14,3.17674,2.77554,3.14906,1.79168,2.60215,2.40237,2.57768,1.20125,3.02015,2.39232,3.10285,1.20203,2.84536,2.39723,2.85937,1.2231,2.50443,1.99937,2.68159,1.05659,0.25237
2016-10-17,3.17674,2.77554,3.14906,1.79168,2.52643,2.33246,2.50267,1.1663,2.85892,2.26451,2.93722,1.13805,2.78288,2.34459,2.79658,1.19624,2.41972,1.96253,2.57067,1.03164,-0.3666
2016-10-18,3.17674,2.77554,3.14906,1.79168,2.45718,2.26852,2.43407,1.13433,2.72365,2.15727,2.79826,1.08438,2.75386,2.32014,2.76742,1.18377,2.3921,1.95007,2.53128,1.02278,0.38823
2016-10-19,3.17674,2.77554,3.14906,1.79168,2.39121,2.20762,2.36872,1.10387,2.60181,2.06068,2.67309,1.03603,2.64662,2.2298,2.65966,1.13767,2.38238,1.94563,2.51699,1.01956,-0.28005
2016-10-20,3.17674,2.77554,3.14906,1.79168,2.32312,2.14476,2.30127,1.07244,2.48299,1.96649,2.55103,0.98888,2.64892,2.23173,2.66196,1.13866,2.37588,1.94265,2.50732,1.01739,-1.02276
2016-10-21,3.17674,2.77554,3.14906,1.79168,2.31681,2.13893,2.29502,1.06953,2.52605,2.00063,2.59526,1.00597,2.68134,2.25905,2.69454,1.1526,2.41351,1.95975,2.56197,1.02968,-1.235
2016-10-24,3.17674,2.77554,3.14906,1.79168,2.33986,2.16022,2.31786,1.08017,2.63238,2.08492,2.70449,1.04816,2.74828,2.31544,2.76181,1.18137,2.4722,1.98558,2.64103,1.04747,-1.38478
2016-10-25,3.17674,2.77554,3.14906,1.79168,2.38461,2.20153,2.36218,1.10083,2.77467,2.19772,2.85067,1.10462,2.8884,2.43349,2.90262,1.2416,2.56653,2.02525,2.75482,1.07309,-1.17529
2016-10-26,3.17674,2.77554,3.14906,1.79168,2.39459,2.21074,2.37207,1.10543,2.82071,2.23422,2.89797,1.12289,2.85343,2.40404,2.86748,1.22657,2.56996,2.02666,2.75869,1.07396,-0.65685
2016-10-27,3.17674,2.77554,3.14906,1.79168,2.34766,2.16741,2.32558,1.08377,2.73098,2.16309,2.80579,1.08729,2.81477,2.37146,2.82863,1.20995,2.46924,1.9843,2.63721,1.04661,1.18686
2016-10-28,3.17674,2.77554,3.14906,1.79168,2.36165,2.18033,2.33944,1.09023,2.78156,2.20318,2.85774,1.10735,2.88788,2.43306,2.9021,1.24138,2.50599,2.00003,2.68351,1.05702,-0.30882
2016-10-31,3.17674,2.77554,3.14906,1.79168,2.29556,2.11932,2.27397,1.05972,2.64352,2.09482,2.71539,1.05275,2.67842,2.25659,2.69161,1.15134,2.42177,1.96344,2.57353,1.03229,0.0819
2016-11-01,3.17674,2.77554,3.14906,1.79168,2.22606,2.05515,2.20512,1.02763,2.50948,1.98852,2.57772,0.99955,2.51464,2.11861,2.52703,1.08094,2.38782,1.94812,2.52502,1.02137,-2.75584
2016-11-02,3.17674,2.77554,3.14906,1.79168,2.85687,2.44426,2.71921,1.20347,3.37446,2.67452,3.46614,1.34292,3.19253,2.68973,3.20825,1.37234,4.33226,3.18805,4.34648,1.50793,-0.61114
2016-11-03,3.17674,2.77554,3.14906,1.79168,2.79254,2.38922,2.65798,1.17637,3.22039,2.55233,3.30789,1.28176,2.96821,2.50074,2.98283,1.27591,3.61162,2.50759,3.65719,1.28842,-1.67669
2016-11-04,3.17674,2.77554,3.14906,1.79168,2.87766,2.46204,2.739,1.21223,3.3651,2.6671,3.45653,1.33921,3.15138,2.65506,3.16689,1.35465,3.98863,2.81965,4.00623,1.38869,-2.39417
2016-11-07,3.17674,2.77554,3.14906,1.79168,3.11803,2.6677,2.96779,1.31349,3.78555,3.00055,3.88837,1.50612,3.55815,2.99776,3.57567,1.5295,5.1468,4.14445,5.17021,1.95324,2.98435
2016-11-08,3.17674,2.77554,3.14906,1.79168,3.48571,2.98227,3.31774,1.46837,4.38418,3.47533,4.50323,1.74376,4.03722,3.40139,4.0571,1.73543,5.65177,4.72775,5.67974,2.40355,-0.6009
2016-11-09,3.17674,2.77554,3.14906,1.79168,3.39753,2.90683,3.23382,1.43123,4.13697,3.27926,4.24931,1.64562,3.5321,2.97582,3.54949,1.5183,5.51432,4.57017,5.54121,2.26363,-1.25094
2016-11-10,3.17674,2.77554,3.14906,1.79168,3.37338,2.88617,3.21083,1.42106,4.02538,3.19076,4.1347,1.60133,3.62527,3.05432,3.64312,1.55835,5.41729,4.4584,5.44334,2.17317,-2.09853
2016-11-11,3.17674,2.77554,3.14906,1.79168,3.49083,2.98666,3.32262,1.47053,4.18862,3.32023,4.30237,1.66613,3.79082,3.19379,3.80949,1.62952,5.56762,4.63137,5.59493,2.31618,-0.19901
2016-11-14,3.17674,2.77554,3.14906,1.79168,3.38647,2.89736,3.22329,1.42657,3.92744,3.11309,4.03411,1.56245,3.44136,2.89937,3.45831,1.4793,5.30618,4.32987,5.3312,2.07738,1.91605
2016-11-15,3.17674,2.77554,3.14906,1.79168,3.46718,2.96642,3.30011,1.46057,4.03447,3.19797,4.14404,1.60493,3.35201,2.82409,3.36852,1.44089,5.46709,4.51582,5.49358,2.21878,4.12604
2016-11-16,3.17674,2.77554,3.14906,1.79168,4.12991,3.53343,3.9309,1.73975,5.19003,4.11444,5.33091,2.06367,4.50638,3.79665,4.52857,1.9371,5.68099,4.76114,5.70917,2.43519,-0.84803
2016-11-17,3.17674,2.77554,3.14906,1.79168,4.03434,3.45167,3.83994,1.69949,4.90257,3.88645,5.03566,1.94955,4.13871,3.48689,4.15909,1.77906,5.58988,4.6569,5.61737,2.33876,-1.13599
2016-11-18,3.17674,2.77554,3.14906,1.79168,3.96683,3.3939,3.77568,1.67105,4.68654,3.71513,4.81378,1.86379,4.04842,3.41082,4.06836,1.74025,5.48604,4.53763,5.51268,2.23658,2.86856
2016-11-21,3.17674,2.77554,3.14906,1.79168,4.19211,3.58665,3.99011,1.76595,5.02985,3.9874,5.16639,2.00008,4.57159,3.8516,4.5941,1.96514,5.66664,4.74474,5.69471,2.41957,3.10553
2016-11-22,3.17674,2.77554,3.14906,1.79168,4.44749,3.74685,4.18984,1.87353,5.40627,4.28594,5.55302,2.14951,4.87523,4.10742,4.89924,2.09566,5.67942,4.75934,5.70758,2.43347,-0.16658
2016-11-23,3.17674,2.77554,3.14906,1.79168,4.31309,3.63362,4.06322,1.81691,5.04841,4.00212,5.18546,2.00745,4.08642,3.44284,4.10654,1.75658,5.55339,4.61504,5.58059,2.30194,-1.36809
2016-11-24,3.17674,2.77554,3.14906,1.79168,4.25669,3.58611,4.01009,1.79316,4.86322,3.85524,4.99524,1.93393,4.16918,3.51256,4.18971,1.79216,5.49054,4.54281,5.51722,2.24084,-0.53717
2016-11-25,3.17674,2.77554,3.14906,1.79168,4.13882,3.48681,3.89905,1.7435,4.56926,3.62211,4.69332,1.81723,4.08504,3.44167,4.10515,1.75599,5.19799,4.20415,5.22195,1.9915,0.64156
2016-11-28,3.17674,2.77554,3.14906,1.79168,4.03004,3.36039,3.74371,1.69768,4.30872,3.41547,4.42571,1.7138,3.78513,3.189,3.80377,1.62707,4.75535,3.68416,4.77412,1.7049,0.50446
2016-11-29,3.17674,2.77554,3.14906,1.79168,3.91826,3.26719,3.63988,1.65059,4.06413,3.22143,4.1745,1.61682,3.37148,2.84049,3.38808,1.44926,4.08225,2.91382,4.09755,1.41817,1.15219
2016-11-30,3.17674,2.77554,3.14906,1.79168,3.85752,3.21654,3.58345,1.625,3.93407,3.11828,4.04092,1.56519,3.47434,2.92716,3.49145,1.49348,3.78275,2.63525,3.81131,1.33063,5.20223
2016-12-01,3.17674,2.77554,3.14906,1.79168,4.8102,4.01092,4.46845,2.02632,5.83907,4.62913,5.99755,2.32144,5.18742,4.37044,5.21296,2.22985,5.68121,4.76138,5.70938,2.43543,-0.56762
2016-12-02,3.17674,2.77554,3.14906,1.79168,4.67533,3.89846,4.34316,1.96951,5.46427,4.33187,5.61259,2.17265,4.62434,3.89604,4.64711,1.98781,5.57266,4.63715,5.60002,2.32126,1.47703
2016-12-05,3.17674,2.77554,3.14906,1.79168,4.61355,3.84694,4.28576,1.94348,5.25359,4.16479,5.39621,2.08902,4.73581,3.98995,4.75913,2.03573,5.53428,4.5931,5.56133,2.28306,-0.43433
2016-12-06,3.17674,2.77554,3.14906,1.79168,4.48012,3.73569,4.16182,1.88728,4.91604,3.89708,5.04951,1.95502,4.66955,3.93413,4.69254,2.00724,5.26235,4.27901,5.28695,2.04175,1.97287
2016-12-07,3.17674,2.77554,3.14906,1.79168,4.49257,3.74607,4.17339,1.89252,4.89877,3.88338,5.03177,1.94816,4.80538,4.04856,4.82904,2.06563,5.46424,4.51253,5.4907,2.21612,-0.55021
2016-12-08,3.17674,2.77554,3.14906,1.79168,4.36744,3.64173,4.05715,1.83981,4.59963,3.64613,4.72452,1.82941,3.674,3.09537,3.69209,1.5793,5.15374,4.15255,5.17723,1.95834,0.34801
2016-12-09,3.17674,2.77554,3.14906,1.79168,4.23923,3.53482,3.93804,1.7858,4.30837,3.41514,4.42537,1.71378,3.65814,3.082,3.67615,1.57248,4.59625,3.49609,4.61302,1.62328,0.84862
2016-12-12,3.17674,2.77554,3.14906,1.79168,4.1396,3.45175,3.84549,1.74383,4.09618,3.24685,4.20743,1.62955,3.60117,3.03401,3.61891,1.54799,4.07809,2.90951,4.09347,1.41681,-0.66829
2016-12-13,3.17674,2.77554,3.14906,1.79168,4.03226,3.36224,3.74578,1.69861,3.88027,3.07562,3.98567,1.54384,3.55453,2.99472,3.57203,1.52795,3.37027,2.36299,3.45298,1.2361,0.913
2016-12-14,3.17674,2.77554,3.14906,1.79168,3.9453,3.28973,3.665,1.66198,3.72129,2.94953,3.82238,1.48073,3.44183,2.89976,3.45878,1.4795,2.9431,2.17274,3.11,1.15409,-2.49221
2016-12-15,3.17674,2.77554,3.14906,1.79168,4.09042,3.41074,3.7998,1.72311,4.1158,3.26242,4.22758,1.63734,3.85458,3.24751,3.87356,1.65692,4.73011,3.6543,4.74856,1.69128,0.63523
2016-12-16,3.17674,2.77554,3.14906,1.79168,3.98297,3.32115,3.69999,1.67785,3.89168,3.08467,3.99739,1.54837,3.5162,2.96243,3.53352,1.51147,4.11139,2.94424,4.12624,1.42777,-0.51393
2016-12-19,3.17674,2.77554,3.14906,1.79168,3.87318,3.2296,3.598,1.6316,3.67566,2.91334,3.77551,1.46261,3.48679,2.93765,3.50396,1.49883,3.32267,2.33848,3.41426,1.22653,0.76371
2016-12-20,3.17674,2.77554,3.14906,1.79168,3.78135,3.15303,3.5127,1.59292,3.51136,2.78304,3.60676,1.39739,3.4918,2.94186,3.50899,1.50098,2.83407,2.13041,3.0177,1.1328,-1.52148
2016-12-21,3.17674,2.77554,3.14906,1.79168,3.77139,3.14472,3.50345,1.58872,3.55802,2.82005,3.65469,1.41591,3.52383,2.96885,3.54118,1.51475,3.04614,2.21399,3.1936,1.1736,0.7746
2016-12-22,3.17674,2.77554,3.14906,1.79168,3.68414,3.07197,3.42239,1.55196,3.40737,2.70056,3.49995,1.3561,3.09311,2.60597,3.10834,1.3296,2.69664,2.07723,2.89125,1.10394,0.03913
2016-12-23,3.17674,2.77554,3.14906,1.79168,3.57198,2.97844,3.3182,1.50471,3.2035,2.53888,3.29056,1.27517,3.05508,2.57393,3.07012,1.31325,2.47825,1.98819,2.64878,1.04921,0.79403
2016-12-26,3.17674,2.77554,3.14906,1.79168,3.4938,2.91326,3.24558,1.47178,3.09366,2.45176,3.17774,1.23157,3.07342,2.58938,3.08856,1.32114,2.4448,1.97364,2.605,1.03936,0.0
2016-12-27,3.17674,2.77554,3.14906,1.79168,3.38737,2.82451,3.1467,1.42695,2.91673,2.31144,2.99601,1.16133,3.0211,2.54529,3.03597,1.29864,2.39563,1.95167,2.5364,1.02393,1.47314
2016-12-28,3.17674,2.77554,3.14906,1.79168,3.39405,2.83008,3.15291,1.42976,3.04181,2.4078,3.12598,1.21028,3.10643,2.61719,3.12173,1.33533,2.53665,2.02614,2.70988,1.07021,0.65363
2016-12-29,3.17674,2.77554,3.14906,1.79168,3.31253,2.7621,3.07718,1.39542,2.92499,2.31525,3.00594,1.16396,3.05,2.56965,3.06502,1.31107,2.47123,1.99758,2.62635,1.05118,-0.13594
2016-12-30,3.17674,2.77554,3.14906,1.79168,3.21259,2.67877,2.98434,1.35332,2.76773,2.19066,2.84435,1.1016,3.01893,2.54347,3.03379,1.29771,2.42294,1.97577,2.5593,1.0359,-0.04192
2017-01-02,3.17674,2.75584,3.08513,1.79168,3.11481,2.59724,2.89351,1.31213,2.62205,2.07524,2.69465,1.04383,2.53497,2.13573,2.54745,1.08968,2.4049,1.96744,2.53294,1.02989,0.0
2017-01-03,3.17674,2.75584,3.08513,1.79168,3.01992,2.51812,2.80536,1.27216,2.48934,1.97009,2.55828,0.99121,2.52904,2.13074,2.5415,1.08713,2.39824,1.96434,2.52301,1.02763,-3.35553
2017-01-04,3.35553,2.77554,3.18508,1.79168,3.90949,2.96419,3.43111,1.48218,3.75812,2.97531,3.86205,1.49432,3.46204,2.91679,3.47909,1.48819,5.18453,4.19358,5.20854,1.9977,1.15073
2017-01-05,3.35553,2.77554,3.18508,1.79168,3.86262,2.92866,3.38998,1.46441,3.66309,2.90002,3.76439,1.45664,3.25372,2.74128,3.26974,1.39864,4.98691,3.96261,5.00877,1.85792,0.28637
2017-01-06,3.35553,2.77554,3.18508,1.79168,3.74952,2.8429,3.29071,1.42153,3.44824,2.7298,3.54362,1.37144,3.16744,2.66859,3.18304,1.36155,4.3523,3.21908,4.36737,1.52836,-0.51083
2017-01-09,3.35553,2.77554,3.18508,1.79168,3.65024,2.76763,3.20359,1.38389,3.2743,2.592,3.36489,1.30247,3.18418,2.68269,3.19986,1.36875,3.59744,2.51489,3.64826,1.29607,-2.98016
2017-01-10,3.35553,2.77554,3.21772,1.79168,4.02892,3.10228,3.57503,1.52746,4.02882,3.18978,4.14021,1.60166,3.89426,3.28094,3.91344,1.67398,5.4282,4.47582,5.45451,2.20149,0.01672
2017-01-11,3.35553,2.77554,3.21772,1.79168,3.9062,3.00778,3.46613,1.48093,3.77578,2.98931,3.8802,1.50133,3.18064,2.67971,3.1963,1.36723,5.04972,4.03621,5.07229,1.9001,1.62252
2017-01-12,3.35553,2.77554,3.21772,1.79168,3.92961,3.0258,3.4869,1.48981,3.80907,3.01568,3.91441,1.51453,3.34407,2.8174,3.36054,1.43748,5.12824,4.12798,5.15167,1.95573,1.05397
2017-01-13,3.35553,2.77554,3.21772,1.79168,3.87027,2.98012,3.43425,1.46731,3.68667,2.9187,3.78862,1.46599,3.35365,2.82547,3.37016,1.44159,4.86578,3.82024,4.88622,1.78208,-0.54888
2017-01-16,3.35553,2.77554,3.21772,1.79168,3.76909,2.90221,3.34447,1.42895,3.49534,2.76712,3.59202,1.39012,3.2511,2.73907,3.26711,1.39751,4.2581,3.113,4.27302,1.49172,0.03219
2017-01-17,3.35553,2.77554,3.21772,1.79168,3.65433,2.81384,3.24263,1.38544,3.28619,2.60142,3.3771,1.30719,2.79287,2.35301,2.80662,1.20054,3.38162,2.38699,3.46615,1.24884,-0.01461
2017-01-18,3.17674,2.75584,3.0287,1.79168,3.54301,2.72813,3.14386,1.34324,3.09473,2.44972,3.18036,1.23126,2.78848,2.34931,2.80221,1.19865,2.73628,2.10808,2.92565,1.11964,-1.66784
2017-01-19,3.17674,2.75584,3.0287,1.79168,3.60013,2.77211,3.19454,1.36489,3.26194,2.5822,3.35218,1.29757,2.91891,2.4592,2.93329,1.25472,3.06754,2.24053,3.21314,1.18691,0.46171
2017-01-20,3.17674,2.75584,3.0287,1.79168,3.50318,2.69746,3.10852,1.32814,3.09728,2.45175,3.18298,1.23228,2.75623,2.32214,2.7698,1.18479,2.65118,2.07389,2.83966,1.09988,-0.11366
2017-01-23,3.17674,2.75584,3.0287,1.79168,3.39725,2.61589,3.01452,1.28798,2.92397,2.31444,3.0049,1.16355,2.72395,2.29495,2.73736,1.17091,2.48399,2.00324,2.64326,1.05503,-0.01238
2017-01-24,3.17674,2.75584,3.0287,1.79168,3.29377,2.53621,2.9227,1.24875,2.76397,2.18768,2.84048,1.10011,2.72346,2.29453,2.73687,1.1707,2.42674,1.97751,2.56476,1.03715,-0.32391
2017-01-25,3.17674,2.75584,3.0287,1.79168,3.20028,2.46422,2.83974,1.2133,2.63421,2.08487,2.70714,1.04865,2.7238,2.29482,2.73721,1.17085,2.40978,1.9697,2.54015,1.03154,0.72658
2017-01-26,3.17674,2.75584,3.0287,1.79168,3.1381,2.41634,2.78456,1.18973,2.59088,2.04698,2.66481,1.02903,2.61715,2.20497,2.63004,1.125,2.4193,1.97409,2.55404,1.0347,1.72212
2017-01-27,3.17674,2.75584,3.0287,1.79168,3.23956,2.49447,2.8746,1.22819,2.87205,2.26933,2.95398,1.14031,2.86077,2.41022,2.87485,1.22972,2.63696,2.06809,2.82451,1.0964,-0.51355
2017-01-30,3.17674,2.75584,3.0287,1.79168,3.15835,2.43194,2.80253,1.19741,2.75639,2.17787,2.83503,1.09453,2.78729,2.34831,2.80102,1.19814,2.49798,2.00938,2.66144,1.05917,-1.18318
2017-01-31,3.17674,2.75584,3.0287,1.79168,3.15611,2.43021,2.80055,1.19656,2.80878,2.2193,2.88891,1.11527,2.9188,2.45911,2.93317,1.25467,2.52613,2.02161,2.69695,1.06726,-1.81317
2017-02-01,3.17674,2.75584,3.0287,1.79168,3.27654,2.52294,2.90741,1.24221,3.09067,2.44223,3.17882,1.22683,3.18062,2.67969,3.19628,1.36722,2.89784,2.17185,3.07239,1.15368,2.0957
2017-02-02,3.17674,2.75584,3.0287,1.79168,3.45325,2.65901,3.06421,1.30921,3.42857,2.70944,3.52633,1.36056,3.4472,2.90429,3.46418,1.48181,3.98064,2.82432,4.00033,1.3979,-0.55062
2017-02-03,3.17674,2.75584,3.0287,1.79168,3.3669,2.59252,2.98759,1.27647,3.26394,2.57925,3.35701,1.2954,3.05772,2.57615,3.07278,1.31439,3.22679,2.31038,3.34087,1.21774,0.2517
2017-02-06,3.17674,2.75584,3.0287,1.79168,3.26838,2.51666,2.90017,1.23912,3.08435,2.43723,3.17232,1.22433,3.02172,2.54582,3.03659,1.29891,2.68581,2.0879,2.87557,1.10811,-2.01831
2017-02-07,3.17674,2.75584,3.0287,1.79168,3.42663,2.63851,3.04059,1.29912,3.39725,2.68467,3.49412,1.34816,3.31852,2.79588,3.33486,1.42649,3.51937,2.46529,3.58111,1.27832,0.72723
2017-02-08,3.17674,2.75584,3.0287,1.79168,3.35531,2.58359,2.9773,1.27208,3.25868,2.57509,3.3516,1.29332,3.09503,2.60758,3.11027,1.33042,2.95381,2.19411,3.11982,1.16481,0.04466
2017-02-09,3.17674,2.75584,3.0287,1.79168,3.25322,2.50498,2.88671,1.23337,3.0726,2.42793,3.16023,1.21968,2.70959,2.28285,2.72293,1.16474,2.57997,2.04449,2.76117,1.08192,1.28588
2017-02-10,3.17674,2.75584,3.0287,1.79168,3.26169,2.51151,2.89423,1.23659,3.10395,2.45272,3.19247,1.23208,2.86235,2.41155,2.87644,1.23041,2.62393,2.06274,2.81041,1.09318,0.23701
2017-02-13,3.17674,2.75584,3.0287,1.79168,3.16603,2.43785,2.80935,1.20032,2.93752,2.3211,3.02131,1.16621,2.76991,2.33367,2.78355,1.19067,2.47839,2.00076,2.63588,1.05335,-1.78864
2017-02-14,3.17674,2.75584,3.0287,1.79168,3.27991,2.52554,2.9104,1.24349,3.18196,2.51442,3.2727,1.26296,2.85549,2.40577,2.86955,1.22746,2.78146,2.12597,2.96854,1.12954,-0.82053
2017-02-15,3.17674,2.75584,3.0287,1.79168,3.22388,2.48239,2.86068,1.22225,3.08631,2.43877,3.17433,1.2251,2.79051,2.35102,2.80425,1.19952,2.60083,2.0532,2.78487,1.08733,0.96063
2017-02-16,3.17674,2.75584,3.0287,1.79168,3.18669,2.45376,2.82768,1.20815,3.028,2.39266,3.11437,1.20203,2.86253,2.41171,2.87663,1.23048,2.54485,2.02964,2.71981,1.07248,-0.12296
2017-02-17,3.17674,2.75584,3.0287,1.79168,3.09063,2.37979,2.74244,1.17173,2.86384,2.26284,2.94554,1.13706,2.74598,2.31351,2.7595,1.18038,2.44854,1.98741,2.59547,1.04414,-1.27618
2017-02-20,3.17674,2.75584,3.0287,1.79168,3.10785,2.39305,2.75772,1.17826,2.92945,2.31473,3.01301,1.16302,2.86246,2.41164,2.87655,1.23045,2.50916,2.01427,2.67572,1.06242,-0.35334
2017-02-21,3.17674,2.75584,3.0287,1.79168,3.02181,2.3268,2.68138,1.14564,2.7892,2.20382,2.86878,1.10752,2.64413,2.2277,2.65715,1.1366,2.44158,1.98426,2.58577,1.04193,-1.64943
2017-02-22,3.17674,2.75584,3.0287,1.79168,3.11755,2.40052,2.76633,1.18194,3.00567,2.37501,3.0914,1.19319,2.88387,2.42968,2.89807,1.23965,2.62762,2.06426,2.81442,1.09409,-0.13114
2017-02-23,3.17674,2.75584,3.0287,1.79168,3.02377,2.32831,2.68311,1.14638,2.84376,2.24696,2.92489,1.12911,2.75109,2.31781,2.76463,1.18258,2.47652,1.99993,2.6334,1.05278,1.48374
2017-02-24,3.17674,2.75584,3.0287,1.79168,3.08441,2.375,2.73692,1.16937,2.9816,2.35623,3.06661,1.18317,2.96661,2.49939,2.98121,1.27522,2.60397,2.0545,2.78838,1.08814,0.05638
2017-02-27,3.17674,2.75584,3.0287,1.79168,2.99067,2.30282,2.65374,1.13383,2.82216,2.23014,2.90263,1.12007,2.80645,2.36445,2.82027,1.20638,2.46791,1.9961,2.6219,1.05016,-1.74149
2017-02-28,3.17674,2.75584,3.0287,1.79168,3.11021,2.39487,2.75982,1.17916,3.06714,2.42388,3.15458,1.21702,3.04823,2.56816,3.06324,1.31031,2.72552,2.1038,2.91518,1.11722,1.5777
2017-03-01,3.17674,2.75584,3.0287,1.79168,3.18309,2.45099,2.82449,1.20679,3.19653,2.5262,3.28765,1.26823,3.05477,2.57367,3.06981,1.31312,2.96809,2.19983,3.13173,1.16761,-1.27236
2017-03-02,3.17674,2.75584,3.0287,1.79168,3.19374,2.45918,2.83393,1.21082,3.21154,2.53807,3.30308,1.27417,3.11181,2.62172,3.12713,1.33764,2.91216,2.17752,3.08465,1.15655,0.08652
2017-03-03,3.17674,2.75584,3.0287,1.79168,3.09695,2.38465,2.74805,1.17413,3.03299,2.39688,3.11946,1.20351,2.90445,2.44702,2.91875,1.2485,2.56731,2.03917,2.74649,1.07856,-0.18524
2017-03-06,3.17674,2.75584,3.0287,1.79168,3.00498,2.31384,2.66645,1.13926,2.87361,2.27083,2.95554,1.14043,2.83696,2.39016,2.85093,1.21949,2.4573,1.99135,2.60751,1.04688,1.38696
2017-03-07,3.17674,2.75584,3.0287,1.79168,3.04814,2.34707,2.70474,1.15562,2.96825,2.34568,3.05288,1.17789,2.86243,2.41162,2.87652,1.23044,2.54936,2.03156,2.72523,1.07371,-0.4246
2017-03-08,3.17674,2.75584,3.0287,1.79168,2.96798,2.28535,2.63361,1.12523,2.83398,2.23949,2.91479,1.12475,2.68351,2.26088,2.69673,1.15353,2.45952,1.99235,2.61054,1.04757,-2.94486
2017-03-09,3.17674,2.75584,3.05692,1.79168,3.44971,2.81644,3.18882,1.30787,3.69014,2.91656,3.7953,1.46358,3.35318,2.82508,3.36969,1.44139,4.74188,3.67421,4.76082,1.71143,2.47588
2017-03-10,3.17674,2.75584,3.05692,1.79168,3.70747,3.02688,3.42709,1.40559,4.06466,3.21273,4.18046,1.6118,3.62832,3.05688,3.64618,1.55966,5.44562,4.49588,5.47207,2.21755,0.61701
2017-03-13,3.17674,2.75584,3.05692,1.79168,3.61656,2.95266,3.34306,1.37112,3.85173,3.04435,3.96148,1.52753,3.50673,2.95444,3.524,1.5074,5.15788,4.16254,5.18161,1.9776,0.661
2017-03-14,3.17674,2.75584,3.05692,1.79168,3.5323,2.88387,3.26517,1.33918,3.66313,2.8952,3.76752,1.45289,3.42719,2.88743,3.44407,1.47321,4.7192,3.64745,4.73785,1.6992,-0.65533
2017-03-15,3.17674,2.75584,3.05692,1.79168,3.45076,2.8173,3.1898,1.30827,3.49323,2.76084,3.59279,1.38565,3.44297,2.90072,3.45992,1.47999,4.11421,2.95786,4.13036,1.44061,0.64511
2017-03-16,3.17674,2.75584,3.05692,1.79168,3.3715,2.75259,3.11653,1.27822,3.33556,2.63615,3.43063,1.32325,3.01671,2.5416,3.03157,1.29676,3.41279,2.40377,3.49181,1.25533,-1.49688
2017-03-17,3.17674,2.75584,3.05692,1.79168,3.40886,2.78309,3.15107,1.29238,3.39976,2.68692,3.49666,1.34866,2.89644,2.44027,2.91071,1.24506,3.53644,2.47579,3.59566,1.28213,0.11955
2017-03-20,3.12841,2.7498,2.98577,1.79168,3.30592,2.69904,3.05591,1.25335,3.20624,2.53389,3.29764,1.27207,2.79373,2.35374,2.80749,1.20091,2.8136,2.13864,2.99807,1.13638,0.08838
2017-03-21,3.12841,2.7498,2.98577,1.79168,3.20571,2.61723,2.96328,1.21536,3.02818,2.39307,3.11452,1.2016,2.7701,2.33383,2.78374,1.19075,2.53596,2.02584,2.70902,1.07002,0.82108
2017-03-22,3.12841,2.7498,2.98577,1.79168,3.153,2.5742,2.91456,1.19538,2.94786,2.32955,3.03191,1.16982,2.78858,2.3494,2.80231,1.19869,2.48875,2.00534,2.64949,1.05645,0.00996
2017-03-23,3.12841,2.7498,2.98577,1.79168,3.05696,2.49578,2.82577,1.15896,2.79103,2.20552,2.87061,1.10775,2.74242,2.31051,2.75593,1.17885,2.42843,1.97828,2.56718,1.0377,-1.35936
2017-03-24,3.12841,2.7498,2.98577,1.79168,3.09122,2.52376,2.85745,1.17195,2.89525,2.28795,2.9778,1.149,2.76504,2.32956,2.77865,1.18858,2.51074,2.01495,2.67772,1.06288,0.76011
2017-03-27,3.12841,2.7498,2.98577,1.79168,3.03702,2.47951,2.80734,1.15141,2.81264,2.22509,2.89139,1.11758,2.76358,2.32833,2.77719,1.18795,2.46979,1.99694,2.62442,1.05074,-0.62355
2017-03-28,3.12841,2.7498,2.98577,1.79168,2.97193,2.42637,2.74718,1.12673,2.72183,2.1532,2.79805,1.0816,2.74797,2.31518,2.7615,1.18124,2.43929,1.98323,2.58256,1.0412,1.21068
2017-03-29,3.12841,2.7498,2.98577,1.79168,2.98568,2.43759,2.75989,1.13194,2.78114,2.20015,2.85901,1.1051,2.84882,2.40015,2.86285,1.22459,2.4913,2.00646,2.65281,1.0572,1.51015
2017-03-30,3.12841,2.7498,2.98577,1.79168,3.05474,2.49397,2.82372,1.15812,2.93357,2.32083,3.0157,1.1655,2.97957,2.51031,2.99424,1.28079,2.63275,2.06636,2.81998,1.09537,0.81822
2017-03-31,3.12841,2.7498,2.98577,1.79168,3.00849,2.45621,2.78097,1.14059,2.86306,2.26501,2.94322,1.13756,2.84062,2.39324,2.85461,1.22106,2.5346,2.02526,2.70737,1.06964,0.66834
2017-04-03,2.98016,2.56582,2.892,1.79168,2.94863,2.40734,2.72564,1.11789,2.77186,2.19281,2.84947,1.10142,2.80748,2.36532,2.8213,1.20682,2.47167,1.99778,2.62694,1.05131,-0.21027
2017-04-04,2.98016,2.56582,2.892,1.79168,2.86203,2.33664,2.64558,1.08506,2.63746,2.0864,2.71132,1.04817,2.77671,2.3394,2.79038,1.19359,2.42415,1.97632,2.56105,1.0363,-0.3224
2017-04-05,2.98016,2.56582,2.892,1.79168,2.78264,2.27183,2.57221,1.05497,2.52422,1.99675,2.59491,1.0033,2.70499,2.27897,2.71831,1.16276,2.40875,1.96923,2.53864,1.03119,1.29885
2017-04-06,2.98016,2.56582,2.892,1.79168,2.82537,2.30672,2.61171,1.07117,2.64519,2.09253,2.71927,1.05123,2.7198,2.29145,2.73319,1.16913,2.48318,2.00288,2.6422,1.05479,0.51708
2017-04-07,2.98016,2.56582,2.892,1.79168,2.7596,2.25301,2.5509,1.04623,2.55266,2.01927,2.62415,1.01457,2.65185,2.2342,2.66491,1.13992,2.43951,1.98333,2.58287,1.04127,0.25262
2017-04-10,2.98016,2.56582,2.892,1.79168,2.6805,2.18844,2.47779,1.01624,2.44029,1.9303,2.50864,0.97005,2.4671,2.07855,2.47925,1.0605,2.41339,1.97137,2.54544,1.03274,-0.09758
2017-04-11,2.98016,2.56582,2.892,1.79168,2.59961,2.12239,2.40301,0.98557,2.3311,1.84386,2.39641,0.92678,2.34558,1.97617,2.35713,1.00827,2.40162,1.96592,2.52807,1.02878,0.01146
2017-04-12,2.98016,2.56582,2.892,1.79168,2.52043,2.05775,2.32982,0.95555,2.2305,1.76421,2.29299,0.88692,2.33103,1.96391,2.34251,1.00201,2.39703,1.96378,2.5212,1.02722,-1.37807
2017-04-13,2.98016,2.56582,2.892,1.79168,2.6008,2.12336,2.40411,0.98602,2.44395,1.9332,2.5124,0.9715,2.44325,2.05846,2.45528,1.05025,2.48542,2.00386,2.64513,1.05545,0.18143
2017-04-14,2.98016,2.56582,2.892,1.79168,2.52429,2.0609,2.33339,0.95702,2.33737,1.84882,2.40285,0.92927,2.35183,1.98143,2.36341,1.01095,2.42884,1.97847,2.56777,1.03783,0.0
2017-04-17,2.98016,2.56582,2.892,1.79168,2.44739,1.99812,2.26231,0.92786,2.23617,1.76871,2.29882,0.88917,2.3383,1.97003,2.34981,1.00514,2.40701,1.96842,2.53607,1.03061,0.33226
2017-04-18,2.98016,2.56582,2.892,1.79168,2.38252,1.94516,2.20234,0.90327,2.16246,1.71035,2.22306,0.85996,2.30674,1.94345,2.3181,0.99157,2.40266,1.9664,2.52961,1.02914,1.00905
2017-04-19,2.98016,2.56582,2.892,1.79168,2.40018,1.95957,2.21866,0.90996,2.24653,1.77691,2.30948,0.89327,2.42516,2.04321,2.4371,1.04248,2.43776,1.98253,2.58041,1.04071,-1.79682
2017-04-20,2.98016,2.56582,2.892,1.79168,2.60056,2.12317,2.40389,0.98593,2.64681,2.09381,2.72093,1.05188,2.64031,2.22448,2.65331,1.13496,2.70881,2.09713,2.8987,1.11343,0.77699
2017-04-21,2.98016,2.56582,2.892,1.79168,2.57083,2.0989,2.37641,0.97466,2.60093,2.05748,2.67376,1.03369,2.5828,2.17603,2.59552,1.11024,2.56221,2.03701,2.74049,1.0772,-0.81565
2017-04-24,2.98016,2.56582,2.892,1.79168,2.54761,2.07994,2.35495,0.96586,2.57284,2.03524,2.64489,1.02256,2.63506,2.22006,2.64804,1.1327,2.49886,2.00977,2.66258,1.05943,-0.50503
2017-04-25,2.98016,2.56582,2.892,1.79168,2.49146,2.0341,2.30304,0.94457,2.48405,1.9652,2.55334,0.98828,2.59604,2.18718,2.60883,1.11593,2.44438,1.98554,2.58969,1.04282,-0.20425
2017-04-26,2.98016,2.56582,2.892,1.79168,2.41916,1.97507,2.23621,0.91716,2.37609,1.87971,2.44237,0.94549,2.52146,2.12435,2.53387,1.08387,2.41411,1.9717,2.54649,1.03298,0.27133
2017-04-27,2.98016,2.56582,2.892,1.79168,2.35201,1.92024,2.17414,0.8917,2.28212,1.80529,2.3458,0.90825,2.32022,1.9548,2.33164,0.99737,2.40416,1.96709,2.53184,1.02964,0.57283
2017-04-28,2.98016,2.56582,2.892,1.79168,2.31019,1.88611,2.13549,0.87585,2.23801,1.77036,2.30045,0.89076,2.28921,1.92867,2.30048,0.98403,2.40902,1.96935,2.53903,1.03128,0.91654
2017-05-01,2.98016,2.56582,2.892,1.79168,2.31677,1.89148,2.14157,0.87834,2.28049,1.804,2.34412,0.9076,2.2915,1.9306,2.30278,0.98502,2.43276,1.98026,2.57335,1.0391,-0.9669
2017-05-02,2.98016,2.56582,2.892,1.79168,2.33145,1.90346,2.15513,0.88391,2.33685,1.84864,2.40205,0.92994,2.34461,1.97535,2.35616,1.00785,2.4498,1.98798,2.5972,1.04454,-1.20962
2017-05-03,2.98016,2.56582,2.892,1.79168,2.39172,1.95266,2.21084,0.90676,2.4639,1.94924,2.53262,0.98029,2.47251,2.08311,2.48469,1.06283,2.49639,2.00869,2.6594,1.05871,0.47521
2017-05-04,2.98016,2.56582,2.892,1.79168,2.33909,1.9097,2.1622,0.8868,2.38392,1.88591,2.45042,0.94859,2.44055,2.05618,2.45257,1.04909,2.44259,1.98472,2.58719,1.04225,-1.92185
2017-05-05,2.98016,2.56582,2.892,1.79168,2.58551,2.12249,2.39222,0.98023,2.80764,2.22146,2.88592,1.11653,2.81386,2.37069,2.82771,1.20956,2.82482,2.14306,3.00821,1.13873,0.70813
2017-05-08,2.98016,2.56582,2.892,1.79168,2.54816,2.09183,2.35766,0.96607,2.72903,2.15921,2.80513,1.08538,2.67199,2.25117,2.68515,1.14858,2.5992,2.05252,2.78304,1.08692,0.36875
2017-05-09,2.98016,2.56582,2.892,1.79168,2.48199,2.03751,2.29644,0.94098,2.60991,2.06487,2.68269,1.03816,2.61184,2.20049,2.6247,1.12272,2.47551,1.99948,2.63205,1.05247,-1.1537
2017-05-10,2.98016,2.56582,2.892,1.79168,2.51918,2.06804,2.33085,0.95508,2.67289,2.11475,2.74742,1.06313,2.66666,2.24668,2.6798,1.14629,2.50413,2.01207,2.66932,1.06097,1.02351
2017-05-11,2.98016,2.56582,2.892,1.79168,2.53037,2.07723,2.3412,0.95932,2.68294,2.12271,2.75775,1.06711,2.72109,2.29254,2.73449,1.16968,2.50145,2.01091,2.66591,1.06019,1.64401
2017-05-12,2.98016,2.56582,2.892,1.79168,2.67336,2.19461,2.4735,1.01353,2.90368,2.29752,2.98463,1.1546,2.76572,2.33014,2.77934,1.18887,2.72193,2.10237,2.91166,1.11641,0.14915
2017-05-15,2.98016,2.56582,2.892,1.79168,2.59371,2.12922,2.39981,0.98334,2.75394,2.17893,2.83072,1.09525,2.61831,2.20594,2.6312,1.1255,2.50804,2.01378,2.6743,1.0621,0.10534
2017-05-16,2.98016,2.56582,2.892,1.79168,2.51562,2.06511,2.32755,0.95373,2.61597,2.06967,2.68892,1.04056,2.61035,2.19923,2.6232,1.12208,2.43576,1.98162,2.57759,1.04007,-0.10945
2017-05-17,2.98016,2.56582,2.892,1.79168,2.44,2.00304,2.25759,0.92506,2.49108,1.97077,2.56056,0.99106,2.5333,2.13432,2.54578,1.08896,2.4099,1.96976,2.54033,1.03158,0.14268
2017-05-18,2.98016,2.56582,2.892,1.79168,2.36747,1.9435,2.19048,0.89756,2.37822,1.88139,2.44456,0.94633,2.47006,2.08104,2.48222,1.06178,2.40078,1.96553,2.52682,1.0285,-0.71992
2017-05-19,2.98016,2.56582,2.892,1.79168,2.342,1.92259,2.16691,0.88791,2.35609,1.86387,2.42182,0.93756,2.34201,1.97316,2.35354,1.00673,2.41383,1.97157,2.54608,1.03289,0.29539
2017-05-22,2.98016,2.56582,2.892,1.79168,2.27866,1.87059,2.10831,0.86389,2.26621,1.79269,2.32944,0.90194,2.2667,1.90971,2.27786,0.97436,2.40452,1.96726,2.53237,1.02976,1.26191
2017-05-23,2.98016,2.56582,2.892,1.79168,2.35489,1.93317,2.17884,0.89279,2.41843,1.91323,2.48589,0.96227,2.44399,2.05908,2.45602,1.05057,2.47288,1.99831,2.62855,1.05168,0.22571
2017-05-24,2.98016,2.56582,2.892,1.79168,2.2878,1.8781,2.11676,0.86736,2.31264,1.8299,2.37679,0.92122,2.37295,1.99923,2.38464,1.02003,2.42515,1.97678,2.56248,1.03663,-0.17415
2017-05-25,2.98016,2.56582,2.892,1.79168,2.22096,1.82322,2.05492,0.84202,2.21952,1.75613,2.2811,0.88429,2.36843,1.99542,2.38009,1.01809,2.40662,1.96824,2.53549,1.03048,-2.81679
2017-05-26,2.98016,2.7498,2.93383,1.79168,2.86647,2.31644,2.81879,1.06888,3.20355,2.53569,3.2923,1.27447,3.15872,2.66124,3.17427,1.3578,4.32627,3.18949,4.34125,1.51797,1.71438
2017-05-29,2.98016,2.7498,2.93383,1.79168,2.99864,2.42326,2.94877,1.11817,3.35249,2.65369,3.44535,1.33352,3.19616,2.69279,3.2119,1.3739,4.61213,3.52127,4.62951,1.64429,-0.69335
2017-05-30,2.98016,2.7498,2.93383,1.79168,2.94275,2.37809,2.89381,1.09733,3.21866,2.54767,3.30783,1.28046,3.07542,2.59107,3.09057,1.322,4.00049,2.8434,4.01947,1.40398,0.81597
2017-05-31,2.98016,2.7498,2.93383,1.79168,2.90302,2.34598,2.85473,1.08251,3.1157,2.46609,3.20202,1.23963,3.10809,2.61859,3.1234,1.33604,3.40738,2.40082,3.48734,1.2542,-1.13624
2017-06-01,2.98016,2.7498,2.93383,1.79168,2.91186,2.35313,2.86343,1.08581,3.10169,2.455,3.18762,1.23408,3.19125,2.68865,3.20697,1.37179,3.13397,2.2688,3.26657,1.19971,-0.48007
2017-06-02,2.98016,2.7498,2.93383,1.79168,2.84071,2.29563,2.79347,1.05928,2.96226,2.34454,3.04434,1.17879,2.74959,2.31655,2.76313,1.18193,2.67778,2.08467,2.86736,1.10623,-1.33453
2017-06-05,2.98016,2.7498,2.93383,1.79168,2.89032,2.33572,2.84225,1.07778,3.02764,2.39634,3.11153,1.20472,2.7623,2.32726,2.77591,1.1874,2.7214,2.10216,2.91115,1.1163,0.42875
2017-06-06,2.98016,2.7498,2.93383,1.79168,2.81639,2.27598,2.76955,1.05021,2.88695,2.28488,2.96696,1.14893,2.63298,2.21831,2.64595,1.13181,2.52281,2.02018,2.69283,1.06633,0.84258
2017-06-07,2.98016,2.7498,2.93383,1.79168,2.78612,2.25151,2.73978,1.03892,2.82564,2.23631,2.90396,1.12462,2.6568,2.23837,2.66988,1.14205,2.48498,2.00367,2.64457,1.05533,-0.68667
2017-06-08,2.98016,2.7498,2.93383,1.79168,2.73865,2.21315,2.6931,1.02122,2.74471,2.17219,2.82079,1.09253,2.60775,2.19704,2.62059,1.12096,2.4503,1.98821,2.59789,1.04469,-0.37041
2017-06-09,2.98016,2.7498,2.93383,1.79168,2.66634,2.15472,2.62199,0.99426,2.62652,2.07856,2.69933,1.04567,2.56952,2.16484,2.58217,1.10453,2.42002,1.97443,2.55509,1.03494,0.38912
2017-06-12,2.98016,2.7498,2.93383,1.79168,2.59772,2.09926,2.55451,0.96867,2.51938,1.99368,2.58923,1.00319,2.4558,2.06903,2.4679,1.05565,2.40919,1.96943,2.53929,1.03134,0.75867
2017-06-13,2.98016,2.7498,2.93383,1.79168,2.56742,2.07477,2.52471,0.95737,2.48349,1.96525,2.55235,0.98896,2.45509,2.06843,2.46718,1.05534,2.42099,1.97487,2.5565,1.03526,0.4581
2017-06-14,2.98016,2.7498,2.93383,1.79168,2.50732,2.02621,2.46562,0.93496,2.39894,1.89827,2.46547,0.95543,2.41438,2.03413,2.42627,1.03784,2.41175,1.97061,2.54304,1.0322,-2.31942
2017-06-15,2.98016,2.7498,2.93383,1.79168,2.86894,2.53957,2.87714,1.06981,3.02374,2.39324,3.10752,1.20317,2.95342,2.48827,2.96796,1.26955,3.29686,2.34377,3.3972,1.23161,-0.51894
2017-06-16,2.98016,2.7498,2.93383,1.79168,2.80236,2.48062,2.81036,1.04498,2.89651,2.29245,2.97678,1.15272,2.807,2.36492,2.82082,1.20661,2.75521,2.11559,2.94383,1.12383,0.83824
2017-06-19,2.98016,2.7498,2.93383,1.79168,2.77222,2.45395,2.78014,1.03374,2.83319,2.24229,2.91171,1.12762,2.86102,2.41043,2.8751,1.22983,2.59585,2.05113,2.77927,1.08605,-1.83634
2017-06-20,2.98016,2.7498,2.93383,1.79168,2.94605,2.60782,2.95447,1.09856,3.1091,2.46087,3.19524,1.23702,3.12507,2.63289,3.14045,1.34334,3.06073,2.23768,3.20763,1.18559,0.39265
2017-06-21,2.98016,2.7498,2.93383,1.79168,2.86792,2.53866,2.87612,1.06942,2.9575,2.34077,3.03945,1.1769,3.03056,2.55327,3.04548,1.30271,2.63894,2.0689,2.82664,1.09689,-1.35596
2017-06-22,2.98016,2.7498,2.93383,1.79168,2.91973,2.58453,2.92808,1.08875,3.03367,2.40028,3.11846,1.20534,2.90476,2.44728,2.91907,1.24864,2.62294,2.09008,2.80277,1.10264,-0.10923
2017-06-23,2.98016,2.56582,2.90317,1.79168,2.83169,2.50659,2.83979,1.05592,2.87499,2.27464,2.95535,1.14246,2.83416,2.3878,2.84811,1.21829,2.49656,2.03434,2.63823,1.0652,0.6547
2017-06-26,2.98016,2.56582,2.90317,1.79168,2.77891,2.45987,2.78685,1.03623,2.78193,2.20096,2.85969,1.10558,2.83916,2.39201,2.85314,1.22044,2.46864,2.02145,2.59761,1.05596,1.25017
2017-06-27,2.98016,2.56582,2.90317,1.79168,2.81663,2.49326,2.82468,1.0503,2.84257,2.24898,2.92203,1.12961,2.66978,2.2493,2.68292,1.14763,2.50934,2.04017,2.65627,1.06931,0.07239
2017-06-28,2.98016,2.56582,2.90317,1.79168,2.73124,2.41767,2.73904,1.01846,2.69901,2.13531,2.77447,1.07273,2.55633,2.15373,2.56892,1.09886,2.45722,2.0161,2.58047,1.05206,0.73651
2017-06-29,2.98016,2.56582,2.90317,1.79168,2.69187,2.38282,2.69956,1.00378,2.63969,2.08835,2.7135,1.04922,2.49916,2.10556,2.51147,1.07428,2.45503,2.01507,2.57715,1.05131,0.17971
2017-06-30,2.98016,2.56582,2.90317,1.79168,2.61253,2.31259,2.62,0.97419,2.51751,1.9916,2.58791,1.0008,2.47037,2.08131,2.48254,1.06191,2.43834,2.00718,2.55146,1.04546,0.50525
2017-07-03,2.98016,2.56582,2.90317,1.79168,2.55459,2.26131,2.5619,0.95259,2.43837,1.92894,2.50656,0.96944,2.44831,2.06272,2.46037,1.05243,2.43782,2.00693,2.55064,1.04527,-1.08857
2017-07-04,2.98016,2.56582,2.90317,1.79168,2.57793,2.28196,2.5853,0.96129,2.50657,1.98294,2.57666,0.99647,2.47666,2.08661,2.48886,1.06461,2.46688,2.02062,2.59498,1.05537,-0.01018
2017-07-05,2.98016,2.56582,2.90317,1.79168,2.4994,2.21245,2.50655,0.93201,2.39227,1.89244,2.45918,0.95117,2.39941,2.02152,2.41123,1.03141,2.44173,2.00879,2.55673,1.04666,-0.19012
2017-07-06,2.98016,2.56582,2.90317,1.79168,2.42648,2.1479,2.43341,0.90482,2.29453,1.81505,2.35871,0.91244,2.36591,1.9933,2.37756,1.01701,2.43328,2.00477,2.54354,1.04366,-0.79975
2017-07-07,2.98016,2.56582,2.90317,1.79168,2.4105,2.13376,2.41739,0.89886,2.30266,1.82149,2.36707,0.91566,2.42505,2.04312,2.43699,1.04243,2.44562,2.01064,2.56275,1.04803,-0.16078
2017-07-10,2.98016,2.56582,2.90317,1.79168,2.33945,2.07087,2.34614,0.87236,2.21185,1.74959,2.27372,0.87968,2.37942,2.00468,2.39114,1.02281,2.4345,2.00535,2.54545,1.04409,0.2016
2017-07-11,2.98016,2.56582,2.90317,1.79168,2.27205,2.0112,2.27854,0.84723,2.13143,1.68592,2.19107,0.84781,2.30455,1.9416,2.3159,0.99063,2.43084,2.00361,2.53969,1.04278,1.19789
2017-07-12,2.98016,2.56582,2.90317,1.79168,2.33916,2.0706,2.34584,0.87225,2.28405,1.80676,2.34794,0.90829,2.47164,2.08237,2.48381,1.06245,2.47432,2.02409,2.60602,1.05788,0.69095
2017-07-13,2.98016,2.56582,2.90317,1.79168,2.31287,2.04733,2.31948,0.86245,2.26463,1.79138,2.32798,0.9006,2.46227,2.07448,2.4744,1.05843,2.46062,2.0177,2.5856,1.05323,-0.26983
2017-07-14,2.98016,2.56582,2.90317,1.79168,2.2494,1.99115,2.25583,0.83878,2.18544,1.72868,2.24659,0.86922,2.40993,2.03038,2.42179,1.03593,2.44131,2.00859,2.55608,1.04651,0.21537
2017-07-17,2.98016,2.56582,2.90317,1.79168,2.18546,1.93455,2.19171,0.81494,2.1086,1.66784,2.1676,0.83876,2.30552,1.94241,2.31687,0.99105,2.43356,2.00491,2.54397,1.04376,0.42237
2017-07-18,2.98016,2.56582,2.90317,1.79168,2.13697,1.89163,2.14308,0.79686,2.06183,1.63081,2.11953,0.82023,2.31773,1.9527,2.32914,0.9963,2.43386,2.00505,2.54444,1.04386,0.85214
2017-07-19,2.98016,2.56582,2.90317,1.79168,2.14615,1.89976,2.15229,0.80028,2.1131,1.6714,2.17222,0.84055,2.29302,1.93188,2.30431,0.98567,2.44955,2.01249,2.56879,1.04941,0.5352
2017-07-20,2.98016,2.56582,2.90317,1.79168,2.11026,1.86799,2.1163,0.7869,2.08396,1.64833,2.14227,0.829,2.19926,1.85289,2.21009,0.94537,2.44341,2.00959,2.55933,1.04725,-0.41583
2017-07-21,2.98016,2.56582,2.90317,1.79168,2.06413,1.82715,2.07003,0.7697,2.02829,1.60364,2.08516,0.80795,2.19237,1.84709,2.20317,0.94241,2.43727,2.00667,2.54978,1.04508,-0.94615
2017-07-24,2.98016,2.56582,2.90317,1.79168,2.09554,1.85496,2.10153,0.78141,2.11759,1.67435,2.17695,0.84334,2.25894,1.90317,2.27006,0.97102,2.45587,2.01547,2.57842,1.0516,-0.28132
2017-07-25,2.98016,2.56582,2.90317,1.79168,2.04009,1.80587,2.04592,0.76073,2.05342,1.62354,2.11099,0.81791,2.22133,1.87148,2.23227,0.95486,2.43968,2.00782,2.55355,1.04594,0.96634
2017-07-26,2.98016,2.56582,2.90317,1.79168,2.0773,1.83881,2.08324,0.77461,2.13811,1.69059,2.19805,0.85147,2.27934,1.92036,2.29057,0.9798,2.4599,2.01736,2.58452,1.05299,-0.1898
2017-07-27,2.98016,2.56582,2.90317,1.79168,2.01787,1.78621,2.02364,0.75245,2.06405,1.63196,2.12192,0.82212,2.19521,1.84948,2.20602,0.94363,2.44007,2.008,2.55414,1.04607,0.44606
2017-07-28,2.98016,2.56582,2.90317,1.79168,1.97822,1.75111,1.98388,0.73766,2.02393,1.60019,2.08068,0.80623,2.20765,1.85996,2.21852,0.94898,2.43703,2.00656,2.54941,1.04499,0.11152
2017-07-31,2.98016,2.56582,2.90317,1.79168,1.91936,1.699,1.92484,0.71571,1.95625,1.54661,2.01111,0.77941,2.12733,1.79229,2.13781,0.91445,2.4311,2.00373,2.54009,1.04287,-0.26257
2017-08-01,2.98016,2.56582,2.90317,1.79168,1.86886,1.6543,1.8742,0.69688,1.90763,1.50811,1.96113,0.76014,2.12977,1.79434,2.14025,0.9155,2.42999,2.0032,2.53834,1.04247,-1.03884
2017-08-02,2.98016,2.56582,2.90317,1.79168,1.93617,1.71388,1.9417,0.72198,2.05037,1.62113,2.10786,0.8167,2.19897,1.85264,2.20979,0.94524,2.45806,2.0165,2.58174,1.05235,-0.23324
2017-08-03,2.98016,2.56582,2.90317,1.79168,1.88343,1.6672,1.88881,0.70232,1.9888,1.57238,2.04457,0.7923,2.13405,1.79796,2.14456,0.91734,2.43986,2.0079,2.55382,1.046,-1.31089
2017-08-04,2.98016,2.56582,2.90317,1.79168,2.0189,1.78712,2.02467,0.75283,2.2217,1.75677,2.28397,0.88459,2.33808,1.96985,2.34959,1.00504,2.49252,2.03249,2.63247,1.06389,0.73979
2017-08-07,2.98016,2.56582,2.90317,1.79168,2.01682,1.78528,2.02259,0.75206,2.2192,1.75479,2.28139,0.8836,2.33822,1.96996,2.34973,1.0051,2.4718,2.02291,2.60229,1.05703,0.66554
2017-08-08,2.98016,2.56582,2.90317,1.79168,2.00366,1.77362,2.00939,0.74715,2.20052,1.74001,2.2622,0.8762,2.35438,1.98359,2.36598,1.01205,2.45821,2.01657,2.58197,1.0524,-0.58405
2017-08-09,2.98016,2.56582,2.90317,1.79168,1.98014,1.75281,1.9858,0.73838,2.17198,1.71741,2.23286,0.86489,2.30912,1.94545,2.32049,0.99259,2.44808,2.0118,2.56653,1.04889,0.53944
2017-08-10,2.98016,2.56582,2.90317,1.79168,1.95225,1.72812,1.95783,0.72798,2.13463,1.68783,2.19446,0.85009,2.32758,1.961,2.33904,1.00053,2.44292,2.00935,2.55857,1.04708,-0.55303
2017-08-11,2.98016,2.56582,2.90317,1.79168,1.92732,1.70605,1.93283,0.71868,2.10814,1.66686,2.16724,0.83959,2.21134,1.86307,2.22223,0.95056,2.44057,2.00824,2.55492,1.04625,1.41608
2017-08-14,2.98016,2.56582,2.90317,1.79168,2.08734,1.8477,2.0933,0.77835,2.34996,1.85832,2.4158,0.93541,2.40261,2.02422,2.41444,1.03278,2.51236,2.04154,2.66048,1.07026,-0.65556
2017-08-15,2.98016,2.56582,2.90317,1.79168,2.06906,1.83152,2.07497,0.77154,2.31758,1.83269,2.38252,0.92258,2.34991,1.97981,2.36148,1.01013,2.47452,2.02418,2.60631,1.05794,0.15982
2017-08-16,2.98016,2.56582,2.90317,1.79168,2.00877,1.77815,2.01451,0.74906,2.22284,1.75768,2.28514,0.88504,2.31373,1.94933,2.32512,0.99458,2.44535,2.01051,2.56233,1.04794,-1.22374
2017-08-17,2.98016,2.56582,2.90317,1.79168,2.10695,1.86506,2.11297,0.78567,2.37344,1.87691,2.43994,0.94472,2.4699,2.08091,2.48206,1.06171,2.48572,2.02936,2.62267,1.06166,0.04328
2017-08-18,2.98016,2.56582,2.90317,1.79168,2.04296,1.80842,2.0488,0.76181,2.27007,1.79507,2.33368,0.90376,2.38247,2.00725,2.3942,1.02413,2.44863,2.01206,2.56738,1.04908,1.23587
2017-08-21,2.98016,2.56582,2.90317,1.79168,2.14064,1.89488,2.14676,0.79823,2.40526,1.90375,2.47177,0.95773,2.42833,2.04589,2.44029,1.04384,2.49202,2.03226,2.63175,1.06373,-0.85352
2017-08-22,2.98016,2.56582,2.90317,1.79168,2.14983,1.90301,2.15597,0.80165,2.41063,1.90801,2.47729,0.95986,2.42833,2.04588,2.44028,1.04384,2.47815,2.02586,2.61164,1.05916,0.10586
2017-08-23,2.98016,2.56582,2.90317,1.79168,2.0855,1.84607,2.09146,0.77767,2.30551,1.82471,2.36927,0.91817,2.38392,2.00847,2.39566,1.02475,2.44622,2.01092,2.56366,1.04824,0.32989
2017-08-24,2.98016,2.56582,2.90317,1.79168,2.03354,1.80008,2.03935,0.75829,2.22505,1.76096,2.28659,0.88626,2.2989,1.93684,2.31022,0.9882,2.43707,2.00658,2.54948,1.04501,-0.71641
2017-08-25,2.98016,2.56582,2.90317,1.79168,2.02698,1.79427,2.03277,0.75584,2.22116,1.75788,2.2826,0.88472,2.33914,1.97074,2.35065,1.0055,2.44376,2.00976,2.55988,1.04738,0.02959
2017-08-28,2.98016,2.56582,2.90317,1.79168,1.96533,1.73969,1.97094,0.73285,2.13253,1.68766,2.19153,0.84957,2.2176,1.86835,2.22852,0.95326,2.43329,2.00478,2.54354,1.04366,-1.141
2017-08-29,2.98016,2.56582,2.90317,1.79168,2.04756,1.81249,2.05342,0.76352,2.26819,1.79514,2.33092,0.90337,2.32888,1.96209,2.34034,1.00109,2.46858,2.02142,2.59752,1.05594,0.17551
2017-08-30,2.98016,2.56582,2.90317,1.79168,1.98853,1.76023,1.99422,0.74151,2.17943,1.72482,2.23972,0.86817,2.28164,1.9223,2.29288,0.98078,2.44333,2.00955,2.55921,1.04722,-0.66881
2017-08-31,2.98016,2.56582,2.90317,1.79168,1.97738,1.75036,1.98303,0.73735,2.17075,1.71794,2.2308,0.86473,2.32741,1.96086,2.33887,1.00046,2.44472,2.01021,2.56136,1.04772,0.78439
2017-09-01,2.98016,2.56582,2.90317,1.79168,1.98517,1.75726,1.99085,0.74026,2.18577,1.72984,2.24624,0.87069,2.33114,1.964,2.34262,1.00206,2.45146,2.01339,2.5717,1.05007,-0.49724
2017-09-04,2.98016,2.56582,2.90317,1.79168,1.95221,1.72809,1.95779,0.72797,2.14313,1.69606,2.20242,0.85378,2.3369,1.96885,2.3484,1.00453,2.44251,2.00916,2.55794,1.04694,0.2587
2017-09-05,2.98016,2.56582,2.90317,1.79168,1.90036,1.68218,1.90579,0.70863,2.07257,1.64015,2.12992,0.82579,2.21442,1.86567,2.22533,0.95189,2.43455,2.00538,2.54552,1.04411,0.89465
2017-09-06,2.98016,2.56582,2.90317,1.79168,1.93392,1.71189,1.93945,0.72114,2.13186,1.68713,2.19084,0.84931,2.29978,1.93758,2.31111,0.98858,2.45235,2.01381,2.57307,1.05038,0.98591
2017-09-07,2.98016,2.56582,2.90317,1.79168,1.9837,1.75596,1.98937,0.73971,2.20924,1.74843,2.27035,0.87999,2.35088,1.98063,2.36246,1.01055,2.46872,2.02148,2.59772,1.05599,-0.38704
2017-09-08,2.98016,2.56582,2.90317,1.79168,1.94,1.71728,1.94555,0.72341,2.14765,1.69964,2.20706,0.85557,2.28536,1.92544,2.29662,0.98238,2.44659,2.01109,2.56424,1.04837,-2.21292
2017-09-11,2.98016,2.49221,2.8909,1.79168,2.71157,2.19901,2.48517,0.88642,2.78345,2.20341,2.86038,1.10771,2.80946,2.36699,2.8233,1.20767,2.92896,2.214,3.11299,1.1739,0.81386
2017-09-12,2.98016,2.49221,2.8909,1.79168,2.69876,2.18862,2.47344,0.88224,2.72846,2.15984,2.80387,1.0859,2.71195,2.28484,2.7253,1.16575,2.67679,2.11274,2.86486,1.1168,-0.24062
2017-09-13,2.98016,2.49221,2.8909,1.79168,2.62275,2.12698,2.40377,0.85739,2.60196,2.05961,2.67389,1.03574,2.61588,2.2039,2.62876,1.12446,2.51715,2.04371,2.66713,1.07177,2.13689
2017-09-14,2.98016,2.49221,2.8909,1.79168,3.00497,2.43695,2.75407,0.98234,3.0543,2.41801,3.13868,1.21512,3.01814,2.54281,3.033,1.29737,3.11713,2.28966,3.27186,1.21121,0.09238
2017-09-15,2.98016,2.49221,2.8909,1.79168,2.91425,2.36337,2.67093,0.95268,2.89235,2.28969,2.97228,1.1509,2.87348,2.42093,2.88763,1.23519,2.65477,2.10354,2.83997,1.11112,0.04805
2017-09-18,2.98016,2.49221,2.8909,1.79168,2.8257,2.29156,2.58977,0.92373,2.74342,2.17169,2.81925,1.09184,2.57737,2.17145,2.59006,1.1079,2.50676,2.03899,2.65266,1.06848,1.19923
2017-09-19,2.98016,2.49221,2.8909,1.79168,2.88321,2.33821,2.64249,0.94254,2.79,2.20851,2.86715,1.11029,2.69249,2.26844,2.70575,1.15739,2.52944,2.04924,2.68394,1.0756,-0.2646
2017-09-20,2.98016,2.49221,2.8909,1.79168,2.8024,2.27267,2.56842,0.91612,2.66065,2.10603,2.73424,1.059,2.62216,2.20919,2.63507,1.12716,2.46661,2.0205,2.59459,1.05528,0.08993
2017-09-21,2.98016,2.49221,2.8909,1.79168,2.71787,2.20411,2.49094,0.88848,2.53352,2.0053,2.6036,1.00858,2.32924,1.9624,2.34071,1.00124,2.44191,2.00888,2.55701,1.04672,-0.10306
2017-09-22,2.98016,2.49221,2.8909,1.79168,2.6362,2.13789,2.4161,0.86178,2.41861,1.91425,2.48552,0.96302,2.32946,1.96259,2.34093,1.00134,2.43278,2.00453,2.54274,1.04347,-1.88029
2017-09-25,2.98016,2.49221,2.8909,1.79168,2.91849,2.36681,2.67482,0.95407,2.80048,2.21682,2.87792,1.11445,2.72616,2.29681,2.73958,1.17186,2.63045,2.09328,2.81169,1.10467,1.2244
2017-09-26,2.98016,2.49221,2.8909,1.79168,2.97459,2.41232,2.72624,0.97241,2.84751,2.25408,2.92625,1.1331,2.68,2.25792,2.69319,1.15202,2.62359,2.09036,2.80356,1.10282,-0.39798
2017-09-27,2.98016,2.49221,2.8909,1.79168,2.89935,2.3513,2.65728,0.94781,2.72474,2.15681,2.8001,1.08442,2.64326,2.22696,2.65627,1.13623,2.50467,2.03804,2.64972,1.06782,1.13279
2017-09-28,2.98016,2.49221,2.8909,1.79168,2.93638,2.38132,2.69121,0.95992,2.75593,2.18152,2.83214,1.09679,2.75094,2.31769,2.76449,1.18251,2.51751,2.04387,2.66763,1.07189,-0.69198
2017-09-29,2.98016,2.49221,2.8909,1.79168,2.89376,2.34676,2.65215,0.94598,2.6845,2.12493,2.75875,1.06846,2.75831,2.32389,2.77189,1.18568,2.47892,2.02622,2.61276,1.05941,0.63631
2017-10-02,2.98016,2.49221,2.8909,1.79168,2.84583,2.30789,2.60822,0.93031,2.60752,2.06393,2.67964,1.03793,2.57851,2.17241,2.59121,1.10839,2.45997,2.01739,2.58462,1.05301,-0.4532
2017-10-03,2.98016,2.49221,2.8909,1.79168,2.77995,2.25446,2.54784,0.90878,2.51415,1.98995,2.58369,1.0009,2.48712,2.09542,2.49937,1.06911,2.44477,2.01023,2.56143,1.04773,-2.13605
2017-10-04,2.98016,2.49221,2.8909,1.79168,3.13467,2.54213,2.87295,1.02474,2.99563,2.37144,3.07845,1.19184,2.94677,2.48267,2.96128,1.26669,2.83754,2.17782,3.02944,1.15455,0.25832
2017-10-05,2.98016,2.49221,2.8909,1.79168,3.04533,2.46968,2.79107,0.99553,2.84653,2.25331,2.92524,1.13271,2.74279,2.31082,2.7563,1.17901,2.57133,2.0678,2.73909,1.08814,0.30339
2017-10-06,2.98016,2.49221,2.8909,1.79168,2.9613,2.40153,2.71405,0.96806,2.71356,2.14795,2.7886,1.07998,2.71016,2.28333,2.72351,1.16499,2.48313,2.02817,2.61891,1.06081,0.42954
2017-10-09,2.98016,2.49221,2.8909,1.79168,2.88907,2.34296,2.64785,0.94445,2.60465,2.06166,2.67669,1.03679,2.68731,2.26407,2.70054,1.15516,2.45383,2.01451,2.57533,1.05089,-0.17414
2017-10-10,2.98016,2.49221,2.8909,1.79168,2.80409,2.27404,2.56997,0.91667,2.48632,1.96791,2.5551,0.98987,2.67031,2.24975,2.68346,1.14785,2.43767,2.00686,2.5504,1.04522,0.93428
2017-10-11,2.98016,2.49221,2.8909,1.79168,2.80735,2.27669,2.57296,0.91774,2.4964,1.97589,2.56546,0.99387,2.40702,2.02793,2.41887,1.03468,2.45656,2.01579,2.57947,1.05184,0.5796
2017-10-12,2.98016,2.49221,2.8909,1.79168,2.75626,2.23525,2.52613,0.90103,2.43011,1.92337,2.49734,0.96758,2.39782,2.02018,2.40963,1.03072,2.4479,2.01171,2.56625,1.04883,-0.15348
2017-10-13,2.98016,2.49221,2.8909,1.79168,2.67477,2.16916,2.45144,0.87439,2.32673,1.84146,2.39111,0.92658,2.38129,2.00625,2.39301,1.02362,2.4353,2.00573,2.54669,1.04438,0.82396
2017-10-16,2.98016,2.49221,2.8909,1.79168,2.66576,2.16186,2.44319,0.87145,2.33043,1.84439,2.39491,0.92805,2.36075,1.98895,2.37237,1.01479,2.44879,2.01213,2.56762,1.04914,-0.8623
2017-10-17,2.98016,2.49221,2.8909,1.79168,2.66409,2.16051,2.44166,0.8709,2.34822,1.85849,2.4132,0.9351,2.42234,2.04084,2.43427,1.04126,2.45679,2.0159,2.57982,1.05192,0.03587
2017-10-18,2.98016,2.39417,2.83062,1.79168,2.58307,1.98477,2.32078,0.84442,2.24827,1.77896,2.31069,0.89528,2.33414,1.96653,2.34563,1.00335,2.4381,2.00707,2.55108,1.04537,-0.61632
2017-10-19,2.98016,2.39417,2.83062,1.79168,2.54661,1.95675,2.28802,0.8325,2.22031,1.75681,2.28196,0.8842,2.33014,1.96316,2.34161,1.00163,2.4405,2.00821,2.55482,1.04623,-0.45308
2017-10-20,2.98016,2.39417,2.83062,1.79168,2.49226,1.91499,2.23919,0.81473,2.16756,1.71502,2.22775,0.86328,2.33795,1.96974,2.34946,1.00499,2.43693,2.00651,2.54925,1.04496,0.03616
2017-10-23,2.98016,2.31942,2.81816,1.79168,2.41648,1.85677,2.17111,0.78996,2.08555,1.65006,2.14347,0.83077,2.28592,1.9259,2.29718,0.98262,2.43077,2.00357,2.53957,1.04275,1.69682
2017-10-24,2.98016,2.31942,2.81816,1.79168,2.66562,2.0482,2.39495,0.8714,2.45189,1.94026,2.51994,0.97601,2.57763,2.17167,2.59032,1.10802,2.56574,2.06535,2.73192,1.08651,0.32991
2017-10-25,2.98016,2.31942,2.81816,1.79168,2.59621,1.99487,2.33259,0.84871,2.35837,1.86617,2.42384,0.93893,2.42228,2.04078,2.4342,1.04124,2.48193,2.02761,2.61716,1.06041,-0.3439
2017-10-26,2.98016,2.31942,2.81816,1.79168,2.53028,1.94421,2.27335,0.82716,2.27737,1.80201,2.34059,0.90682,2.37939,2.00465,2.39111,1.0228,2.4507,2.01303,2.57055,1.04981,-0.29224
2017-10-27,2.98016,2.31942,2.81816,1.79168,2.46295,1.89247,2.21286,0.80515,2.1992,1.74009,2.26026,0.87583,2.36914,1.99602,2.38081,1.01839,2.43788,2.00696,2.55073,1.0453,-0.27202
2017-10-30,2.98016,2.31942,2.81816,1.79168,2.3966,1.84149,2.15324,0.78346,2.12698,1.68288,2.18605,0.84719,2.34944,1.97942,2.361,1.00992,2.4327,2.0045,2.54262,1.04345,1.40722
2017-10-31,2.98016,2.31942,2.81816,1.79168,2.55165,1.96063,2.29255,0.83414,2.35508,1.86357,2.42045,0.93763,2.39295,2.01607,2.40473,1.02863,2.50333,2.03743,2.64784,1.06739,-0.90787
2017-11-01,2.98016,2.31942,2.81816,1.79168,2.56574,1.97145,2.30521,0.83875,2.38083,1.88396,2.44691,0.94784,2.40341,2.02489,2.41524,1.03313,2.48843,2.03061,2.62659,1.06256,-1.29447
2017-11-02,2.98016,2.31942,2.81816,1.79168,2.66998,2.05155,2.39887,0.87283,2.5235,1.99698,2.59353,1.0044,2.55591,2.15337,2.56849,1.09868,2.52896,2.04903,2.6833,1.07545,0.2896
2017-11-03,2.98016,2.31942,2.81816,1.79168,2.59772,1.99603,2.33395,0.84921,2.41971,1.91477,2.48687,0.96325,2.41518,2.0348,2.42707,1.03818,2.46742,2.02087,2.59578,1.05555,1.38381
2017-11-06,2.98016,2.31942,2.81816,1.79168,2.72368,2.09281,2.44711,0.89038,2.5806,2.04221,2.6522,1.02704,2.62355,2.21036,2.63647,1.12775,2.53153,2.05018,2.68678,1.07624,2.74053
2017-11-07,2.98016,2.31942,2.81816,1.79168,3.34516,2.57034,3.00548,1.09355,3.34824,2.65031,3.44107,1.3314,3.19812,2.69444,3.21387,1.37474,4.37332,3.20318,4.38871,1.53169,0.33253
2017-11-08,2.98016,2.31942,2.81816,1.79168,3.25281,2.49938,2.92251,1.06336,3.1755,2.51347,3.26355,1.26291,2.94942,2.4849,2.96394,1.26783,3.50733,2.47328,3.58742,1.2885,0.56479
2017-11-09,2.98016,2.31942,2.81816,1.79168,3.18198,2.44496,2.85888,1.0402,3.04054,2.40656,3.12486,1.2094,2.89042,2.4352,2.90466,1.24247,2.87743,2.19363,3.06659,1.16314,0.25026
2017-11-10,2.98016,2.31942,2.81816,1.79168,3.09074,2.37485,2.7769,1.01038,2.88832,2.28598,2.96843,1.14905,2.86832,2.41658,2.88244,1.23297,2.58384,2.07326,2.75493,1.09175,-0.38299
2017-11-13,2.98016,2.31942,2.81816,1.79168,3.01029,2.31304,2.70462,0.98408,2.76122,2.18529,2.83782,1.09865,2.7735,2.33669,2.78716,1.19221,2.48969,2.03119,2.6284,1.06297,0.24995
2017-11-14,2.98016,2.31942,2.81816,1.79168,2.92459,2.24719,2.62762,0.95606,2.63309,2.08379,2.70614,1.04785,2.33231,1.96499,2.3438,1.00256,2.45216,2.01372,2.57277,1.05031,-0.7216
2017-11-15,2.98016,2.31942,2.81816,1.79168,2.88659,2.21799,2.59348,0.94364,2.58109,2.04261,2.65271,1.02724,2.37261,1.99894,2.3843,1.01989,2.45101,2.01318,2.57102,1.04991,0.32716
2017-11-16,2.98016,2.31942,2.81816,1.79168,2.80937,2.15865,2.5241,0.91839,2.47715,1.95915,2.54643,0.98609,2.32807,1.96141,2.33953,1.00074,2.43888,2.00744,2.5523,1.04565,-0.65185
2017-11-17,2.98016,2.31942,2.81816,1.79168,2.76723,2.12627,2.48624,0.90462,2.43025,1.92201,2.49823,0.9675,2.37163,1.99811,2.38331,1.01946,2.44209,2.00896,2.55729,1.04679,0.50035
2017-11-20,2.98016,2.31942,2.81816,1.79168,2.709,2.08153,2.43392,0.88558,2.35983,1.86625,2.42585,0.9396,2.36914,1.99602,2.38081,1.0184,2.43925,2.00761,2.55287,1.04578,0.0
2017-11-21,2.98016,2.31942,2.81816,1.79168,2.62647,2.01812,2.35977,0.8586,2.26087,1.78789,2.32413,0.90038,2.35173,1.98135,2.36331,1.01091,2.43158,2.00396,2.54086,1.04305,0.25952
2017-11-22,2.98016,2.31942,2.81816,1.79168,2.55387,1.96234,2.29455,0.83487,2.18076,1.72446,2.24179,0.86863,2.32645,1.96005,2.3379,1.00004,2.43037,2.00338,2.53894,1.04261,0.65794
2017-11-23,2.98016,2.31942,2.81816,1.79168,2.52467,1.9399,2.26831,0.82533,2.16565,1.7125,2.22626,0.86264,2.31224,1.94808,2.32363,0.99394,2.43915,2.00757,2.55271,1.04575,-0.13907
2017-11-24,2.98016,2.31942,2.81816,1.79168,2.44998,1.88251,2.2012,0.80091,2.08857,1.65146,2.14703,0.8321,2.26782,1.91065,2.27899,0.97484,2.43194,2.00413,2.54142,1.04317,0.7932
2017-11-27,2.98016,2.31942,2.81816,1.79168,2.44857,1.88142,2.19994,0.80045,2.11652,1.67359,2.17576,0.84317,2.32647,1.96007,2.33793,1.00005,2.44555,2.0106,2.56263,1.048,-1.97627
2017-11-28,2.98016,2.31942,2.81816,1.79168,2.79796,2.25827,2.53191,0.91467,2.62041,2.07259,2.69368,1.04286,2.74285,2.31087,2.75635,1.17904,2.71144,2.12704,2.90271,1.12545,-0.24301
2017-11-29,2.98016,2.31942,2.81816,1.79168,2.71883,2.1944,2.46031,0.8888,2.507,1.98278,2.57711,0.99792,2.6152,2.20333,2.62808,1.12417,2.52875,2.04893,2.68301,1.07539,0.87921
2017-11-30,2.98016,2.21292,2.77161,1.79168,2.71708,2.19299,2.45872,0.88822,2.50012,1.97733,2.57004,0.99519,2.63724,2.22189,2.65022,1.13364,2.50063,2.0362,2.64403,1.06652,0.21337
2017-12-01,2.98016,2.21292,2.77161,1.79168,2.63915,2.1301,2.38821,0.86275,2.39432,1.89356,2.4613,0.95327,2.6003,2.19077,2.6131,1.11776,2.45558,2.01533,2.57799,1.0515,-1.37911
2017-12-04,2.98016,2.21292,2.77161,1.79168,2.75954,2.22726,2.49715,0.90211,2.56458,2.02838,2.63629,1.02074,2.73746,2.30633,2.75094,1.17672,2.51644,2.04338,2.66614,1.07155,0.30433
2017-12-05,2.98016,2.21292,2.77161,1.79168,2.68517,2.16724,2.42985,0.87779,2.45922,1.94495,2.528,0.97898,2.45517,2.0685,2.46726,1.05537,2.46316,2.01889,2.58943,1.0541,-0.27298
2017-12-06,2.98016,2.21292,2.77161,1.79168,2.6114,2.10769,2.36309,0.85368,2.36294,1.86872,2.42905,0.94083,2.4202,2.03904,2.43212,1.04034,2.44231,2.00907,2.55764,1.04687,-1.14876
2017-12-07,2.98016,2.21292,2.77161,1.79168,2.67416,2.15835,2.41989,0.87419,2.45865,1.9445,2.52742,0.97876,2.37983,2.00502,2.39155,1.02299,2.47541,2.02459,2.60762,1.05824,0.15106
2017-12-08,2.98016,2.21292,2.77161,1.79168,2.59517,2.09459,2.3484,0.84837,2.35356,1.86129,2.4194,0.93711,2.32794,1.96131,2.3394,1.00068,2.44559,2.01062,2.5627,1.04802,-0.28892
2017-12-11,2.98016,2.21292,2.77161,1.79168,2.5254,2.03829,2.28527,0.82557,2.26877,1.79415,2.33225,0.90351,2.20479,1.85755,2.21565,0.94775,2.43588,2.00601,2.54761,1.04458,0.18445
2017-12-12,2.98016,2.21292,2.77161,1.79168,2.45237,1.97934,2.21918,0.80169,2.18294,1.72618,2.24403,0.86949,2.1982,1.852,2.20902,0.94491,2.4312,2.00378,2.54025,1.04291,0.16285
2017-12-13,2.98016,2.21292,2.77161,1.79168,2.38079,1.92157,2.15441,0.77829,2.10425,1.66388,2.16315,0.83831,2.19205,1.84682,2.20284,0.94227,2.42925,2.00285,2.53718,1.04221,0.03637
2017-12-14,2.98016,2.21292,2.77161,1.79168,2.30842,1.86316,2.08892,0.75463,2.02952,1.60471,2.08634,0.8087,2.09724,1.76694,2.10757,0.90152,2.42791,2.00221,2.53505,1.04172,-1.22925
2017-12-15,2.98016,2.21292,2.77161,1.79168,2.42022,1.95339,2.19009,0.79118,2.21293,1.74968,2.27516,0.88039,2.27554,1.91716,2.28674,0.97816,2.42627,1.9819,2.55889,1.03716,-0.61736
2017-12-18,2.98016,2.21292,2.77161,1.79168,2.39165,1.93033,2.16424,0.78184,2.18993,1.73148,2.25151,0.87128,2.25691,1.90146,2.26802,0.97015,2.40736,1.97311,2.5309,1.03079,0.70222
2017-12-19,2.98016,2.21292,2.77161,1.79168,2.37774,1.91911,2.15165,0.77729,2.1833,1.72623,2.2447,0.86865,2.29301,1.93188,2.3043,0.98567,2.40381,1.97145,2.52554,1.02957,0.94367
2017-12-20,2.94486,2.13605,2.56837,1.79168,2.41131,1.85279,2.1443,0.78827,2.23804,1.76956,2.30097,0.89034,2.37654,2.00225,2.38824,1.02157,2.41772,1.97794,2.54633,1.0343,-0.04137
2017-12-21,2.94486,2.13605,2.56837,1.79168,2.33806,1.79651,2.07915,0.76432,2.15119,1.70082,2.21169,0.85593,2.34333,1.97427,2.35487,1.0073,2.39153,1.96567,2.5068,1.0253,-0.60159
2017-12-22,2.94486,2.13605,2.56837,1.79168,2.31121,1.77588,2.05529,0.75555,2.13256,1.68607,2.19254,0.84855,2.28838,1.92798,2.29965,0.98368,2.39162,1.96571,2.50693,1.02533,-0.16023
2017-12-26,2.94486,2.13605,2.56837,1.79168,2.24402,1.72425,1.99553,0.73358,2.06008,1.62869,2.11802,0.81984,2.24327,1.88997,2.25432,0.96429,2.38253,1.9614,2.49282,1.02212,1.59116
2017-12-27,2.81679,2.01831,2.40806,1.79168,2.48092,1.90628,2.2062,0.81102,2.37943,1.88148,2.44632,0.94635,2.51464,2.1186,2.52703,1.08094,2.50001,2.01516,2.66053,1.06028,0.29757
2017-12-28,2.81679,2.01831,2.40806,1.79168,2.41565,1.85613,2.14816,0.78969,2.29151,1.81188,2.35594,0.91152,2.36642,1.99373,2.37807,1.01723,2.42486,1.98125,2.55683,1.03669,1.75309
2017-12-29,2.81679,2.01831,2.40806,1.79168,2.68529,2.06331,2.38794,0.87783,2.62793,2.07818,2.70178,1.04479,2.64071,2.22482,2.65372,1.13513,2.62936,2.07027,2.81514,1.09552,6.60485
2018-01-02,2.81679,2.01831,2.40806,1.79168,5.59203,4.29679,4.97281,1.82806,5.99445,4.74296,6.16256,2.37844,5.58826,4.70815,5.61578,2.40216,5.67645,4.75635,5.70466,2.43885,17.23196
2018-01-03,2.81679,2.01831,2.40806,1.79168,14.00398,10.76033,12.45327,4.57796,15.2984,12.10752,15.72704,6.06421,13.89307,11.705,13.96148,5.97205,5.67645,4.75635,5.70466,2.43885,0.57689
2018-01-04,2.81679,2.01831,2.40806,1.79168,13.58424,10.43782,12.08001,4.44075,14.29523,11.31346,14.69578,5.66681,11.83136,9.968,11.88962,5.08581,5.57307,4.63804,5.60049,2.33046,-6.39416
2018-01-05,2.94486,2.13605,3.13737,1.79168,14.0148,10.76865,12.4629,4.5815,14.36213,11.36642,14.76455,5.69331,12.76974,10.7586,12.83262,5.48918,5.67645,4.75635,5.70466,2.43885,-0.13339
2018-01-08,2.94486,2.13605,3.13737,1.79168,13.58822,10.44088,12.08355,4.44205,13.4148,10.61655,13.79069,5.31802,12.44669,10.48642,12.50798,5.35031,5.55751,4.6202,5.58481,2.31486,-9.43998
2018-01-09,6.39416,2.21292,4.35469,1.79168,14.95306,11.48958,13.29725,4.88822,14.76435,11.6848,15.17804,5.85265,13.88083,11.6947,13.94918,5.96679,5.67645,4.75635,5.70466,2.43885,1.09085
2018-01-10,6.39416,2.21292,4.35469,1.79168,14.52055,11.15726,12.91264,4.74683,13.81835,10.93598,14.20554,5.47789,9.38959,7.91079,9.43582,4.03619,5.60544,4.67514,5.63311,2.3635,2.24588
2018-01-11,6.39416,2.21292,4.35469,1.79168,14.17842,10.89437,12.60839,4.63499,13.03873,10.31888,13.4041,5.16904,9.52536,8.02518,9.57226,4.09455,5.6444,4.71972,5.67237,2.40435,-0.03909
2018-01-12,6.39416,2.21292,4.35469,1.79168,13.74652,10.56251,12.22432,4.4938,12.18015,9.63926,12.52147,4.82891,8.80541,7.41862,8.84877,3.78508,5.48177,4.53318,5.50846,2.24149,7.69735
2018-01-15,6.39416,2.21292,4.35469,1.79168,14.52219,11.15852,12.9141,4.74737,13.03242,10.31388,13.39761,5.16654,10.55283,8.89083,10.60479,4.53622,5.67645,4.75635,5.70466,2.43885,-0.24052
2018-01-16,6.39416,2.21292,4.35469,1.79168,14.08094,10.81947,12.52171,4.60312,12.17594,9.63593,12.51715,4.82725,8.6092,7.25331,8.65159,3.70073,5.55944,4.62241,5.58675,2.31678,8.63283
2018-01-17,6.39416,2.21292,4.35469,1.79168,15.10692,11.60781,13.43408,4.93852,13.76412,10.81193,14.1988,5.4151,10.73553,9.04475,10.78839,4.61476,5.67645,4.75635,5.70466,2.43885,-6.89729
2018-01-18,6.89729,2.31942,5.13542,1.79168,15.53175,11.93424,13.81187,5.0774,14.13037,11.09968,14.57661,5.55908,11.55707,9.73691,11.61398,4.9679,5.67645,4.75635,5.70466,2.43885,-0.07349
2018-01-19,6.89729,2.31942,5.13542,1.79168,15.05869,11.57075,13.39119,4.92275,13.14547,10.32586,13.56062,5.1719,11.54491,9.72666,11.60175,4.96267,5.55693,4.61953,5.58422,2.31428,-4.71421
2018-01-22,6.89729,2.81679,5.53455,1.79168,15.02118,11.54193,13.35784,4.91049,12.89521,10.12924,13.30247,5.07353,11.13787,9.38373,11.19271,4.78771,5.67643,4.75632,5.70464,2.43883,-0.60311
2018-01-23,6.89729,2.81679,5.53455,1.79168,14.57059,11.1957,12.95714,4.76319,12.00996,9.43371,12.38928,4.72552,11.13466,9.38103,11.18949,4.78633,5.57352,4.63856,5.60095,2.33091,2.20096
2018-01-24,6.89729,2.81679,5.53455,1.79168,14.22265,10.92835,12.64772,4.64944,11.33561,8.90388,11.69365,4.46042,10.12412,8.52964,10.17397,4.35194,5.6316,4.70507,5.65947,2.39079,2.34408
2018-01-25,6.89729,2.81679,5.53455,1.79168,13.90078,10.68104,12.3615,4.54422,10.74142,8.43704,11.08072,4.22684,9.4739,7.98183,9.52055,4.07244,5.65618,4.73319,5.68424,2.41693,-0.47168
2018-01-26,6.89729,2.81679,5.53455,1.79168,13.48194,10.35921,11.98904,4.4073,10.00736,7.8603,10.32349,3.93827,9.47724,7.98464,9.52391,4.07387,5.52333,4.58096,5.55036,2.28123,1.12948
2018-01-29,6.89729,2.81679,5.53455,1.79168,13.09859,10.06466,11.64814,4.28199,9.36748,7.35756,9.66342,3.68673,9.11392,7.67854,9.1588,3.9177,5.40004,4.43897,5.42601,2.16686,0.3129
2018-01-30,6.89729,2.81679,5.53455,1.79168,12.70172,9.75971,11.29522,4.15225,8.7276,6.85482,9.00335,3.43518,9.10904,7.67443,9.15389,3.9156,5.0084,3.98318,5.03039,1.86674,-0.58395
2018-01-31,6.89729,2.81679,5.53455,1.79168,12.32255,9.46836,10.95803,4.02829,8.14639,6.39817,8.4038,3.2067,9.01416,7.5945,9.05855,3.87481,4.45829,3.33685,4.47402,1.57105,-1.66632
2018-02-01,6.89729,2.81679,5.53455,1.79168,12.01222,9.22991,10.68206,3.92685,7.72844,6.06979,7.97266,3.0424,8.71607,7.34335,8.75899,3.74668,4.64944,3.56056,4.66714,1.66004,-1.54975
2018-02-02,6.89729,2.81679,5.53455,1.79168,11.70403,8.9931,10.408,3.8261,7.329,5.75596,7.56061,2.88537,6.68241,5.62998,6.71531,2.87249,4.70545,3.62655,4.72382,1.68868,-1.12496
2018-02-05,6.89729,2.81679,5.53455,1.79168,11.37874,8.74316,10.11873,3.71976,6.90374,5.42184,7.12193,2.7182,6.68932,5.6358,6.72226,2.87546,4.3957,3.26467,4.411,1.54464,-1.61205
2018-02-06,6.89729,2.81679,5.53455,1.79168,11.09803,8.52747,9.86911,3.62799,6.59065,5.17585,6.79896,2.59512,6.43308,5.41991,6.46475,2.76531,4.53886,3.43071,4.55534,1.60698,-1.07536
2018-02-07,6.89729,2.81679,5.53455,1.79168,10.79007,8.29084,9.59524,3.52732,6.22092,4.88536,6.41757,2.44977,6.4621,5.44436,6.49392,2.77779,4.1674,3.01124,4.18312,1.45834,-0.94924
2018-02-08,6.89729,2.81679,5.53455,1.79168,10.48551,8.05682,9.32441,3.42776,5.8664,4.60682,6.05186,2.3104,5.6196,4.73455,5.64727,2.41563,3.65142,2.55409,3.69741,1.30989,0.07017
2018-02-09,6.89729,2.81679,5.53455,1.79168,10.16621,7.81148,9.04047,3.32338,5.47964,4.30294,5.65289,2.15836,5.53974,4.66727,5.56702,2.38131,2.85565,2.1609,3.03709,1.14661,-1.96818
2018-02-12,6.89729,2.81679,5.53455,1.79168,9.96623,7.65782,8.86263,3.258,5.39986,4.24026,5.57059,2.127,5.6041,4.72149,5.63169,2.40897,3.65306,2.55522,3.69885,1.31028,-0.05342
2018-02-13,6.89729,2.81679,5.53455,1.79168,9.6627,7.42459,8.59271,3.15878,5.04836,3.96409,5.208,1.98882,5.52862,4.6579,5.55584,2.37652,2.85545,2.16082,3.03691,1.14657,-0.15513
2018-02-14,6.89729,2.81679,5.53455,1.79168,9.36905,7.19897,8.33159,3.06278,4.72552,3.71045,4.87498,1.86191,4.87573,4.10784,4.89974,2.09587,2.53749,2.03151,2.70813,1.07111,0.5288
2018-02-15,6.89729,2.81679,5.53455,1.79168,9.09227,6.98629,8.08545,2.9723,4.00914,3.14531,4.13754,1.57855,4.03622,3.40054,4.05609,1.735,2.44916,1.99239,2.59166,1.04461,0.01848
2018-02-16,6.89729,2.81679,5.53455,1.79168,8.8153,6.77347,7.83915,2.88176,3.74031,2.93426,3.86012,1.47295,3.46937,2.92297,3.48646,1.49134,2.40282,1.97099,2.52405,1.02923,-0.23926
2018-02-19,6.89729,2.81679,5.53455,1.79168,8.54863,6.56857,7.60201,2.79458,3.50337,2.74826,3.61562,1.37989,2.80954,2.36706,2.82338,1.20771,2.38754,1.96378,2.50063,1.02389,-0.25272
2018-02-20,6.89729,2.81679,5.53455,1.79168,8.29036,6.37012,7.37234,2.71016,3.28999,2.58074,3.39541,1.29607,2.81431,2.37108,2.82817,1.20976,2.38192,1.96111,2.49187,1.0219,1.3249
2018-02-21,6.89729,2.81679,5.53455,1.79168,8.09888,6.22299,7.20206,2.64756,3.30713,2.5942,3.41311,1.3028,2.74063,2.309,2.75413,1.17808,2.44503,1.99051,2.58583,1.04329,0.18752
2018-02-22,6.89729,2.81679,5.53455,1.79168,7.85341,6.03438,6.98378,2.56731,3.10819,2.43802,3.20781,1.22466,2.70176,2.27625,2.71506,1.16137,2.40267,1.97091,2.52382,1.02918,0.29656
2018-02-23,6.89729,2.81679,5.53455,1.79168,7.61741,5.85304,6.77391,2.49016,2.93593,2.30279,3.03005,1.157,2.65808,2.23945,2.67117,1.1426,2.3886,1.96428,2.50228,1.02427,-0.37047
2018-02-26,6.89729,2.31942,5.43031,1.79168,7.39057,5.27138,6.39692,2.41601,2.79055,2.18865,2.88002,1.09989,2.60653,2.19602,2.61936,1.12044,2.38418,1.96219,2.49541,1.0227,0.07899
2018-02-27,6.89729,2.31942,5.43031,1.79168,7.16567,5.11097,6.20226,2.34249,2.63979,2.0703,2.72445,1.04068,2.59851,2.18926,2.6113,1.11699,2.37937,1.9599,2.48787,1.02099,-0.64176
2018-02-28,6.89729,2.31942,5.43031,1.79168,6.96399,4.96712,6.0277,2.27656,2.57159,2.01676,2.65406,1.01388,2.49359,2.10087,2.50587,1.07189,2.38765,1.96383,2.5008,1.02393,0.03464
2018-03-01,6.89729,2.31942,5.43031,1.79168,6.75189,4.81584,5.84411,2.20722,2.4433,1.91604,2.52167,0.96349,2.4851,2.09371,2.49733,1.06824,2.38052,1.96044,2.48967,1.0214,0.42762
2018-03-02,6.89729,2.31942,5.43031,1.79168,6.55404,4.67472,5.67286,2.14254,2.35897,1.84985,2.43465,0.93037,2.49264,2.10007,2.50491,1.07148,2.38248,1.96138,2.49274,1.0221,0.16051
2018-03-05,6.89729,2.31942,5.43031,1.79168,6.35551,4.53312,5.50103,2.07764,2.25804,1.77061,2.3305,0.89073,2.45061,2.06466,2.46268,1.05342,2.37924,1.95983,2.48766,1.02094,0.75182
2018-03-06,6.89729,2.31942,5.43031,1.79168,6.1876,4.41335,5.35569,2.02275,2.26491,1.776,2.33758,0.89342,2.47876,2.08837,2.49096,1.06551,2.39276,1.96625,2.5087,1.02573,0.08181
2018-03-07,6.89729,2.31942,5.43031,1.79168,5.99941,4.27913,5.1928,1.96123,2.1716,1.70275,2.24129,0.85677,2.42625,2.04413,2.43819,1.04294,2.38257,1.96142,2.49289,1.02213,-0.01253
2018-03-08,6.89729,2.31942,5.43031,1.79168,5.81665,4.14877,5.03462,1.90149,2.08831,1.63736,2.15534,0.82405,2.39545,2.01818,2.40725,1.0297,2.37859,1.95952,2.48664,1.02071,-0.31714
2018-03-09,6.89729,2.31942,5.43031,1.79168,5.64446,4.02595,4.88557,1.8452,2.03616,1.59642,2.10152,0.80357,2.37757,2.00312,2.38928,1.02202,2.37935,1.95989,2.48784,1.02098,0.25135
2018-03-12,6.89729,2.31942,5.43031,1.79168,5.47574,3.90562,4.73954,1.79004,1.98106,1.55316,2.04466,0.78193,2.37007,1.9968,2.38174,1.01879,2.37898,1.95971,2.48726,1.02085,0.35871
2018-03-13,6.89729,2.31942,5.43031,1.79168,5.31573,3.79149,4.60104,1.73774,1.94629,1.52587,2.00878,0.76827,2.33725,1.96915,2.34876,1.00469,2.38047,1.96042,2.4896,1.02138,-0.58991
2018-03-14,6.89729,2.31942,5.43031,1.79168,5.17271,3.68948,4.47725,1.69098,1.96566,1.54108,2.02877,0.77588,2.32473,1.9586,2.33617,0.9993,2.38639,1.96323,2.49884,1.02349,-0.23954
2018-03-15,6.89729,2.31942,5.43031,1.79168,5.01834,3.57937,4.34364,1.64052,1.9205,1.50562,1.98217,0.75814,2.32641,1.96002,2.33786,1.00003,2.38132,1.96083,2.49094,1.02169,0.29107
2018-03-16,6.89729,2.31942,5.43031,1.79168,4.87035,3.47381,4.21554,1.59214,1.8347,1.43706,1.89432,0.72418,2.3159,1.95116,2.3273,0.99551,2.38028,1.96033,2.4893,1.02131,-0.21351
2018-03-19,6.89729,2.31942,5.43031,1.79168,4.72469,3.36992,4.08946,1.54452,1.80312,1.41228,1.86171,0.71178,2.31109,1.94711,2.32247,0.99344,2.37873,1.95959,2.48686,1.02076,-0.27887
2018-03-20,6.89729,2.31942,5.43031,1.79168,4.58552,3.27066,3.96901,1.49903,1.78513,1.39817,1.84314,0.70472,2.30827,1.94473,2.31963,0.99223,2.37888,1.95966,2.48709,1.02081,1.50027
2018-03-21,6.89729,2.31942,5.43031,1.79168,4.58575,3.27082,3.9692,1.4991,2.25435,1.76626,2.32753,0.88889,2.5103,2.11494,2.52266,1.07907,2.47355,2.0034,2.62535,1.05228,0.82736
2018-03-22,6.89729,2.31942,5.43031,1.79168,4.48906,3.20186,3.88551,1.46749,2.28805,1.7927,2.36232,0.90212,2.54629,2.14526,2.55882,1.09454,2.44451,1.99027,2.5851,1.04312,-2.05221
2018-03-23,6.89729,2.31942,5.43031,1.79168,4.61596,3.29237,3.99536,1.50898,2.93891,2.30328,3.0342,1.15759,2.89748,2.44115,2.91175,1.24551,2.92051,2.18656,3.09363,1.15979,0.80643
2018-03-26,6.89729,2.31942,5.43031,1.79168,4.51595,3.22104,3.90879,1.47628,2.85436,2.23695,2.94693,1.12441,2.90728,2.4494,2.92159,1.24972,2.64754,2.07776,2.83491,1.10004,0.32861
2018-03-27,6.89729,2.31942,5.43031,1.79168,4.3853,3.12785,3.7957,1.43357,2.6936,2.11085,2.78098,1.06131,2.90401,2.44664,2.91831,1.24831,2.47783,2.00532,2.63114,1.05359,-0.43355
2018-03-28,6.89729,2.31942,5.43031,1.79168,4.26409,3.0414,3.6908,1.39395,2.56995,2.01385,2.65333,1.01277,2.76721,2.3314,2.78084,1.18951,2.42055,1.97925,2.55051,1.03525,-0.13099
2018-03-29,6.89729,2.31942,5.43031,1.79168,4.13536,2.94958,3.57937,1.35187,2.42988,1.90396,2.50873,0.95779,2.71932,2.29105,2.73271,1.16892,2.39298,1.96636,2.50904,1.02581,1.7265
2018-04-02,6.89729,2.31942,5.43031,1.79168,4.21292,3.0049,3.6465,1.37722,2.82775,2.21608,2.91946,1.11396,2.69178,2.26784,2.70504,1.15708,2.56098,2.04159,2.73673,1.07763,-1.93661
2018-04-03,6.89729,2.31942,5.43031,1.79168,4.33468,3.09175,3.75189,1.41703,3.24052,2.53989,3.34557,1.27598,2.94621,2.4822,2.96072,1.26645,3.07782,2.25044,3.22399,1.19055,0.28549
2018-04-04,6.89729,2.31942,5.43031,1.79168,4.20807,3.00144,3.6423,1.37564,3.02988,2.37465,3.12812,1.1933,2.90697,2.44914,2.92128,1.24958,2.61901,2.06599,2.8037,1.09291,1.57754
2018-04-05,6.89729,2.31942,5.43031,1.79168,4.24766,3.02968,3.67657,1.38858,3.20347,2.51082,3.30731,1.26143,3.09902,2.61095,3.11428,1.33214,2.80292,2.14008,2.9893,1.13553,-0.04721
2018-04-06,6.89729,2.31942,5.43031,1.79168,4.11841,2.93749,3.5647,1.34633,2.98603,2.34024,3.08285,1.17609,3.06943,2.58602,3.08455,1.31942,2.51901,2.02349,2.68497,1.06584,-1.16927
2018-04-09,6.89729,2.31942,5.43031,1.79168,4.08794,2.91575,3.53833,1.33636,3.01174,2.36042,3.10939,1.18618,2.99422,2.52265,3.00896,1.28709,2.51905,2.02351,2.68502,1.06585,0.20592
2018-04-10,6.89729,2.31942,5.43031,1.79168,3.96641,2.82907,3.43313,1.29664,2.82171,2.21134,2.91322,1.11159,2.73541,2.3046,2.74888,1.17584,2.42938,1.98333,2.5634,1.03818,0.73115
2018-04-11,6.89729,2.31942,5.43031,1.79168,3.8844,2.77058,3.36215,1.26983,2.73573,2.14389,2.82446,1.07784,2.77629,2.33904,2.78996,1.19341,2.41575,1.97703,2.54342,1.03364,-0.07641
2018-04-12,6.89729,2.31942,5.43031,1.79168,3.7665,2.68649,3.2601,1.23129,2.57312,2.01633,2.6566,1.01402,2.5944,2.1858,2.60718,1.11523,2.39092,1.96538,2.50586,1.02509,0.82386
2018-04-13,6.89729,2.31942,5.43031,1.79168,3.70357,2.6416,3.20563,1.21071,2.55028,1.99841,2.63302,1.00505,2.65673,2.23831,2.66981,1.14202,2.40242,1.97079,2.52343,1.02909,0.14331
2018-04-16,6.89729,2.31942,5.43031,1.79168,3.59235,2.56227,3.10937,1.17435,2.41224,1.89012,2.49052,0.95087,2.54753,2.14631,2.56008,1.09508,2.38654,1.96331,2.49908,1.02354,0.08647
2018-04-17,6.89729,2.31942,5.43031,1.79168,3.48351,2.48464,3.01516,1.13878,2.29198,1.79515,2.36664,0.90399,2.54046,2.14035,2.55297,1.09204,2.38028,1.96033,2.4893,1.02131,-0.02541
2018-04-18,6.89729,2.31942,5.43031,1.79168,3.37745,2.40899,2.92336,1.1041,2.18493,1.71119,2.25613,0.86198,2.49921,2.1056,2.51152,1.07431,2.37774,1.95912,2.48531,1.02041,0.84245
2018-04-19,6.89729,2.31942,5.43031,1.79168,3.33484,2.3786,2.88648,1.09018,2.23723,1.75221,2.31012,0.8825,2.56756,2.16319,2.5802,1.10369,2.3966,1.96806,2.51458,1.02707,-0.92064
2018-04-20,6.89729,2.31942,5.43031,1.79168,3.30602,2.35805,2.86154,1.08075,2.31499,1.81319,2.3904,0.91302,2.59002,2.18211,2.60277,1.11334,2.41063,1.97464,2.5358,1.0319,-0.13103
2018-04-23,6.89729,2.31942,5.43031,1.79168,3.20681,2.28728,2.77566,1.04832,2.20882,1.72992,2.28078,0.87135,2.55571,2.1532,2.56829,1.09859,2.38935,1.96464,2.50344,1.02453,-0.44932
2018-04-24,6.89729,2.31942,5.43031,1.79168,3.12729,2.23057,2.70684,1.02233,2.15793,1.69001,2.22824,0.85138,2.56687,2.16261,2.57951,1.10339,2.38618,1.96314,2.49852,1.02342,-0.31581
2018-04-25,6.89729,2.31942,5.43031,1.79168,3.04124,2.16919,2.63236,0.9942,2.09214,1.63841,2.16033,0.82556,2.52727,2.12924,2.53971,1.08637,2.38229,1.96129,2.49244,1.02203,1.11265
2018-04-26,6.89729,2.31942,5.43031,1.79168,3.06419,2.18556,2.65222,1.0017,2.26989,1.77782,2.34383,0.89532,2.58601,2.17873,2.59875,1.11162,2.41942,1.97873,2.54884,1.03487,-0.40973
2018-04-27,6.89729,2.31942,5.43031,1.79168,2.98667,2.13026,2.58512,0.97635,2.2025,1.72497,2.27426,0.86887,2.52395,2.12645,2.53638,1.08494,2.39718,1.96833,2.51547,1.02727,0.05753
2018-04-30,6.89729,2.31942,5.43031,1.79168,2.896,2.0656,2.50664,0.94672,2.10763,1.65056,2.17632,0.83164,2.51893,2.12221,2.53133,1.08278,2.3841,1.96215,2.49528,1.02268,-0.48602
2018-05-01,6.89729,2.31942,5.43031,1.79168,2.8313,2.01944,2.45064,0.92556,2.08027,1.6291,2.14807,0.8209,2.52667,2.12874,2.53911,1.08611,2.38495,1.96255,2.4966,1.02298,-0.58114
2018-05-02,6.89729,2.31942,5.43031,1.79168,2.77937,1.98241,2.40569,0.90859,2.08019,1.62903,2.14798,0.82087,2.51601,2.11976,2.5284,1.08153,2.38805,1.96402,2.50143,1.02408,1.22115
2018-05-03,6.89729,2.31942,5.43031,1.79168,2.84581,2.0298,2.4632,0.93031,2.31074,1.80986,2.38601,0.91135,2.52301,2.12565,2.53543,1.08454,2.43574,1.98626,2.57259,1.04027,0.11112
2018-05-04,6.89729,2.31942,5.43031,1.79168,2.76037,1.96886,2.38925,0.90238,2.20298,1.72534,2.27475,0.86906,2.49324,2.10057,2.50551,1.07174,2.39848,1.96895,2.51745,1.02773,0.4779
2018-05-07,6.89729,2.31942,5.43031,1.79168,2.70013,1.92589,2.3371,0.88268,2.15406,1.68697,2.22425,0.84986,2.48717,2.09546,2.49941,1.06913,2.39112,1.96547,2.50617,1.02516,0.64787
2018-05-08,6.89729,2.31942,5.43031,1.79168,2.6625,1.89905,2.30453,0.87038,2.15276,1.68595,2.22291,0.84935,2.50809,2.11309,2.52044,1.07812,2.39384,1.96676,2.51036,1.02611,-0.87897
2018-05-09,6.89729,2.31942,5.43031,1.79168,2.66408,1.90018,2.3059,0.8709,2.23232,1.74836,2.30505,0.88058,2.5382,2.13845,2.5507,1.09107,2.4063,1.97262,2.5293,1.03042,0.35242
2018-05-10,6.89729,2.31942,5.43031,1.79168,2.59639,1.85189,2.24731,0.84877,2.15762,1.68977,2.22793,0.85126,2.427,2.04476,2.43895,1.04327,2.39109,1.96546,2.50612,1.02515,0.41648
2018-05-11,6.89729,2.31942,5.43031,1.79168,2.53656,1.80922,2.19553,0.82921,2.10421,1.64787,2.17278,0.8303,2.43595,2.0523,2.44795,1.04711,2.38651,1.96329,2.49903,1.02353,-0.66835
2018-05-14,6.89729,2.31942,5.43031,1.79168,2.50976,1.79011,2.17233,0.82045,2.12393,1.66334,2.19314,0.83804,2.46124,2.07361,2.47336,1.05798,2.39189,1.96584,2.50735,1.02543,0.78602
2018-05-15,6.89729,2.31942,5.43031,1.79168,2.50357,1.78569,2.16697,0.81843,2.16916,1.69882,2.23985,0.85579,2.47779,2.08756,2.48999,1.0651,2.40076,1.97002,2.52093,1.02852,-0.10192
2018-05-16,6.89729,2.21292,5.32966,1.79168,1.96945,1.68712,1.94055,0.79389,2.07024,1.62179,2.1373,0.81756,2.40302,2.02456,2.41486,1.03296,2.38554,1.96283,2.49753,1.02319,0.47728
2018-05-17,6.89729,2.21292,5.32966,1.79168,1.93135,1.65448,1.90301,0.77853,2.04015,1.59818,2.10623,0.80574,2.41642,2.03585,2.42832,1.03872,2.38575,1.96293,2.49785,1.02326,-1.45669
2018-05-18,6.89729,2.21292,5.32966,1.79168,2.07119,1.77428,2.0408,0.8349,2.41297,1.89072,2.49107,0.95211,2.60968,2.19868,2.62253,1.12179,2.46861,2.00118,2.61863,1.05075,0.36587
2018-05-21,6.89729,2.21292,5.32966,1.79168,2.02036,1.73074,1.99072,0.81441,2.31322,1.81245,2.3881,0.91295,2.55787,2.15502,2.57046,1.09952,2.41531,1.97682,2.54276,1.03349,0.91759
2018-05-22,6.89729,2.21292,5.32966,1.79168,2.03663,1.74467,2.00674,0.82097,2.36468,1.85282,2.44122,0.93315,2.58241,2.1757,2.59513,1.11007,2.42202,1.97993,2.55267,1.03574,-0.87166
2018-05-23,6.89729,2.21292,5.32966,1.79168,2.04439,1.75132,2.01439,0.8241,2.39915,1.87987,2.4768,0.94669,2.64403,2.22761,2.65705,1.13656,2.42063,1.97929,2.55062,1.03527,1.54888
2018-05-24,6.89729,2.21292,5.32966,1.79168,2.19422,1.87967,2.16203,0.88449,2.70698,2.12141,2.79454,1.06754,2.83483,2.38836,2.84878,1.21857,2.53629,2.03099,2.70664,1.07077,-0.90479
2018-05-25,6.89729,2.21292,5.32966,1.79168,2.19727,1.88229,2.16503,0.88572,2.69204,2.10969,2.77913,1.06168,2.73677,2.30575,2.75024,1.17642,2.48301,2.00762,2.63808,1.05517,-1.28479
2018-05-29,6.89729,2.21292,5.32966,1.79168,2.26889,1.94364,2.2356,0.91459,2.8187,2.20907,2.90986,1.1114,2.85272,2.40343,2.86677,1.22626,2.51912,2.02354,2.68511,1.06587,-0.48961
2018-05-30,6.89729,2.21292,5.32966,1.79168,2.2198,1.90158,2.18723,0.8948,2.6875,2.10612,2.77443,1.05989,2.79838,2.35766,2.81216,1.20291,2.43884,1.98768,2.57703,1.04128,0.52679
2018-05-31,6.89729,2.21292,5.32966,1.79168,2.17585,1.86394,2.14392,0.87709,2.57617,2.01877,2.65952,1.01618,2.76869,2.33264,2.78232,1.19014,2.40945,1.97409,2.53403,1.0315,-0.13596
2018-06-01,6.89729,2.21292,5.32966,1.79168,2.11118,1.80854,2.0802,0.85102,2.43538,1.9083,2.51419,0.96091,2.59502,2.18632,2.6078,1.11549,2.38895,1.96445,2.50282,1.02439,-0.50391
2018-06-04,6.89729,2.21292,5.32966,1.79168,2.06964,1.77295,2.03928,0.83428,2.35991,1.84908,2.4363,0.93128,2.55513,2.15272,2.56771,1.09834,2.38743,1.96373,2.50047,1.02386,-0.59058
2018-06-05,6.89729,2.21292,5.32966,1.79168,2.03843,1.74622,2.00852,0.8217,2.31468,1.81359,2.38961,0.91353,2.44435,2.05938,2.45638,1.05072,2.38945,1.96468,2.50358,1.02457,0.74934
2018-06-06,6.89729,2.13605,5.2991,1.79168,2.01846,1.52967,1.91528,0.81753,2.31221,1.81165,2.38706,0.91255,2.47805,2.08777,2.49025,1.06521,2.39764,1.96855,2.51618,1.02743,-0.68979
2018-06-07,6.89729,2.13605,5.2991,1.79168,2.00094,1.51639,1.89865,0.81044,2.30019,1.80222,2.37465,0.90783,2.49501,2.10207,2.5073,1.0725,2.3979,1.96867,2.51657,1.02752,1.37615
2018-06-08,6.89729,2.13605,5.2991,1.79168,2.11097,1.59977,2.00306,0.855,2.54702,1.99589,2.62943,1.00474,2.66533,2.24556,2.67845,1.14571,2.46836,2.00107,2.61829,1.05067,-1.01475
2018-06-11,6.89729,2.13605,5.2991,1.79168,2.13668,1.61926,2.02746,0.86542,2.59724,2.0353,2.68127,1.02446,2.71343,2.28608,2.72679,1.16639,2.46061,1.99758,2.60763,1.04824,1.20048
2018-06-12,6.89729,2.13605,5.2991,1.79168,2.19513,1.66356,2.08291,0.88909,2.69897,2.11512,2.78627,1.06439,2.80651,2.36451,2.82033,1.2064,2.48738,2.00957,2.64391,1.0565,-0.04873
2018-06-13,6.89729,2.13605,5.2991,1.79168,2.12846,1.61303,2.01965,0.86209,2.53979,1.99022,2.62197,1.0019,2.75143,2.3181,2.76498,1.18273,2.41632,1.97729,2.54425,1.03383,0.11818
2018-06-14,6.89729,2.13605,5.2991,1.79168,2.06486,1.56483,1.9593,0.83633,2.40152,1.88173,2.47925,0.94762,2.71497,2.28738,2.72834,1.16705,2.39147,1.96564,2.5067,1.02528,0.39391
2018-06-15,6.89729,2.13605,5.2991,1.79168,2.01608,1.52786,1.91302,0.81657,2.30594,1.80832,2.37963,0.91072,2.58199,2.17535,2.59471,1.10989,2.45232,2.01502,2.60098,1.06169,-0.2495
2018-06-18,6.89729,2.13605,5.2991,1.79168,1.96047,1.48572,1.86026,0.79405,2.20968,1.73273,2.28031,0.8729,2.50937,2.11416,2.52172,1.07867,2.44925,2.01363,2.59556,1.06045,-0.54545
2018-06-19,6.89729,2.13605,5.2991,1.79168,1.92916,1.462,1.83054,0.78137,2.17758,1.70751,2.24719,0.86028,2.42498,2.04306,2.43692,1.0424,2.45345,2.01553,2.60297,1.06215,-0.9732
2018-06-20,6.89729,2.13605,5.2991,1.79168,1.96081,1.48598,1.86057,0.79418,2.28498,1.79185,2.358,0.90248,2.49202,2.09955,2.5043,1.07122,2.47344,2.02446,2.63749,1.07005,0.9459
2018-06-21,6.89729,2.13605,5.2991,1.79168,1.98528,1.50452,1.88379,0.80409,2.35145,1.84406,2.42659,0.9286,2.56611,2.16196,2.57874,1.10306,2.48244,2.02844,2.65264,1.07351,1.29612
2018-06-22,6.89729,2.13605,5.2991,1.79168,2.07829,1.57501,1.97205,0.84177,2.54685,1.9975,2.62819,1.00538,2.69399,2.2697,2.70725,1.15803,2.52557,2.04708,2.72212,1.08933,1.21297
2018-06-25,6.89729,2.13605,5.2991,1.79168,2.14435,1.62507,2.03473,0.86852,2.66307,2.08877,2.74811,1.05105,2.79659,2.35614,2.81036,1.20214,2.54111,2.05363,2.74595,1.09474,1.01793
2018-06-26,6.89729,2.13605,5.2991,1.79168,2.16826,1.64319,2.05742,0.87821,2.68403,2.10523,2.76974,1.05928,2.82809,2.38268,2.84201,1.21568,2.52233,2.0457,2.71708,1.08819,3.71289
2018-06-27,6.89729,2.13605,5.2991,1.79168,3.07592,2.33105,2.91868,1.24584,4.33304,3.4002,4.47117,1.70721,3.7893,3.19251,3.80795,1.62886,6.43222,5.3009,6.46355,2.60875,0.84775
2018-06-28,6.89729,2.13605,5.2991,1.79168,3.02596,2.2932,2.87128,1.2256,4.07283,3.19586,4.20269,1.60497,3.67062,3.09252,3.68869,1.57785,6.0667,4.87688,6.09449,2.29288,-2.77978
2018-06-29,6.89729,2.21292,5.40639,1.79168,3.38131,2.91044,3.29908,1.36953,4.60448,3.61337,4.75125,1.81387,4.07517,3.43336,4.09523,1.75175,6.59887,5.4924,6.63157,2.77804,-0.17477
2018-07-02,6.89729,2.21292,5.40639,1.79168,3.28,2.82324,3.20024,1.3285,4.24196,3.32868,4.3772,1.67143,3.94907,3.32712,3.96852,1.69754,6.26433,5.10686,6.29414,2.45485,-0.43297
2018-07-03,6.89729,2.21292,5.40639,1.79168,3.19084,2.7465,3.11325,1.29238,3.93552,3.08803,4.06102,1.55102,3.91047,3.2946,3.92973,1.68095,5.62084,4.35131,5.64313,1.99241,0.47676
2018-07-04,6.89729,2.21292,5.40639,1.79168,3.10705,2.67437,3.03149,1.25844,3.66491,2.87552,3.7818,1.44469,3.18518,2.68353,3.20086,1.36917,4.63448,3.18538,4.64394,1.56064,-0.36905
2018-07-05,6.89729,2.21292,5.40639,1.79168,3.02065,2.6,2.94719,1.22345,3.41549,2.67965,3.52445,1.34669,3.1475,2.65179,3.163,1.35298,3.35716,2.33774,3.53816,1.27351,-0.71456
2018-07-06,6.89729,2.21292,5.40639,1.79168,2.96034,2.54809,2.88835,1.19902,3.24815,2.54824,3.35179,1.28094,2.68069,2.2585,2.69389,1.15232,2.75319,2.13574,3.0198,1.15652,1.18392
2018-07-09,6.89729,2.21292,5.40639,1.79168,2.95812,2.54618,2.88618,1.19812,3.22383,2.52914,3.3267,1.27138,2.79493,2.35475,2.80869,1.20142,2.66732,2.104,2.9191,1.13387,-0.68444
2018-07-10,6.89729,2.21292,5.40639,1.79168,2.89772,2.49419,2.82725,1.17366,3.07553,2.41268,3.17368,1.21311,2.78968,2.35033,2.80342,1.19917,2.53684,2.05184,2.73946,1.09327,-0.11179
2018-07-11,6.89729,2.21292,5.40639,1.79168,2.81025,2.41891,2.74191,1.13823,2.87425,2.25461,2.966,1.13402,2.75971,2.32508,2.7733,1.18629,2.47415,2.02478,2.63869,1.07032,-1.75474
2018-07-12,6.89729,2.21292,5.40639,1.79168,2.92401,2.51682,2.8529,1.18431,3.1747,2.49056,3.27601,1.25208,3.00106,2.52841,3.01583,1.29003,2.63135,2.09013,2.87314,1.12351,0.94017
2018-07-13,6.89729,2.21292,5.40639,1.79168,2.89139,2.48875,2.82108,1.1711,3.08863,2.42297,3.1872,1.21826,3.01161,2.53731,3.02644,1.29457,2.554,2.05901,2.76526,1.09912,-0.41932
2018-07-16,6.89729,2.21292,5.40639,1.79168,2.81476,2.42278,2.7463,1.14006,2.9146,2.28542,3.00819,1.14943,2.92793,2.4668,2.94235,1.25859,2.48515,2.02963,2.65716,1.07454,-1.81317
2018-07-17,6.89729,2.21292,5.40639,1.79168,2.94107,2.53151,2.86955,1.19122,3.23651,2.53812,3.3404,1.27587,3.16249,2.66442,3.17806,1.35942,2.67582,2.10722,2.92962,1.13624,0.36996
2018-07-18,6.89729,2.21292,5.40639,1.79168,2.86024,2.46193,2.79068,1.15848,3.0336,2.37883,3.131,1.19617,3.14176,2.64695,3.15723,1.35051,2.52025,2.04481,2.71382,1.08745,0.58572
2018-07-19,6.89729,2.21292,5.40639,1.79168,2.79564,2.40632,2.72765,1.13231,2.88691,2.26368,2.97961,1.13855,2.97434,2.5059,2.98899,1.27855,2.48088,2.02775,2.65002,1.07291,-0.48458
2018-07-20,6.89729,2.21292,5.40639,1.79168,2.72627,2.34662,2.65997,1.10422,2.74617,2.1532,2.83437,1.08327,2.92463,2.46402,2.93903,1.25718,2.46303,2.01983,2.61966,1.06597,0.98729
2018-07-23,6.89729,2.21292,5.40639,1.79168,2.70981,2.33245,2.64391,1.09755,2.74342,2.15104,2.83154,1.0822,2.98396,2.51401,2.99865,1.28268,2.48031,2.0275,2.64907,1.07269,-2.22085
2018-07-24,6.89729,2.22085,5.40771,1.79168,2.95067,2.53977,2.87891,1.1951,3.3432,2.62187,3.4505,1.31778,3.15318,2.65658,3.16871,1.35542,3.06027,2.23909,3.30868,1.22145,1.54854
2018-07-25,6.89729,2.22085,5.40771,1.79168,3.01017,2.59098,2.93696,1.2192,3.43676,2.69532,3.54706,1.35452,3.27217,2.75682,3.28828,1.40657,3.16069,2.27169,3.38897,1.23958,1.03092
2018-07-26,6.89729,2.22085,5.40771,1.79168,2.98432,2.56873,2.91174,1.20873,3.33671,2.61677,3.4438,1.31522,3.30221,2.78213,3.31847,1.41948,2.79914,2.15204,3.06917,1.16761,0.0383
2018-07-27,6.89729,2.22085,5.40771,1.79168,2.8935,2.49056,2.82313,1.17195,3.10339,2.43362,3.20302,1.22358,3.15726,2.66001,3.17281,1.35717,2.54368,2.05471,2.74983,1.09562,-2.51171
2018-07-30,6.89729,2.51171,5.45619,1.79168,3.1902,2.76926,3.1165,1.29212,3.7649,2.9529,3.88569,1.48341,3.56038,2.99964,3.57791,1.53046,4.1045,2.70455,4.13798,1.4173,1.52252
2018-07-31,6.89729,2.51171,5.45619,1.79168,3.22716,2.80134,3.15261,1.30709,3.77046,2.95727,3.89142,1.48559,3.33839,2.81261,3.35483,1.43503,4.06289,2.67592,4.10096,1.40786,-0.00701
2018-08-01,6.89729,2.51171,5.45619,1.79168,3.12885,2.71601,3.05657,1.26727,3.48962,2.73681,3.6016,1.37528,3.17789,2.67739,3.19353,1.36604,2.90322,2.1876,3.17174,1.19064,-0.31629
2018-08-02,6.89729,2.51171,5.45619,1.79168,3.03955,2.6385,2.96934,1.23111,3.25431,2.55209,3.35876,1.28286,3.11999,2.62862,3.13536,1.34115,2.57614,2.06811,2.79749,1.10642,-0.39058
2018-08-03,6.89729,2.51171,5.45619,1.79168,2.95641,2.56632,2.88811,1.19743,3.0543,2.39508,3.15236,1.2043,3.12897,2.63618,3.14438,1.34501,2.4911,2.03223,2.667,1.07678,0.63977
2018-08-06,6.89729,2.51171,5.45619,1.79168,2.89234,2.51071,2.82553,1.17148,2.91502,2.28574,3.00862,1.14959,2.75352,2.31986,2.76707,1.18362,2.47261,2.02409,2.63607,1.06972,0.28186
2018-08-07,6.89729,2.51171,5.45619,1.79168,2.8094,2.43871,2.74451,1.13789,2.74201,2.14994,2.83008,1.08164,2.58622,2.17891,2.59895,1.11171,2.45644,2.01687,2.60821,1.06335,1.06207
2018-08-08,6.89729,2.51171,5.45619,1.79168,2.79853,2.42927,2.73388,1.13348,2.76497,2.16796,2.85378,1.09066,2.67613,2.25465,2.6893,1.15035,2.48261,2.02851,2.65292,1.07357,-0.73427
2018-08-09,6.89729,2.51171,5.45619,1.79168,2.74937,2.3866,2.68586,1.11357,2.69326,2.11167,2.77978,1.0625,2.70154,2.27606,2.71484,1.16128,2.47289,2.02422,2.63656,1.06983,0.22522
2018-08-10,6.89729,2.51171,5.45619,1.79168,2.66909,2.31691,2.60743,1.08106,2.5429,1.99363,2.62461,1.00344,2.68953,2.26595,2.70278,1.15612,2.45579,2.01658,2.60707,1.06309,-0.05744
2018-08-13,6.89729,2.51171,5.45619,1.79168,2.58801,2.24653,2.52823,1.04822,2.40395,1.88456,2.48121,0.94886,2.62703,2.21329,2.63996,1.12925,2.44915,2.01358,2.59538,1.06041,-0.47027
2018-08-14,6.89729,2.51171,5.45619,1.79168,2.52524,2.19204,2.4669,1.02279,2.3265,1.82387,2.40122,0.91847,2.62828,2.21434,2.64122,1.12979,2.45166,2.01472,2.59981,1.06142,0.64693
2018-08-15,6.89729,2.51171,5.45619,1.79168,2.47937,2.15223,2.4221,1.00422,2.29555,1.79957,2.36929,0.90631,2.58144,2.17488,2.59415,1.10965,2.45784,2.0175,2.61065,1.06391,-0.62499
2018-08-16,6.89729,2.51171,5.45619,1.79168,2.43338,2.1123,2.37716,0.98559,2.27008,1.77958,2.343,0.89631,2.5378,2.13812,2.5503,1.0909,2.45894,2.018,2.61256,1.06434,-0.01914
2018-08-17,6.89729,2.51171,5.45619,1.79168,2.35927,2.04798,2.30477,0.95557,2.16585,1.69775,2.23544,0.85536,2.52803,2.12988,2.54048,1.08669,2.45009,2.01401,2.59704,1.06079,-0.04433
2018-08-20,6.89729,2.51171,5.45619,1.79168,2.28756,1.98572,2.23471,0.92653,2.07628,1.62743,2.14301,0.82018,2.52409,2.12656,2.53652,1.085,2.44732,2.01276,2.59213,1.05966,0.33571
2018-08-21,6.89729,2.51171,5.45619,1.79168,2.22714,1.93328,2.17569,0.90206,2.02217,1.58496,2.08717,0.79893,2.51581,2.11959,2.5282,1.08144,2.4489,2.01347,2.59494,1.06031,0.17998
2018-08-22,6.89729,2.51171,5.45619,1.79168,2.16204,1.87676,2.11209,0.87569,1.95873,1.53515,2.0217,0.77401,2.47473,2.08498,2.48692,1.06378,2.44765,2.01291,2.59273,1.0598,0.01962
2018-08-23,6.89729,2.51171,5.45619,1.79168,2.09621,1.81962,2.04778,0.84902,1.89801,1.48748,1.95904,0.75016,2.38595,2.01018,2.3977,1.02562,2.44653,2.0124,2.59074,1.05934,0.59663
2018-08-24,6.89729,2.51171,5.45619,1.79168,2.06413,1.79177,2.01645,0.83603,1.92831,1.51127,1.99031,0.76206,2.39411,2.01705,2.40589,1.02913,2.45429,2.0159,2.60444,1.06248,0.02282
2018-08-27,6.89729,2.51171,5.45619,1.79168,2.0013,1.73723,1.95506,0.81058,1.87212,1.46716,1.93232,0.73999,2.37696,2.00261,2.38867,1.02176,2.44864,2.01335,2.59448,1.0602,0.10287
2018-08-28,6.89729,2.51171,5.45619,1.79168,1.94132,1.68517,1.89648,0.78629,1.82642,1.43128,1.88516,0.72204,2.36903,1.99592,2.38069,1.01835,2.44709,2.01265,2.59172,1.05957,-1.52583
2018-08-29,6.89729,2.51171,5.45619,1.79168,2.09622,1.81963,2.04779,0.84903,2.30837,1.80964,2.38252,0.91135,2.52798,2.12984,2.54043,1.08667,2.53298,2.05021,2.73357,1.09193,0.61115
2018-08-30,6.89729,2.51171,5.45619,1.79168,2.06569,1.79313,2.01798,0.83667,2.2716,1.78077,2.34457,0.8969,2.51158,2.11602,2.52394,1.07962,2.48658,2.03026,2.65954,1.07508,0.08694
2018-08-31,6.89729,2.51171,5.45619,1.79168,1.9073,1.72446,1.83088,0.81146,2.16814,1.69955,2.2378,0.85626,2.48093,2.0902,2.49314,1.06645,2.45892,2.01799,2.61253,1.06434,-0.0872
2018-09-03,6.89729,2.51171,5.45619,1.79168,1.84988,1.67254,1.77575,0.78703,2.0797,1.63012,2.14654,0.82153,2.48041,2.08976,2.49262,1.06622,2.45022,2.01407,2.59728,1.06084,-0.28269
2018-09-04,6.89729,2.51171,5.45619,1.79168,1.80089,1.62825,1.72873,0.76619,2.021,1.58404,2.08596,0.79847,2.48571,2.09423,2.49795,1.06851,2.44894,2.01349,2.59501,1.06032,-0.08572
2018-09-05,6.89729,2.51171,5.45619,1.79168,1.74673,1.57928,1.67674,0.74314,1.95339,1.53096,2.01619,0.77191,2.29581,1.93423,2.30711,0.98687,2.44705,2.01263,2.59166,1.05955,-0.20368
2018-09-06,6.89729,2.51171,5.45619,1.79168,1.69757,1.53484,1.62955,0.72223,1.9045,1.49258,1.96574,0.75271,2.26816,1.91094,2.27932,0.97499,2.44711,2.01266,2.59177,1.05958,-0.8946
2018-09-07,6.89729,2.51171,5.45619,1.79168,1.72457,1.55924,1.65546,0.73371,2.04272,1.60109,2.10837,0.807,2.33895,1.97058,2.35047,1.00542,2.46582,2.02108,2.62447,1.06707,-0.44596
2018-09-10,6.89729,2.51171,5.45619,1.79168,1.69163,1.52946,1.62385,0.7197,2.01734,1.58116,2.08218,0.79703,2.34286,1.97388,2.3544,1.0071,2.45691,2.01709,2.60903,1.06354,-0.36298
2018-09-11,6.89729,2.51171,5.45619,1.79168,1.65335,1.49486,1.58711,0.70342,1.9804,1.55216,2.04406,0.78252,2.34722,1.97755,2.35877,1.00897,2.45229,2.01501,2.60093,1.06168,1.16057
2018-09-12,6.89729,2.51171,5.45619,1.79168,1.73668,1.57019,1.66709,0.73887,2.1994,1.72359,2.27045,0.86792,2.47516,2.08534,2.48734,1.06397,2.48891,2.03128,2.66338,1.07596,0.54417
2018-09-13,6.89729,2.51171,5.45619,1.79168,1.71267,1.54849,1.64405,0.72865,2.16309,1.6951,2.23297,0.85366,2.48323,2.09214,2.49546,1.06744,2.46814,2.02211,2.62846,1.06798,-0.85589
2018-09-14,6.89729,2.51171,5.45619,1.79168,1.73207,1.4911,1.64322,0.73691,2.23071,1.74817,2.30277,0.88021,2.48676,2.09511,2.49901,1.06896,2.4732,2.02436,2.63708,1.06995,-0.04574
2018-09-17,6.89729,2.51171,5.45619,1.79168,1.67951,1.44585,1.59335,0.71455,2.12983,1.669,2.19865,0.8406,2.45859,2.07138,2.47069,1.05684,2.45458,2.01604,2.60495,1.0626,0.14429
2018-09-18,6.89729,2.51171,5.45619,1.79168,1.63047,1.40363,1.54682,0.69368,2.04608,1.60328,2.1122,0.80772,2.45047,2.06454,2.46253,1.05335,2.44922,2.01362,2.5955,1.06044,0.8279
2018-09-19,6.89729,2.51171,5.45619,1.79168,1.6511,1.42139,1.56639,0.70246,2.1195,1.66089,2.18798,0.83654,2.4148,2.03449,2.42669,1.03802,2.46422,2.02036,2.62171,1.06644,1.72578
2018-09-20,6.89729,2.51171,5.45619,1.79168,1.88409,1.62197,1.78744,0.80158,2.61284,2.04804,2.69718,1.03025,2.67335,2.25232,2.68651,1.14916,2.61177,2.08243,2.84704,1.11762,-0.41371
2018-09-21,6.89729,2.51171,5.45619,1.79168,1.84216,1.58587,1.74766,0.78374,2.4952,1.95572,2.57576,0.98406,2.6036,2.19355,2.61642,1.11918,2.50272,2.03728,2.68594,1.0811,-0.34485
2018-09-24,6.89729,2.51171,5.45619,1.79168,1.79704,1.54703,1.70485,0.76455,2.38345,1.86803,2.46042,0.94018,2.61283,2.20132,2.62569,1.12315,2.46694,2.02158,2.6264,1.06751,1.25112
2018-09-25,6.89729,2.51171,5.45619,1.79168,1.81926,1.55652,1.73381,0.80211,2.55413,2.00196,2.63658,1.0072,2.75072,2.3175,2.76426,1.18242,2.50841,2.03974,2.69509,1.08318,0.36601
2018-09-26,6.89729,2.51171,5.45619,1.79168,1.77552,1.5191,1.69213,0.78282,2.4343,1.90793,2.5129,0.96015,2.69846,2.27347,2.71175,1.15995,2.46959,2.02276,2.63093,1.06855,-0.86068
2018-09-27,6.89729,2.51171,5.45619,1.79168,1.7866,1.52859,1.70269,0.78771,2.45216,1.92195,2.53133,0.96716,2.55128,2.14947,2.56384,1.09669,2.47411,2.02476,2.63863,1.07031,-0.33015
2018-09-28,6.89729,2.51171,5.45619,1.79168,1.74186,1.49031,1.66005,0.76799,2.34429,1.8373,2.42,0.92481,2.51431,2.11832,2.52669,1.0808,2.45743,2.01732,2.60994,1.06374,-0.0108
2018-10-01,6.89729,2.51171,5.45619,1.79168,1.68881,1.44491,1.60949,0.74459,2.22767,1.74578,2.29963,0.87902,2.49979,2.10609,2.5121,1.07455,2.44961,2.01379,2.5962,1.0606,1.83613
2018-10-02,6.89729,2.51171,5.45619,1.79168,1.92913,1.65053,1.83852,0.85055,2.752,2.15724,2.84081,1.08489,2.70608,2.27989,2.7194,1.16323,2.63244,2.09056,2.87457,1.12384,-0.26253
2018-10-03,6.89729,2.51171,5.45619,1.79168,1.87604,1.6051,1.78792,0.82714,2.5972,2.03577,2.68104,1.02411,2.66648,2.24653,2.67961,1.14621,2.50391,2.0378,2.68786,1.08154,1.83287
2018-10-04,6.89729,2.51171,5.45619,1.79168,2.08452,1.78348,1.98662,0.91907,3.00591,2.3565,3.10289,1.18459,2.91257,2.45386,2.92691,1.25199,2.72981,2.12727,2.99354,1.15062,-0.46718
2018-10-05,6.89729,2.51171,5.45619,1.79168,2.03762,1.74335,1.94192,0.89839,2.84484,2.2301,2.93664,1.12135,2.8904,2.43519,2.90464,1.24246,2.53972,2.05305,2.74384,1.09427,-0.87741
2018-10-08,6.89729,2.51171,5.45619,1.79168,2.0348,1.74094,1.93923,0.89714,2.79807,2.1934,2.88836,1.10298,2.95303,2.48795,2.96758,1.26939,2.50578,2.03861,2.69087,1.08222,0.50184
2018-10-09,6.89729,2.51171,5.45619,1.79168,1.99241,1.70467,1.89883,0.87845,2.66621,2.08992,2.75226,1.05121,2.73394,2.30336,2.7474,1.17521,2.47259,2.02409,2.63605,1.06972,1.09339
2018-10-10,6.89729,2.51171,5.45619,1.79168,2.02497,1.73253,1.92987,0.89281,2.71418,2.12757,2.80178,1.07004,2.8309,2.38505,2.84484,1.21689,2.49434,2.03365,2.67231,1.078,-0.41976
2018-10-11,6.89729,2.51171,5.45619,1.79168,1.97709,1.69156,1.88423,0.8717,2.58063,2.02271,2.66377,1.01855,2.59362,2.18514,2.60639,1.11489,2.4659,2.02111,2.62461,1.0671,-2.87473
2018-10-12,6.89729,2.77978,5.51669,1.79168,2.71598,2.22591,2.62668,1.10005,3.67283,2.87996,3.79098,1.44748,3.26278,2.74891,3.27884,1.40253,4.69012,3.24673,4.69958,1.57858,0.74401
2018-10-15,6.89729,2.77978,5.51669,1.79168,2.67141,2.18938,2.58357,1.082,3.47231,2.72257,3.58403,1.36873,3.18323,2.68189,3.1989,1.36834,3.65011,2.45157,3.75958,1.3248,0.78772
2018-10-16,6.89729,2.77978,5.51669,1.79168,2.63347,2.15829,2.54688,1.06663,3.30645,2.59239,3.41286,1.3036,3.20474,2.70001,3.22052,1.37758,2.89509,2.18488,3.16413,1.18893,0.25674
2018-10-17,6.89729,2.77978,5.51669,1.79168,2.55796,2.0964,2.47386,1.03605,3.08433,2.41805,3.18362,1.21637,3.13259,2.63923,3.14801,1.34657,2.57205,2.06644,2.79162,1.10509,-1.17694
2018-10-18,6.89729,2.77978,5.51669,1.79168,2.58016,2.11459,2.49532,1.04504,3.09355,2.42529,3.19312,1.21998,3.22903,2.72048,3.24493,1.38803,2.56,2.06149,2.77411,1.10113,-0.99161
2018-10-19,6.89729,2.77978,5.51669,1.79168,2.57243,2.10826,2.48785,1.04191,3.0411,2.38412,3.13899,1.19939,2.767,2.33122,2.78063,1.18942,2.52641,2.04743,2.72343,1.08963,-0.24853
2018-10-22,6.89729,2.77978,5.51669,1.79168,2.49859,2.04774,2.41644,1.012,2.85121,2.23508,2.94302,1.12482,2.69239,2.26836,2.70565,1.15735,2.47259,2.02409,2.63604,1.06972,0.04329
2018-10-23,6.89729,2.77978,5.51669,1.79168,2.42262,1.98548,2.34296,0.98123,2.67278,2.09503,2.75887,1.05474,2.64593,2.22921,2.65896,1.13737,2.45442,2.01597,2.60467,1.06254,-0.81464
2018-10-24,6.89729,2.77978,5.51669,1.79168,2.39993,1.96688,2.32102,0.97204,2.6361,2.06625,2.72102,1.04034,2.70136,2.27592,2.71466,1.1612,2.46508,2.02075,2.6232,1.06678,1.54236
2018-10-25,6.89729,2.77978,5.51669,1.79168,2.50682,2.05449,2.42439,1.01533,2.87875,2.25669,2.97144,1.13563,2.7965,2.35607,2.81027,1.2021,2.55823,2.06076,2.77151,1.10054,0.53126
2018-10-26,6.89729,2.77978,5.51669,1.79168,2.45159,2.00923,2.37099,0.99297,2.74166,2.1491,2.82996,1.08179,2.72793,2.2983,2.74137,1.17263,2.49148,2.0324,2.66763,1.07693,-0.88348
2018-10-29,6.89729,2.77978,5.51669,1.79168,2.43622,1.99663,2.35612,0.98674,2.71383,2.12725,2.80123,1.07086,2.78309,2.34477,2.79679,1.19633,2.48525,2.02967,2.65732,1.07458,-1.01597
2018-10-30,6.89729,2.77978,5.51669,1.79168,2.44061,2.00023,2.36036,0.98852,2.73323,2.14248,2.82126,1.07848,2.86431,2.4132,2.87841,1.23125,2.49253,2.03286,2.66935,1.07732,0.54092
2018-10-31,6.89729,2.77978,5.51669,1.79168,2.38877,1.95774,2.31022,0.96752,2.61744,2.0516,2.70176,1.03301,2.83504,2.38854,2.849,1.21867,2.46932,2.02263,2.63046,1.06844,-0.074
2018-11-01,6.89729,2.77978,5.51669,1.79168,2.31643,1.89845,2.24026,0.93822,2.46848,1.93468,2.54802,0.97451,2.63185,2.21735,2.64481,1.13132,2.45344,2.01552,2.60295,1.06214,0.32132
2018-11-02,6.89729,2.77978,5.51669,1.79168,2.25425,1.84749,2.18013,0.91304,2.35513,1.84571,2.43104,0.93,2.62036,2.20767,2.63326,1.12638,2.45073,2.0143,2.59818,1.06105,-1.12684
2018-11-05,6.89729,2.77978,5.51669,1.79168,2.28936,1.87626,2.21408,0.92726,2.48703,1.94924,2.56717,0.9818,2.64566,2.22898,2.65868,1.13726,2.48346,2.02888,2.65433,1.07389,1.51859
2018-11-06,6.89729,2.77978,5.51669,1.79168,2.40211,1.96867,2.32313,0.97292,2.75504,2.1596,2.84377,1.08705,2.76818,2.33221,2.78181,1.18993,2.57108,2.06604,2.79022,1.10478,-0.05875
2018-11-07,6.89729,2.77978,5.51669,1.79168,2.32921,1.90892,2.25262,0.94339,2.58883,2.02914,2.67223,1.02177,2.71589,2.28816,2.72926,1.16745,2.48381,2.02904,2.65493,1.07403,-0.11613
2018-11-08,6.89729,2.77978,5.51669,1.79168,2.25934,1.85166,2.18505,0.9151,2.44511,1.91634,2.5239,0.96533,2.71404,2.2866,2.7274,1.16665,2.45813,2.01763,2.61116,1.06402,-0.50542
2018-11-09,6.89729,2.77978,5.51669,1.79168,2.21173,1.81265,2.13901,0.89582,2.37168,1.85866,2.4483,0.93574,2.71368,2.28629,2.72704,1.1665,2.45563,2.01651,2.60679,1.06302,1.08519
2018-11-12,6.89729,2.77978,5.51669,1.79168,2.24254,1.83789,2.1688,0.90829,2.47286,1.93806,2.55273,0.97547,2.7276,2.29802,2.74103,1.17248,2.48407,2.02916,2.65537,1.07413,0.89834
2018-11-13,6.89729,2.77978,5.51669,1.79168,2.24107,1.83669,2.16739,0.9077,2.48829,1.95017,2.56866,0.98153,2.53394,2.13487,2.54642,1.08924,2.48406,2.02915,2.65534,1.07412,-1.08026
2018-11-14,6.89729,2.77978,5.51669,1.79168,2.26889,1.85949,2.19429,0.91897,2.57281,2.01649,2.65589,1.01471,2.63031,2.21606,2.64326,1.13066,2.49781,2.03516,2.67798,1.07929,0.69409
2018-11-15,6.89729,2.77978,5.51669,1.79168,2.23946,1.83537,2.16583,0.90705,2.51414,1.97046,2.59534,0.99168,2.65496,2.23682,2.66803,1.14126,2.47767,2.02634,2.64464,1.07168,3.57446
2018-11-16,6.89729,2.77978,5.51669,1.79168,3.06388,2.51103,2.96314,1.24096,4.13198,3.24003,4.2652,1.62691,3.63884,3.06575,3.65676,1.56419,6.23268,5.07013,6.26217,2.42756,-1.92153
2018-11-19,6.89729,2.77978,5.51669,1.79168,2.93024,2.50707,2.9711,1.29194,4.23255,3.31895,4.369,1.66639,3.71543,3.13028,3.73373,1.59711,6.35511,5.21192,6.38576,2.53609,3.06825
2018-11-20,6.89729,2.77978,5.51669,1.79168,3.31314,2.83466,3.35933,1.46076,4.86405,3.8145,5.02079,1.91434,4.22919,3.56312,4.25002,1.81795,6.66352,5.5664,6.69671,2.84852,-2.26876
2018-11-21,6.89729,2.77978,5.51669,1.79168,3.45065,2.95232,3.49876,1.52139,4.9681,3.89616,5.12819,1.9552,4.40944,3.71498,4.43115,1.89543,6.65439,5.55596,6.68751,2.83839,1.16308
2018-11-22,6.89729,2.77978,5.51669,1.79168,3.40736,2.91528,3.45486,1.5023,4.69475,3.68165,4.84605,1.84787,4.43087,3.73304,4.45269,1.90465,6.52055,5.40253,6.55262,2.69632,0.21898
2018-11-23,6.89729,2.77978,5.51669,1.79168,3.3058,2.82838,3.35189,1.45752,4.32435,3.39098,4.46374,1.70244,3.83278,3.22915,3.85166,1.64755,6.08972,4.90376,6.11776,2.31075,1.39912
2018-11-26,6.89729,2.77978,5.51669,1.79168,3.298,2.82171,3.34398,1.45409,4.19884,3.2925,4.3342,1.65316,3.75734,3.16559,3.77585,1.61513,5.9055,4.68797,5.93147,2.17461,-5.81598
2018-11-27,6.89729,2.87473,6.02272,1.79168,6.60974,4.05553,5.29707,2.00425,6.75265,5.29656,6.97011,2.65589,5.21048,4.38986,5.23613,2.23977,6.68412,5.58995,6.71746,2.87157,-0.09549
2018-11-28,6.89729,2.87473,6.02272,1.79168,6.40884,3.93227,5.13608,1.94334,6.17764,4.84533,6.37662,2.43011,4.8171,4.05844,4.84082,2.07067,6.47579,5.35108,6.50749,2.65136,0.74252
2018-11-29,6.89729,2.87473,6.02272,1.79168,6.24249,3.8302,5.00276,1.89289,5.69933,4.46998,5.88293,2.24231,4.7858,4.03207,4.80937,2.05722,6.1076,4.92461,6.13583,2.32481,1.26032
2018-11-30,6.89729,2.87473,6.02272,1.79168,6.13735,3.76569,4.9185,1.86101,5.35773,4.20191,5.53035,2.10818,4.86034,4.09487,4.88427,2.08926,5.82529,4.59351,5.85028,2.11999,0.19916
2018-12-03,6.89729,2.87473,6.02272,1.79168,5.95255,3.6523,4.7704,1.80498,4.92008,3.85847,5.07862,1.93634,4.77573,4.02358,4.79924,2.05289,4.84282,3.42136,4.85337,1.63116,-0.03829
2018-12-04,6.89729,2.87473,6.02272,1.79168,5.7713,3.54109,4.62514,1.75002,4.52283,3.54674,4.66861,1.78037,3.15597,2.65893,3.17151,1.35662,3.5044,2.39178,3.64837,1.29886,-0.2192
2018-12-05,6.89729,2.87473,6.02272,1.79168,5.59828,3.43493,4.48649,1.69755,4.1711,3.27072,4.30557,1.64226,3.1476,2.65188,3.1631,1.35302,2.71545,2.12201,2.97701,1.1469,1.03861
2018-12-06,6.89729,2.87473,6.02272,1.79168,5.4922,3.36984,4.40147,1.66539,3.97108,3.11376,4.09912,1.56373,3.1775,2.67706,3.19314,1.36587,2.60906,2.08135,2.84337,1.11679,-0.92387
2018-12-07,6.89729,2.87473,6.02272,1.79168,5.37693,3.29912,4.30909,1.63043,3.77624,2.96086,3.89801,1.48723,3.13901,2.64464,3.15447,1.34933,2.54014,2.05323,2.74449,1.09441,-0.09964
2018-12-10,6.89729,2.87473,6.02272,1.79168,5.21375,3.19899,4.17832,1.58095,3.49247,2.73351,3.60799,1.37389,3.13413,2.64053,3.14956,1.34723,2.46898,2.01305,2.6443,1.06705,-0.86002
2018-12-11,6.89729,2.87473,6.02272,1.79168,5.10243,3.1307,4.08911,1.5472,3.34666,2.61928,3.45737,1.31673,3.18927,2.68698,3.20497,1.37093,2.47337,2.01496,2.65144,1.06868,0.74499
2018-12-12,6.89729,2.87473,6.02272,1.79168,4.98346,3.0577,3.99377,1.51112,3.18944,2.49611,3.29497,1.2551,3.21215,2.70625,3.22796,1.38077,2.46916,2.01313,2.6446,1.06712,-0.67841
2018-12-13,6.89729,2.87473,6.02272,1.79168,4.86263,2.98356,3.89693,1.47448,3.0447,2.38271,3.14546,1.19836,3.17145,2.67197,3.18707,1.36327,2.46308,2.01047,2.63462,1.06483,0.7818
2018-12-14,6.89729,2.87473,6.02272,1.79168,4.7566,2.91851,3.81196,1.44233,2.93789,2.29903,3.03513,1.15649,3.15323,2.65662,3.16876,1.35544,2.46702,2.0122,2.6411,1.06632,-3.01409
2018-12-17,6.89729,3.01409,6.04595,1.79168,5.21498,3.30455,4.19677,1.58133,3.99331,3.1259,4.12534,1.57022,3.78849,3.19183,3.80714,1.62851,5.20455,3.88374,5.22142,1.7893,-2.20048
2018-12-18,6.89729,3.01409,6.04595,1.79168,5.35947,3.39611,4.31306,1.62514,4.2521,3.32865,4.39266,1.67167,3.90105,3.28666,3.92025,1.6769,5.92053,4.73438,5.94726,2.21622,-2.68332
2018-12-19,6.89729,3.01409,6.04595,1.79168,5.63019,3.56765,4.53092,1.70723,4.69175,3.67309,4.8468,1.84402,4.25113,3.58161,4.27206,1.82738,6.47581,5.37783,6.50782,2.70685,0.78835
2018-12-20,6.89729,3.01409,6.04595,1.79168,5.49569,3.48243,4.42268,1.66645,4.37616,3.42584,4.52081,1.72031,4.15478,3.50043,4.17524,1.78597,6.19442,5.05343,6.22399,2.43712,-0.76559
2018-12-21,6.89729,3.01409,6.04595,1.79168,5.36404,3.399,4.31673,1.62653,4.09791,3.20785,4.23339,1.61123,4.12192,3.47274,4.14221,1.77184,5.68743,4.46008,5.71135,2.05576,0.14571
2018-12-26,6.89729,3.01409,6.04595,1.79168,5.20196,3.2963,4.1863,1.57738,3.78289,2.96104,3.90798,1.48774,3.66654,3.08909,3.6846,1.57609,4.67782,3.25998,4.68758,1.57761,-1.1647
2018-12-27,6.89729,2.87473,5.45938,1.79168,5.1305,3.25101,4.12879,1.55571,3.67623,2.87748,3.79781,1.44593,3.50294,2.95125,3.52019,1.50577,4.10344,2.71025,4.13225,1.41419,-3.82154
2018-12-28,6.89729,3.01409,5.61718,1.79168,5.85428,3.77251,4.81976,1.77518,5.00544,3.91885,5.17083,1.96699,4.06756,3.42695,4.08759,1.74848,6.55878,5.47289,6.59144,2.79582,2.40951
2019-01-02,5.81598,2.87473,4.52297,1.79168,6.0004,3.80224,4.92932,1.81949,5.1356,4.02082,5.30528,2.01801,4.05197,3.41381,4.07192,1.74177,6.563,5.47772,6.5957,2.80047,-0.44072
2019-01-03,5.81598,2.87473,4.52297,1.79168,5.82849,3.69331,4.78809,1.76736,4.73125,3.70404,4.8876,1.8595,3.9957,3.36641,4.01538,1.71759,6.31854,5.19692,6.34924,2.55031,-3.03449
2019-01-04,5.81598,3.01409,4.5496,1.79168,6.15969,3.90318,5.06017,1.86779,5.2357,4.09925,5.40868,2.05725,4.52231,3.81008,4.54458,1.94395,6.5681,5.48355,6.60083,2.8061,0.49855
2019-01-07,5.81598,3.01409,4.5496,1.79168,5.9856,3.79286,4.91716,1.815,4.82386,3.7766,4.98327,1.89581,4.41044,3.71582,4.43215,1.89586,6.3381,5.21948,6.36898,2.56896,-0.6578
2019-01-08,5.81598,3.01409,4.5496,1.79168,5.82753,3.6927,4.78731,1.76707,4.47742,3.50517,4.6254,1.76,3.75602,3.16447,3.77451,1.61456,5.89519,4.70469,5.92164,2.19763,2.80875
2019-01-09,5.81598,3.01409,4.5496,1.79168,6.08856,3.8581,5.00174,1.84622,4.91358,3.84689,5.07595,1.93098,3.97074,3.34537,3.99029,1.70686,6.50477,5.41105,6.53702,2.73739,1.77144
2019-01-10,5.81598,3.01409,4.5496,1.79168,6.07404,3.84891,4.98981,1.84182,4.81582,3.77029,4.97496,1.89266,4.09802,3.45261,4.11819,1.76157,6.46984,5.37098,6.50181,2.70063,0.05254
2019-01-11,4.71421,2.87473,3.87917,1.79168,5.88916,3.73175,4.83793,1.78575,4.42419,3.46347,4.57042,1.73913,3.61437,3.04513,3.63217,1.55367,6.07309,4.91252,6.10146,2.33461,-0.42624
2019-01-14,4.71421,2.87473,3.87917,1.79168,5.72012,3.62464,4.69907,1.7345,4.11029,3.21777,4.24614,1.61568,3.61014,3.04157,3.62792,1.55185,5.35277,4.06164,5.37197,1.86268,2.56189
2019-01-15,3.82154,2.77978,3.55677,1.79168,5.91942,3.75093,4.86279,1.79493,4.50971,3.5307,4.65873,1.77226,4.01178,3.37995,4.03153,1.7245,6.29627,5.17122,6.32678,2.52935,2.88388
2019-01-16,3.82154,2.77978,3.55677,1.79168,6.19389,3.92485,5.08827,1.87816,4.97783,3.89744,5.14227,1.95576,4.09788,3.4525,4.11806,1.76151,6.55839,5.47244,6.59104,2.79539,0.0583
2019-01-17,3.82154,2.77978,3.55677,1.79168,6.00538,3.8054,4.93341,1.821,4.57397,3.58104,4.72511,1.79745,3.88547,3.27353,3.9046,1.6702,6.28624,5.15965,6.31666,2.52001,-0.25673
2019-01-18,3.82154,2.77978,3.55677,1.79168,5.82612,3.69181,4.78615,1.76664,4.21851,3.30256,4.35793,1.65811,3.88609,3.27405,3.90522,1.67047,5.70046,4.47548,5.72455,2.06413,-0.25477
2019-01-21,3.82154,2.77978,3.55677,1.79168,5.65238,3.58172,4.64342,1.71396,3.90018,3.05315,4.0291,1.53331,3.87635,3.26585,3.89544,1.66628,4.71462,3.3019,4.72461,1.59023,-0.05642
2019-01-22,3.82154,2.77978,3.55677,1.79168,5.48038,3.47272,4.50212,1.6618,3.60757,2.82391,3.72685,1.41861,3.46727,2.9212,3.48434,1.49043,3.40733,2.34549,3.56373,1.27581,-0.42753
2019-01-23,3.82154,2.77978,3.55677,1.79168,5.32464,3.37403,4.37418,1.61458,3.37195,2.63932,3.48346,1.32624,2.94809,2.48378,2.9626,1.26726,2.71006,2.10877,2.97068,1.14114,-2.39078
2019-01-24,3.82154,2.77978,3.55677,1.79168,5.51185,3.49267,4.52798,1.67135,3.88546,3.04162,4.0139,1.52754,3.32919,2.80487,3.34559,1.43108,4.40284,2.96776,4.41479,1.49208,0.46036
2019-01-25,3.82154,2.77978,3.55677,1.79168,5.35686,3.39445,4.40065,1.62435,3.61934,2.83313,3.73901,1.42322,3.28596,2.76845,3.30214,1.4125,3.22428,2.28103,3.42636,1.24424,-0.08569
2019-01-28,3.82154,2.77978,3.55677,1.79168,5.19413,3.29134,4.26697,1.575,3.35758,2.62806,3.46862,1.32061,3.27578,2.75987,3.29191,1.40812,2.6373,2.08167,2.88444,1.12165,-1.06443
2019-01-29,3.82154,2.77978,3.55677,1.79168,5.10878,3.23725,4.19685,1.54912,3.28786,2.57344,3.39661,1.29328,3.35953,2.83043,3.37608,1.44412,2.57715,2.05818,2.8059,1.10387,-0.19762
2019-01-30,3.82154,2.77978,3.55677,1.79168,4.95572,3.14026,4.07111,1.50271,3.06789,2.4011,3.16938,1.20705,3.33066,2.80611,3.34706,1.43171,2.48244,2.01888,2.66602,1.07202,1.18292
2019-01-31,3.82154,2.77978,3.55677,1.79168,4.89885,3.10423,4.02439,1.48547,3.07696,2.40821,3.17876,1.21061,2.96343,2.49671,2.97803,1.27386,2.51549,2.03294,2.71733,1.08373,-2.04402
2019-02-01,3.82154,2.77978,3.55677,1.79168,5.02843,3.18634,4.13085,1.52476,3.48044,2.72431,3.59553,1.36877,3.21671,2.7101,3.23255,1.38273,3.02725,2.21624,3.27173,1.20909,0.52291
2019-02-04,3.82154,2.77978,3.55677,1.79168,4.89351,3.10084,4.02001,1.48385,3.2693,2.55889,3.37743,1.286,3.19797,2.69431,3.21372,1.37467,2.6235,2.07637,2.86705,1.11772,-2.01647
2019-02-05,3.82154,2.77978,3.55677,1.79168,5.01628,3.17864,4.12086,1.52107,3.60839,2.82456,3.7277,1.41893,3.35538,2.82693,3.3719,1.44234,3.29432,2.30496,3.47913,1.25632,-0.86122
2019-02-06,3.82154,2.77978,3.55677,1.79168,4.91297,3.11317,4.03599,1.48975,3.44869,2.69944,3.56274,1.35633,3.37055,2.83971,3.38714,1.44886,2.78103,2.13405,3.0471,1.15838,0.40356
2019-02-07,3.82154,2.77978,3.55677,1.79168,4.77444,3.02539,3.92219,1.44774,3.22616,2.52509,3.33287,1.26909,3.2931,2.77446,3.30931,1.41557,2.54704,2.04601,2.76375,1.09429,-0.29419
2019-02-08,3.82154,2.77978,3.55677,1.79168,4.63509,2.93709,3.80772,1.40549,3.02075,2.36417,3.12069,1.18857,2.97418,2.50577,2.98883,1.27848,2.47556,2.01591,2.65498,1.06949,0.3006
2019-02-11,3.82154,2.77978,3.55677,1.79168,4.50044,2.85177,3.6971,1.36466,2.83823,2.22118,2.93216,1.11702,2.93286,2.47095,2.9473,1.26071,2.45383,2.0064,2.61924,1.06131,0.66505
2019-02-12,3.82154,2.77978,3.55677,1.79168,4.39629,2.78577,3.61154,1.33308,2.73751,2.14238,2.82812,1.07725,2.6939,2.26963,2.70716,1.15799,2.45736,2.00796,2.62512,1.06266,-0.29783
2019-02-13,3.82154,2.77978,3.55677,1.79168,4.26914,2.70521,3.50709,1.29452,2.59282,2.02903,2.67865,1.02053,2.64281,2.22658,2.65582,1.13603,2.44758,2.00364,2.6087,1.05889,-0.53952
2019-02-14,3.82154,2.77978,3.55677,1.79168,4.16197,2.63729,3.41905,1.26202,2.50439,1.95975,2.58731,0.98587,2.58547,2.17828,2.5982,1.11139,2.44976,2.0046,2.61238,1.05974,0.23161
2019-02-15,3.82154,2.77978,3.55677,1.79168,4.03951,2.5597,3.31845,1.22489,2.38113,1.86318,2.45998,0.93755,2.48679,2.09514,2.49903,1.06897,2.44445,2.00224,2.60337,1.05767,0.24846
2019-02-18,3.82154,2.77978,3.55677,1.79168,3.92159,2.48498,3.22158,1.18914,2.27562,1.78051,2.35099,0.89619,2.48538,2.09395,2.49762,1.06836,2.44294,2.00157,2.60079,1.05708,-0.28941
2019-02-19,3.82154,2.77978,3.55677,1.79168,3.80931,2.41382,3.12934,1.15509,2.19134,1.71449,2.26394,0.86315,2.45845,2.07126,2.47056,1.05679,2.44275,2.00149,2.60047,1.057,1.65808
2019-02-20,3.82154,2.77978,3.55677,1.79168,3.92864,2.48944,3.22737,1.19127,2.61937,2.04982,2.70607,1.03094,2.71269,2.28546,2.72605,1.16607,2.58742,2.06227,2.81984,1.10703,0.33053
2019-02-21,3.82154,2.77978,3.55677,1.79168,3.8183,2.41952,3.13673,1.15781,2.4911,1.94934,2.57358,0.98066,2.67245,2.25156,2.68561,1.14878,2.48915,2.02177,2.67667,1.07445,0.38201
2019-02-22,3.82154,2.77978,3.55677,1.79168,3.71482,2.35395,3.05172,1.12644,2.38649,1.86738,2.46552,0.93965,2.67897,2.25705,2.69216,1.15158,2.46007,2.00915,2.62963,1.06369,0.14425
2019-02-25,3.82154,2.77978,3.55677,1.79168,3.60354,2.28343,2.9603,1.09269,2.27258,1.77813,2.34785,0.89499,2.6129,2.20139,2.62577,1.12318,2.44683,2.0033,2.60741,1.0586,0.51002
2019-02-26,3.82154,2.77978,3.55677,1.79168,3.51797,2.22921,2.89,1.06674,2.22139,1.73803,2.29497,0.87493,2.62881,2.21479,2.64175,1.13001,2.44916,2.00433,2.61136,1.0595,-0.99932
2019-02-27,3.82154,2.77978,3.55677,1.79168,3.50502,2.22101,2.87937,1.06282,2.33236,1.82497,2.40961,0.91843,2.51978,2.12294,2.53219,1.08315,2.47432,2.01537,2.65298,1.06904,2.33742
2019-02-28,3.82154,2.77978,3.55677,1.79168,3.88758,2.46342,3.19364,1.17882,3.13535,2.45406,3.23906,1.2332,2.98012,2.51077,2.99479,1.28103,3.48151,2.37382,3.61953,1.28876,0.45307
2019-03-01,3.82154,2.77978,3.55677,1.79168,3.78688,2.39961,3.11091,1.14829,2.95755,2.31477,3.05541,1.16351,2.93363,2.4716,2.94807,1.26104,2.73919,2.11927,3.00288,1.1484,1.83535
2019-03-04,3.82154,2.77978,3.55677,1.79168,3.95956,2.50904,3.25277,1.20065,3.26872,2.55855,3.37683,1.28548,3.1888,2.68659,3.2045,1.37073,3.24221,2.28709,3.43993,1.24734,8.77398
2019-03-05,3.82154,2.77978,3.55677,1.79168,8.06056,5.10769,6.62173,2.44418,8.8789,6.95378,9.17198,3.48469,6.90122,5.81433,6.9352,2.96655,6.58659,5.5047,6.61946,2.82668,-6.2607
2019-03-06,5.81598,2.87473,4.13692,1.79168,9.30869,6.04948,7.869,2.82265,10.06562,7.88349,10.39782,3.94989,7.87941,6.63845,7.9182,3.38703,6.58659,5.5047,6.61946,2.82668,-0.39685
2019-03-07,5.81598,2.87473,4.13692,1.79168,9.0308,5.86889,7.63409,2.73839,9.18856,7.19637,9.49185,3.60608,7.588,6.39294,7.62536,3.26176,6.37217,5.25873,6.40334,2.60198,-1.98344
2019-03-08,5.81598,2.87473,4.13692,1.79168,8.90108,5.78459,7.52443,2.69905,8.59691,6.73285,8.8807,3.37415,7.70649,6.49277,7.74443,3.3127,6.4292,5.32431,6.46084,2.65885,-1.05719
2019-03-11,5.81598,2.87473,4.13692,1.79168,8.67207,5.63576,7.33084,2.62961,7.91382,6.1977,8.17509,3.10638,7.64395,6.44008,7.68159,3.28582,6.18589,5.04354,6.21538,2.42965,0.79809
2019-03-12,5.81598,2.87473,4.13692,1.79168,8.43257,5.48011,7.12837,2.55699,7.26801,5.69174,7.50798,2.85322,5.43993,4.58318,5.46672,2.3384,5.69706,4.47146,5.72111,2.06194,-0.27794
2019-03-13,5.81598,2.87473,4.13692,1.79168,8.17876,5.31517,6.91382,2.48003,6.68245,5.21172,6.91673,2.61401,3.85751,3.24998,3.87651,1.65818,4.71519,3.30254,4.72518,1.59042,1.35193
2019-03-14,5.81598,2.87473,4.13692,1.79168,8.00445,5.20189,6.76647,2.42717,6.2398,4.86632,6.45859,2.44115,3.97574,3.34959,3.99531,1.709,4.41572,2.9804,4.42735,1.49576,0.86142
2019-03-15,5.81598,2.87473,4.13692,1.79168,7.79174,5.06365,6.58666,2.36267,5.76342,4.49461,5.96554,2.25513,3.81575,3.21479,3.83454,1.64023,3.51087,2.38548,3.64177,1.29395,-0.04183
2019-03-18,5.81598,2.87473,4.13692,1.79168,7.55445,4.90944,6.38606,2.29072,5.27569,4.11404,5.46074,2.06467,3.74715,3.157,3.7656,1.61074,2.70885,2.10833,2.96931,1.14083,-0.13229
2019-03-19,5.81598,2.87473,4.13692,1.79168,7.32509,4.76039,6.19218,2.22117,4.83873,3.77308,5.00849,1.89404,3.71793,3.13238,3.73624,1.59818,2.51711,2.03362,2.71978,1.08429,0.01775
2019-03-20,5.81598,2.87473,4.13692,1.79168,7.10195,4.61538,6.00355,2.15351,4.44437,3.46536,4.60032,1.74004,3.71346,3.12862,3.73175,1.59626,2.46354,2.01067,2.63537,1.06501,-0.1223
2019-03-21,5.81598,2.87473,4.13692,1.79168,6.8863,4.47523,5.82126,2.08812,4.09301,3.1912,4.23667,1.60284,3.62616,3.05506,3.64401,1.55873,2.44762,2.00365,2.60876,1.05891,-0.09815
2019-03-22,5.81598,2.87473,4.13692,1.79168,6.67699,4.33921,5.64432,2.02465,3.77832,2.94565,3.91096,1.47995,3.56807,3.00612,3.58564,1.53376,2.44249,2.00137,2.60004,1.0569,-1.15112
2019-03-25,5.81598,2.87473,4.13692,1.79168,6.54003,4.2502,5.52854,1.98312,3.67235,2.86296,3.80129,1.43857,3.66896,3.09112,3.68702,1.57713,2.4846,2.01982,2.66947,1.07281,-0.81592
2019-03-26,5.81598,2.87473,4.13692,1.79168,6.37495,4.14292,5.389,1.93306,3.49464,2.72429,3.61735,1.36918,3.69095,3.10965,3.70912,1.58658,2.47711,2.01658,2.65748,1.07007,1.11978
2019-03-27,5.81598,2.87473,4.13692,1.79168,6.24659,4.0595,5.28048,1.89414,3.41618,2.66307,3.53615,1.33854,3.77132,3.17736,3.78989,1.62113,2.50365,2.02795,2.69928,1.07961,-0.79782
2019-03-28,5.81598,2.87473,4.13692,1.79168,6.09049,3.95805,5.14852,1.8468,3.26934,2.54849,3.38417,1.2812,3.79119,3.1941,3.80986,1.62967,2.48376,2.01945,2.66813,1.0725,0.38723
2019-03-29,5.81598,2.87473,4.13692,1.79168,5.91323,3.84286,4.99868,1.79305,3.0659,2.38975,3.17361,1.20176,3.78178,3.18618,3.8004,1.62563,2.45844,2.00843,2.62692,1.06307,0.43082
2019-04-01,5.81598,2.87473,4.13692,1.79168,5.74364,3.73265,4.85532,1.74163,2.89313,2.25494,2.99479,1.13429,3.68772,3.10693,3.70587,1.5852,2.45106,2.00517,2.61457,1.06024,0.73975
2019-04-02,5.81598,2.87473,4.13692,1.79168,5.60064,3.63971,4.73443,1.69827,2.80226,2.18403,2.90074,1.0988,3.69194,3.11049,3.71012,1.58701,2.45972,2.009,2.62906,1.06356,0.8207
2019-04-03,5.81598,2.87473,4.13692,1.79168,5.47034,3.55504,4.62429,1.65876,2.74631,2.14038,2.84284,1.07696,3.64528,3.07117,3.66323,1.56695,2.46792,2.01259,2.64257,1.06666,-0.0685
2019-04-04,5.81598,2.87473,4.13692,1.79168,5.30398,3.44692,4.48366,1.60831,2.58491,2.01444,2.67579,1.01393,2.91561,2.45642,2.92997,1.2533,2.44873,2.00414,2.61064,1.05934,-1.21522
2019-04-05,5.81598,2.87473,4.13692,1.79168,5.23526,3.40226,4.42557,1.58748,2.71491,2.11587,2.81033,1.06469,2.645,2.22843,2.65803,1.13698,2.49584,2.02463,2.68718,1.07685,0.36629
2019-04-08,5.81598,2.87473,4.13692,1.79168,5.08439,3.30422,4.29803,1.54173,2.57911,2.00991,2.66978,1.01167,2.60374,2.19366,2.61656,1.11924,2.46184,2.00993,2.63256,1.06436,1.53511
2019-04-09,5.81598,2.87473,4.13692,1.79168,5.08308,3.30337,4.29693,1.54133,2.84734,2.21921,2.94741,1.11641,2.76622,2.33056,2.77984,1.18908,2.5719,2.05608,2.79869,1.10223,-0.30532
2019-04-10,5.81598,2.87473,4.13692,1.79168,4.9344,3.20674,4.17124,1.49625,2.68981,2.09629,2.78436,1.0549,2.65625,2.23791,2.66933,1.14181,2.48325,2.01924,2.66733,1.07232,0.32249
2019-04-11,5.81598,2.87473,4.13692,1.79168,4.79117,3.11366,4.05016,1.45281,2.53016,1.97056,2.61977,0.99248,2.65279,2.23499,2.66585,1.14032,2.45675,2.00769,2.62411,1.06243,-0.66632
2019-04-12,5.81598,2.87473,4.13692,1.79168,4.67629,3.039,3.95305,1.41798,2.48282,1.93364,2.57076,0.97401,2.59592,2.18708,2.6087,1.11588,2.45776,2.00813,2.62579,1.06281,0.37757
2019-04-15,5.81598,2.87473,4.13692,1.79168,4.54408,2.95308,3.84128,1.37789,2.37812,1.85199,2.46238,0.93314,2.56968,2.16498,2.58234,1.1046,2.44956,2.00451,2.61204,1.05966,-0.10264
2019-04-16,5.81598,2.87473,4.13692,1.79168,4.40643,2.86362,3.72492,1.33615,2.26389,1.76289,2.34412,0.88855,2.38861,2.01242,2.40037,1.02676,2.44313,2.00165,2.60112,1.05715,-0.30457
2019-04-17,5.81598,2.87473,4.13692,1.79168,4.27927,2.78099,3.61743,1.29759,2.18562,1.70185,2.26309,0.858,2.39215,2.0154,2.40393,1.02829,2.44303,2.00161,2.60095,1.05711,-1.3861
2019-04-18,5.81598,2.87473,4.13692,1.79168,4.29734,2.79273,3.63271,1.30307,2.5058,1.95156,2.59455,0.98297,2.59708,2.18806,2.60987,1.11638,2.51681,2.03349,2.71932,1.08418,0.27271
2019-04-22,5.81598,2.87473,4.13692,1.79168,4.17225,2.71144,3.52696,1.26514,2.3845,1.85696,2.46897,0.93563,2.51942,2.12262,2.53182,1.08299,2.46628,2.01187,2.63987,1.06604,1.96983
2019-04-23,5.81598,2.87473,4.13692,1.79168,4.34686,2.82492,3.67457,1.31809,2.97093,2.31433,3.07608,1.16453,2.9076,2.44967,2.92192,1.24986,2.8146,2.14567,3.08103,1.16603,-1.6257
2019-04-24,5.81598,2.87473,4.13692,1.79168,4.41431,2.86875,3.73159,1.33854,3.20677,2.49827,3.32023,1.25658,3.05957,2.57771,3.07464,1.31518,3.01891,2.21353,3.26485,1.20753,0.0575
2019-04-25,5.81598,2.87473,4.13692,1.79168,4.28008,2.78152,3.61812,1.29784,2.98104,2.32221,3.08654,1.16847,2.97819,2.50914,2.99285,1.2802,2.59015,2.06335,2.8235,1.10786,-0.91317
2019-04-26,5.81598,2.87473,4.13692,1.79168,4.21475,2.73906,3.56289,1.27803,2.92776,2.28066,3.03138,1.14768,2.93464,2.47245,2.94909,1.26148,2.53116,2.03947,2.74068,1.08905,0.21103
2019-04-29,5.81598,2.87473,4.13692,1.79168,4.08991,2.65793,3.45736,1.24017,2.74362,2.13705,2.84076,1.0758,2.90144,2.44449,2.91573,1.24721,2.46948,2.01327,2.64512,1.06724,0.01213
2019-04-30,5.81598,2.87473,4.13692,1.79168,3.96532,2.57696,3.35204,1.2024,2.57649,2.0067,2.66774,1.01057,2.64405,2.22763,2.65707,1.13657,2.44912,2.00432,2.61131,1.05949,0.10346
2019-05-01,5.81598,2.87473,4.13692,1.79168,3.84543,2.49905,3.25069,1.16604,2.43341,1.89511,2.51961,0.95472,2.45867,2.07145,2.47078,1.05688,2.44309,2.00164,2.60105,1.05713,-0.157
2019-05-02,5.81598,2.87473,4.13692,1.79168,3.73044,2.42432,3.15349,1.13117,2.3145,1.80237,2.39651,0.90831,2.4588,2.07155,2.4709,1.05693,2.4414,2.00088,2.59816,1.05647,-0.52671
2019-05-03,5.81598,2.87473,4.13692,1.79168,3.64174,2.36667,3.0785,1.10428,2.26912,1.76697,2.34953,0.89059,2.42256,2.04102,2.43449,1.04136,2.44716,2.00345,2.60797,1.05872,-0.68648
2019-05-06,5.81598,2.87473,4.13692,1.79168,3.57408,2.3227,3.02131,1.08376,2.2737,1.77054,2.35427,0.89238,2.45725,2.07025,2.46935,1.05627,2.45487,2.00686,2.62097,1.0617,-0.22448
2019-05-07,5.81598,2.87473,4.13692,1.79168,3.46994,2.25503,2.93327,1.05218,2.18415,1.7007,2.26157,0.85743,2.44891,2.06322,2.46096,1.05268,2.44578,2.00284,2.60565,1.05819,-0.37725
2019-05-08,5.81598,2.87473,4.13692,1.79168,3.378,2.19528,2.85556,1.0243,2.13007,1.65853,2.20558,0.83632,2.44595,2.06073,2.458,1.05141,2.44515,2.00256,2.60457,1.05794,1.53173
2019-05-09,5.81598,2.87473,4.13692,1.79168,3.50104,2.27524,2.95956,1.06161,2.53416,1.97368,2.62391,0.99404,2.69393,2.26966,2.7072,1.15801,2.55321,2.04853,2.77256,1.0963,-0.46321
2019-05-10,5.81598,2.87473,4.13692,1.79168,3.41495,2.21929,2.88679,1.03551,2.44031,1.90048,2.52675,0.95741,2.60836,2.19756,2.6212,1.12122,2.48285,2.01906,2.66669,1.07217,-0.11346
2019-05-13,5.81598,2.87473,4.13692,1.79168,3.31218,2.1525,2.79991,1.00434,2.31892,1.80572,2.40136,0.90902,2.56468,2.16076,2.57731,1.10245,2.45354,2.00628,2.61875,1.0612,-0.13991
2019-05-14,5.81598,2.87473,4.13692,1.79168,3.21327,2.08822,2.7163,0.97435,2.21579,1.72531,2.29458,0.86878,2.5618,2.15833,2.57441,1.10121,2.4446,2.00231,2.60363,1.05773,0.54262
2019-05-15,5.81598,2.87473,4.13692,1.79168,3.14606,2.04455,2.65949,0.95397,2.18595,1.70204,2.26368,0.85713,2.57854,2.17244,2.59124,1.10841,2.44933,2.00441,2.61166,1.05957,-0.11577
2019-05-16,5.81598,2.87473,4.13692,1.79168,3.05165,1.98319,2.57968,0.92535,2.10116,1.63593,2.17589,0.82405,2.40165,2.02341,2.41348,1.03237,2.44312,2.00165,2.60111,1.05715,-0.47579
2019-05-17,5.81598,2.87473,4.13692,1.79168,2.98355,1.93893,2.52211,0.90469,2.08091,1.62015,2.15493,0.81615,2.41152,2.03172,2.42339,1.03661,2.44642,2.00312,2.60672,1.05844,0.03181
2019-05-20,5.81598,2.87473,4.13692,1.79168,2.89277,1.87994,2.44537,0.87717,2.00862,1.56378,2.08008,0.78794,2.40273,2.02431,2.41456,1.03283,2.44196,2.00113,2.59912,1.05669,1.38769
2019-05-21,5.81598,2.87473,4.13692,1.79168,3.02037,1.96286,2.55324,0.91586,2.36928,1.84499,2.45351,0.92868,2.59519,2.18646,2.60797,1.11556,2.51941,2.03458,2.72323,1.08507,0.29076
2019-05-22,5.81598,2.87473,4.13692,1.79168,2.93776,1.90918,2.4834,0.89081,2.27065,1.76809,2.35138,0.89019,2.52814,2.12998,2.54059,1.08674,2.46747,2.01239,2.64182,1.06648,-0.92669
2019-05-23,5.81598,2.87473,4.13692,1.79168,2.945,1.91388,2.48952,0.893,2.35604,1.83466,2.43979,0.92351,2.57613,2.17041,2.58882,1.10737,2.47754,2.01677,2.65817,1.07023,-3.38519
2019-05-24,5.81598,3.01409,4.222,1.79168,4.54449,2.71904,3.67128,1.19882,4.01451,3.12777,4.15696,1.57068,3.56248,3.00142,3.58002,1.53136,5.96886,4.79094,5.99613,2.25252,1.18371
2019-05-28,5.81598,3.01409,4.222,1.79168,4.54108,2.717,3.66852,1.19792,3.86883,3.01419,4.00613,1.51383,3.435,2.89401,3.45191,1.47656,5.62492,4.38606,5.64802,2.01656,0.10467
2019-05-29,5.81598,3.01409,4.222,1.79168,4.40381,2.63487,3.55763,1.16171,3.56597,2.77804,3.69254,1.39564,3.29641,2.77725,3.31264,1.41699,4.57972,3.15096,4.58933,1.54539,0.15767
2019-05-30,5.81598,3.01409,4.222,1.79168,4.27216,2.5561,3.45128,1.12698,3.30036,2.57095,3.41754,1.292,3.29332,2.77464,3.30953,1.41566,3.28801,2.30277,3.4744,1.25523,-1.62818
2019-05-31,5.81598,3.01409,4.222,1.79168,4.4093,2.63816,3.56207,1.16316,3.45934,2.69491,3.58215,1.35404,3.46678,2.92079,3.48385,1.49023,3.51427,2.38685,3.64436,1.29455,-2.57225
2019-06-03,5.81598,3.01409,4.222,1.79168,4.89696,2.92993,3.95602,1.2918,4.08386,3.18184,4.22876,1.59773,3.35281,2.82476,3.36932,1.44123,5.54426,4.29026,5.56626,1.96818,0.26213
2019-06-04,5.81598,3.01409,4.222,1.79168,4.75401,2.8444,3.84054,1.25409,3.76334,2.93193,3.8969,1.47266,3.13225,2.63895,3.14768,1.34643,4.49305,3.05872,4.5033,1.51853,-0.42359
2019-06-05,5.81598,3.01409,4.222,1.79168,4.62594,2.76777,3.73708,1.22031,3.49749,2.72465,3.62164,1.36892,3.14354,2.64845,3.15901,1.35128,3.27939,2.2998,3.46793,1.25375,-1.24521
2019-06-06,5.81598,3.01409,4.222,1.79168,4.63165,2.77119,3.7417,1.22182,3.46321,2.69792,3.58615,1.35555,3.26917,2.7543,3.28527,1.40528,3.00075,2.20761,3.24973,1.20411,0.22528
2019-06-07,5.81598,3.01409,4.222,1.79168,4.49543,2.68969,3.63164,1.18588,3.21357,2.50328,3.32767,1.25813,3.08873,2.60227,3.10394,1.32771,2.59118,2.06375,2.82488,1.10817,1.07581
2019-06-10,5.81598,3.01409,4.222,1.79168,4.47149,2.67536,3.61231,1.17957,3.16457,2.46507,3.27694,1.23901,2.79476,2.35461,2.80852,1.20135,2.55963,2.05113,2.78162,1.09836,-0.75939
2019-06-11,5.81598,3.01409,4.222,1.79168,4.39224,2.62795,3.54828,1.15866,3.03954,2.36759,3.14748,1.19022,2.7942,2.35414,2.80796,1.20111,2.50291,2.02764,2.69815,1.07936,0.16012
2019-06-12,5.81598,3.01409,4.222,1.79168,4.26103,2.54944,3.44229,1.12405,2.84526,2.21394,2.9479,1.11282,2.76658,2.33087,2.78021,1.18924,2.47238,2.00851,2.6588,1.06475,-1.08085
2019-06-13,5.81598,3.01409,4.222,1.79168,4.25138,2.54367,3.43449,1.1215,2.87309,2.23561,2.97672,1.12366,2.78377,2.34535,2.79748,1.19663,2.50504,2.02231,2.70873,1.07615,0.56555
2019-06-14,5.81598,3.01409,4.222,1.79168,4.15519,2.48611,3.35678,1.09613,2.74573,2.13642,2.84478,1.07402,2.7818,2.34369,2.7955,1.19578,2.47899,2.01133,2.66912,1.06711,-0.47211
2019-06-17,5.81598,3.01409,4.222,1.79168,4.05238,2.42461,3.27373,1.06901,2.6232,2.04099,2.71785,1.02625,2.71785,2.2898,2.73123,1.16829,2.46472,2.00522,2.64668,1.06198,0.67004
2019-06-18,5.81598,3.01409,4.222,1.79168,3.97789,2.38003,3.21355,1.04936,2.55764,1.98992,2.64993,1.00069,2.72004,2.29165,2.73343,1.16923,2.46941,2.00724,2.65412,1.06368,1.32934
2019-06-19,5.81598,3.01409,4.222,1.79168,4.04942,2.42283,3.27134,1.06823,2.74217,2.13365,2.8411,1.07263,2.88086,2.42715,2.89505,1.23836,2.54952,2.04052,2.77255,1.09068,-0.01654
2019-06-20,5.81598,3.01409,4.222,1.79168,3.92609,2.34904,3.1717,1.03569,2.57742,2.00534,2.67043,1.00841,2.76123,2.32636,2.77483,1.18694,2.47838,2.01107,2.66818,1.0669,1.37684
2019-06-21,5.81598,3.01409,4.222,1.79168,4.01545,2.40251,3.24389,1.05926,2.77941,2.16265,2.87967,1.08714,2.90895,2.45081,2.92327,1.25044,2.56832,2.04803,2.79819,1.0965,-0.95243
2019-06-24,5.81598,3.01409,4.222,1.79168,3.9923,2.32899,3.21525,1.05316,2.77475,2.15902,2.87485,1.08533,2.93396,2.47188,2.9484,1.26119,2.53613,2.03511,2.75383,1.08642,1.08627
2019-06-25,5.81598,3.01409,4.222,1.79168,3.99995,2.33345,3.2214,1.05517,2.81134,2.18752,2.91275,1.09959,2.9878,2.51724,3.00251,1.28433,2.54574,2.039,2.7673,1.08949,-0.50097
2019-06-26,5.81598,3.01409,4.222,1.79168,3.90589,2.27858,3.14566,1.03036,2.68439,2.08865,2.78124,1.0501,2.76038,2.32564,2.77398,1.18657,2.4882,2.01524,2.68333,1.07036,1.43056
2019-06-27,5.81598,3.01409,4.222,1.79168,4.01312,2.34113,3.23201,1.05865,2.88585,2.24555,2.98995,1.12864,2.94085,2.47769,2.95533,1.26415,2.5923,2.05744,2.82981,1.10368,-0.17905
2019-06-28,5.81598,3.01409,4.222,1.79168,3.89442,2.27188,3.13641,1.02734,2.70847,2.1074,2.80618,1.05949,2.77316,2.3364,2.78681,1.19206,2.4919,2.0168,2.68897,1.07164,-0.02743
2019-07-01,5.81598,3.01409,4.222,1.79168,3.77586,2.20272,3.04094,0.99606,2.54833,1.98268,2.64029,0.99707,2.71311,2.28581,2.72647,1.16625,2.46133,2.00376,2.64126,1.06074,0.57624
2019-07-02,5.81598,3.01409,4.222,1.79168,3.69973,2.15831,2.97962,0.97598,2.47289,1.92392,2.56214,0.96766,2.64127,2.22528,2.65427,1.13537,2.46359,2.00473,2.64487,1.06156,-1.87778
2019-07-03,5.81598,3.01409,4.222,1.79168,3.98835,2.32668,3.21206,1.05211,2.98676,2.32414,3.09448,1.16798,2.90481,2.44732,2.91911,1.24865,2.7692,2.12233,3.03236,1.14948,0.51487
2019-07-04,5.81598,3.01409,4.222,1.79168,3.89629,2.27297,3.13792,1.02783,2.83378,2.205,2.936,1.10834,2.70867,2.28207,2.722,1.16434,2.55979,2.04463,2.78665,1.09388,-0.03542
2019-07-05,5.81598,3.01409,4.222,1.79168,3.77773,2.20381,3.04244,0.99656,2.65722,2.06748,2.75309,1.03951,2.69765,2.27279,2.71093,1.15961,2.48136,2.01234,2.6728,1.06795,-0.2397
2019-07-08,5.81598,3.01409,4.222,1.79168,3.66941,2.14062,2.9552,0.96798,2.51558,1.95717,2.60636,0.9843,2.68734,2.2641,2.70057,1.15518,2.45984,2.00311,2.63887,1.06019,1.08893
2019-07-09,5.81598,3.01409,4.222,1.79168,3.69852,2.1576,2.97865,0.97566,2.60597,2.02757,2.7,1.01954,2.7848,2.34622,2.79852,1.19707,2.5026,2.02129,2.7051,1.07532,0.62832
2019-07-10,5.81598,3.01409,4.222,1.79168,3.633,2.11938,2.92588,0.95838,2.53313,1.97084,2.62454,0.99114,2.5454,2.14452,2.55794,1.09416,2.48155,2.01242,2.67309,1.06802,2.36316
2019-07-11,5.81598,3.01409,4.222,1.79168,4.14991,2.42093,3.34218,1.09474,3.31672,2.58163,3.43575,1.29779,3.06609,2.58321,3.08119,1.31799,3.74958,2.4908,3.82169,1.33178,-0.25134
2019-07-12,5.81598,3.01409,4.222,1.79168,4.03025,2.35112,3.24581,1.06317,3.09112,2.40586,3.20209,1.20982,2.93589,2.47351,2.95035,1.26202,2.80953,2.13622,3.0725,1.15855,0.41597
2019-07-15,5.81598,3.01409,4.222,1.79168,3.92652,2.29061,3.16227,1.0358,2.90952,2.26437,3.01399,1.139,2.93611,2.47369,2.95057,1.26211,2.56263,2.04577,2.79051,1.09476,-0.75229
2019-07-16,5.81598,3.01409,4.222,1.79168,3.87046,2.25791,3.11712,1.02102,2.82399,2.19773,2.9254,1.10565,2.91044,2.45206,2.92477,1.25108,2.51105,2.02481,2.71764,1.07818,-1.19812
2019-07-17,5.81598,3.01409,4.222,1.79168,3.91399,2.2833,3.15218,1.0325,2.90029,2.25718,3.00443,1.1354,3.00621,2.53275,3.02101,1.29224,2.54595,2.03908,2.7676,1.08956,-0.8726
2019-07-18,5.81598,3.01409,4.222,1.79168,3.88029,2.26364,3.12504,1.02361,2.84952,2.21762,2.95185,1.11561,2.68975,2.26613,2.703,1.15621,2.51634,2.027,2.72539,1.07995,-0.70522
2019-07-19,5.81598,3.01409,4.222,1.79168,3.81865,2.22768,3.07539,1.00735,2.76162,2.14914,2.86081,1.08133,2.6981,2.27317,2.71139,1.1598,2.48972,2.01588,2.68565,1.07089,-0.67173
2019-07-22,5.81598,3.01409,4.222,1.79168,3.75449,2.19025,3.02372,0.99042,2.67943,2.08511,2.77568,1.04928,2.71987,2.29151,2.73327,1.16916,2.47751,2.0107,2.66682,1.06659,0.35528
2019-07-23,5.81598,3.01409,4.222,1.79168,3.65503,2.13223,2.94362,0.96419,2.54617,1.98128,2.63765,0.99731,2.6634,2.24394,2.67652,1.14489,2.46162,2.00388,2.64172,1.06084,0.61358
2019-07-24,5.81598,3.01409,4.222,1.79168,3.58919,2.09382,2.8906,0.94682,2.47931,1.92919,2.5684,0.97124,2.59275,2.18441,2.60551,1.11451,2.46537,2.0055,2.64771,1.06221,-1.32995
2019-07-25,5.81598,3.01409,4.222,1.79168,3.69248,2.15408,2.97378,0.97407,2.69054,2.09376,2.78718,1.05361,2.70522,2.27917,2.71854,1.16286,2.54019,2.03675,2.75954,1.08772,-0.62796
2019-07-26,5.81598,3.01409,4.222,1.79168,3.62716,2.11598,2.92118,0.95684,2.6092,2.03039,2.70293,1.02189,2.66251,2.24319,2.67562,1.1445,2.49335,2.01741,2.69117,1.07215,0.20913
2019-07-29,5.81598,3.01409,4.222,1.79168,3.52202,2.05464,2.8365,0.9291,2.47073,1.9225,2.55951,0.9679,2.60377,2.1937,2.61659,1.11925,2.46357,2.00472,2.64484,1.06156,0.79074
2019-07-30,5.81598,3.01409,4.222,1.79168,3.49278,2.03758,2.81295,0.92138,2.4639,1.91718,2.55244,0.96523,2.66008,2.24114,2.67318,1.14346,2.47633,2.0102,2.66498,1.06617,0.83016
2019-07-31,5.81598,3.01409,4.222,1.79168,3.473,2.02604,2.79702,0.91617,2.47047,1.9223,2.55924,0.96779,2.68993,2.26628,2.70317,1.15629,2.48485,2.01382,2.67819,1.06918,0.49028
2019-08-01,5.81598,3.01409,4.222,1.79168,3.39783,1.98219,2.73648,0.89634,2.38961,1.8593,2.47548,0.93626,2.57283,2.16763,2.5855,1.10595,2.46849,2.00684,2.65265,1.06335,-2.84362
2019-08-02,5.81598,3.01409,4.222,1.79168,4.22191,2.73583,3.57855,1.11373,3.59563,2.79894,3.72464,1.40655,3.28129,2.76451,3.29744,1.41049,4.88048,3.51915,4.89289,1.65262,0.05734
2019-08-05,5.81598,3.01409,4.222,1.79168,4.09364,2.65271,3.46983,1.07989,3.3264,2.58918,3.44579,1.30157,3.09163,2.60472,3.10686,1.32896,3.63089,2.43247,3.7264,1.30887,-1.37706
2019-08-06,5.81598,3.01409,4.222,1.79168,4.16982,2.70207,3.5344,1.09999,3.373,2.62548,3.49405,1.31974,3.2241,2.71633,3.23998,1.38591,3.44059,2.35186,3.57992,1.27437,0.957
2019-08-07,5.81598,3.01409,4.222,1.79168,4.1393,2.6823,3.50854,1.09194,3.26312,2.53987,3.38024,1.27689,3.22195,2.71452,3.23782,1.38498,2.92034,2.17329,3.17453,1.18161,-0.41089
2019-08-08,5.81598,3.01409,4.222,1.79168,4.0313,2.61231,3.41699,1.06344,3.06125,2.38259,3.17115,1.19817,3.19205,2.68933,3.20777,1.37213,2.58889,2.05611,2.82537,1.10267,0.28164
2019-08-09,5.81598,3.01409,4.222,1.79168,3.91723,2.53839,3.3203,1.03335,2.87018,2.23343,2.97363,1.12267,2.69756,2.27272,2.71085,1.15957,2.49406,2.01771,2.69225,1.07239,0.77139
2019-08-12,5.81598,3.01409,4.222,1.79168,3.86484,2.50445,3.2759,1.01954,2.7916,2.17222,2.89223,1.09203,2.69843,2.27345,2.71172,1.15994,2.48785,2.01509,2.68279,1.07023,2.06379
2019-08-13,5.81598,3.01409,4.222,1.79168,4.2087,2.72727,3.56736,1.11024,3.29352,2.56316,3.41218,1.2877,2.98245,2.51273,2.99713,1.28203,3.10069,2.23224,3.32286,1.21525,1.00972
2019-08-14,5.81598,3.01409,4.222,1.79168,4.18681,2.71309,3.54881,1.10447,3.21279,2.50028,3.32856,1.25623,2.91685,2.45747,2.93121,1.25383,2.79142,2.13002,3.0547,1.15453,-1.02824
2019-08-15,5.81598,3.01409,4.222,1.79168,4.17004,2.70222,3.53459,1.10004,3.15668,2.45658,3.27043,1.23436,2.97628,2.50754,2.99094,1.27938,2.6518,2.08011,2.90352,1.12037,-0.71531
2019-08-16,5.81598,3.01409,4.222,1.79168,4.0972,2.65502,3.47285,1.08083,3.02557,2.35446,3.13461,1.18325,2.98009,2.51075,2.99477,1.28102,2.53986,2.03662,2.75908,1.08762,-0.30262
2019-08-19,5.81598,3.01409,4.222,1.79168,3.98231,2.58057,3.37547,1.05052,2.84413,2.21314,2.94665,1.11251,2.93297,2.47105,2.94742,1.26076,2.47918,2.01141,2.66942,1.06718,1.63286
2019-08-20,5.81598,3.01409,4.222,1.79168,4.14802,2.68795,3.51593,1.09424,3.09853,2.41129,3.21019,1.21169,2.92083,2.46082,2.93521,1.25554,2.6608,2.08346,2.91412,1.12277,1.26001
2019-08-21,5.81598,3.01409,4.222,1.79168,4.18839,2.71411,3.55014,1.10489,3.13552,2.4401,3.24851,1.22611,2.93956,2.4766,2.95403,1.26359,2.66871,2.08638,2.92334,1.12485,-1.56215
2019-08-22,5.81598,3.01409,4.222,1.79168,4.31209,2.79426,3.65499,1.13752,3.2973,2.5661,3.4161,1.28918,3.06418,2.5816,3.07927,1.31717,2.82781,2.14244,3.09011,1.16253,-0.28628
2019-08-23,5.81598,3.01409,4.222,1.79168,4.18917,2.71461,3.5508,1.10509,3.07979,2.39669,3.19078,1.20438,2.97924,2.51003,2.99391,1.28065,2.55752,2.04373,2.78356,1.09318,-2.06598
2019-08-26,5.81598,3.01409,4.222,1.79168,4.4918,2.91072,3.80732,1.18492,3.50932,2.73125,3.63574,1.37183,3.33419,2.80908,3.3506,1.43323,3.28438,2.29425,3.46275,1.24725,0.43097
2019-08-27,5.81598,3.01409,4.222,1.79168,4.37331,2.83394,3.70689,1.15367,3.27874,2.55165,3.39687,1.28194,3.1025,2.61387,3.11777,1.33363,2.6895,2.094,2.94707,1.13022,1.5515
2019-08-28,5.81598,3.01409,4.222,1.79168,4.47814,2.90187,3.79574,1.18132,3.39654,2.6434,3.5189,1.32787,3.22098,2.7137,3.23684,1.38457,2.86657,2.15547,3.12637,1.17072,-0.1469
2019-08-29,5.81598,3.01409,4.222,1.79168,4.34386,2.81485,3.68193,1.1459,3.15741,2.45715,3.27119,1.23464,3.02163,2.54575,3.03651,1.29887,2.56209,2.04555,2.78977,1.09459,2.08494
2019-08-30,5.81598,3.01409,4.222,1.79168,4.63519,3.00364,3.92886,1.22275,3.56519,2.77476,3.69361,1.39361,3.38944,2.85563,3.40613,1.45698,3.4011,2.33671,3.55019,1.26745,-1.91515
2019-09-02,5.81598,3.01409,4.222,1.79168,4.83304,3.13185,4.09656,1.27494,3.79314,2.95231,3.92975,1.48248,3.37173,2.84071,3.38834,1.44937,4.19996,2.79485,4.21864,1.43352,1.01982
2019-09-03,5.81598,3.01409,4.222,1.79168,4.78054,3.09782,4.05206,1.26109,3.63836,2.83175,3.76941,1.42214,3.30048,2.78068,3.31673,1.41874,3.51268,2.3808,3.63468,1.28717,-0.1447
2019-09-04,5.81598,3.01409,4.222,1.79168,4.63685,3.00471,3.93027,1.22319,3.37048,2.62311,3.49191,1.31771,3.14553,2.65013,3.16101,1.35213,2.72241,2.10585,2.98334,1.13841,1.89711
2019-09-05,5.81598,3.01409,4.222,1.79168,4.8284,3.12884,4.09263,1.27372,3.6262,2.82228,3.75682,1.4174,3.43335,2.89262,3.45026,1.47586,3.407,2.33894,3.55462,1.26848,-0.6336
2019-09-06,5.81598,3.01409,4.222,1.79168,4.71813,3.05738,3.99916,1.24463,3.41383,2.65687,3.53682,1.33461,3.14411,2.64894,3.1596,1.35152,2.76159,2.11968,3.02457,1.14772,0.6727
2019-09-09,5.81598,3.01409,4.222,1.79168,4.61685,2.99175,3.91331,1.21791,3.22929,2.51551,3.34394,1.26442,2.95951,2.4934,2.97408,1.27217,2.57519,2.05074,2.80736,1.09859,1.76745
2019-09-10,5.81598,3.01409,4.222,1.79168,4.76758,3.08943,4.04107,1.25767,3.45344,2.69028,3.57602,1.35189,3.17201,2.67244,3.18763,1.36352,2.91495,2.17152,3.1698,1.18054,-0.51755
2019-09-11,5.81598,3.01409,4.222,1.79168,4.64725,3.01145,3.93908,1.22593,3.24478,2.52758,3.35997,1.27046,3.1172,2.62626,3.13254,1.33995,2.59774,2.05956,2.83682,1.10527,-1.227
2019-09-12,5.81598,3.01409,4.222,1.79168,4.6475,3.01161,3.93929,1.226,3.24904,2.5309,3.36438,1.27212,2.99901,2.52669,3.01378,1.28915,2.60703,2.06315,2.84866,1.10795,0.32538
2019-09-13,5.81598,3.01409,4.222,1.79168,4.51603,2.92642,3.82786,1.19132,3.03948,2.36751,3.14741,1.19035,2.93836,2.47559,2.95283,1.26308,2.50088,2.02057,2.70253,1.07474,-0.6326
2019-09-16,5.81598,3.01409,4.222,1.79168,4.41768,2.86269,3.7445,1.16537,2.90766,2.26472,3.01092,1.13891,2.93614,2.47371,2.95059,1.26212,2.47947,2.01154,2.66987,1.06728,6.02951
2019-09-17,5.81598,3.01409,4.222,1.79168,7.04915,4.5679,5.97497,1.85955,6.42882,5.01021,6.65667,2.51296,5.26478,4.43562,5.29071,2.26311,6.51296,5.4412,6.54543,2.7881,-2.46328
2019-09-18,5.81598,3.01409,4.222,1.79168,7.20699,4.67018,6.10876,1.90118,6.33007,4.93321,6.55442,2.47442,5.0725,4.27362,5.09748,2.18046,6.49605,5.42186,6.52839,2.76937,-0.22211
2019-09-19,5.81598,3.01409,4.222,1.79168,6.99048,4.52988,5.92524,1.84407,5.77546,4.50078,5.98019,2.258,4.9183,4.14371,4.94252,2.11417,6.22823,5.11407,6.25837,2.49783,-0.62783
2019-09-20,5.81598,3.01409,4.222,1.79168,6.80255,4.4081,5.76595,1.79449,5.30953,4.13749,5.49777,2.07618,4.92699,4.15102,4.95125,2.11791,5.73602,4.54032,5.761,2.10371,-3.53785
2019-09-23,5.81598,3.03449,4.30929,1.79168,7.36816,4.77463,6.24537,1.9437,5.94754,4.63495,6.15835,2.32514,5.56111,4.68527,5.58849,2.39049,6.50143,5.42801,6.53381,2.7753,3.12676
2019-09-24,5.81598,3.03449,4.30929,1.79168,7.71116,4.99689,6.5361,2.03418,6.20901,4.83882,6.42908,2.42718,4.64679,3.91495,4.66967,1.99746,6.50976,5.43753,6.5422,2.78453,-1.04742
2019-09-25,5.81598,3.03449,4.30929,1.79168,7.53924,4.88548,6.39038,1.98883,5.75425,4.48424,5.95823,2.24972,4.28728,3.61207,4.30839,1.84292,6.35124,5.25579,6.38244,2.61689,-0.16154
2019-09-26,5.81598,3.03449,4.30929,1.79168,7.3111,4.73765,6.19701,1.92865,5.25707,4.09658,5.44346,2.05571,4.26709,3.59506,4.28811,1.83425,5.88906,4.71992,5.91582,2.21345,0.30331
2019-09-27,5.81598,3.03449,4.30929,1.79168,7.09397,4.59695,6.01296,1.87137,4.81742,3.75378,4.98825,1.88414,4.24018,3.57238,4.26106,1.82268,5.06611,3.74148,5.08141,1.73081,-1.97533
2019-09-30,5.81598,3.03449,4.30929,1.79168,7.11823,4.61267,6.03352,1.87777,4.81607,3.75273,4.98685,1.88362,3.95947,3.33588,3.97897,1.70201,5.56219,4.33492,5.58496,1.99128,-1.48095
2019-10-01,5.81598,3.03449,4.30929,1.79168,7.03705,4.56006,5.96471,1.85635,4.64482,3.61921,4.80954,1.81679,3.54995,2.99086,3.56743,1.52598,5.42366,4.17015,5.44449,1.91011,-0.17722
2019-10-02,5.81598,3.03449,4.30929,1.79168,6.82465,4.42243,5.78468,1.80032,4.26592,3.32377,4.41724,1.66894,3.42096,2.88218,3.4378,1.47053,4.3382,2.91982,4.35084,1.47073,0.02324
2019-10-03,5.81598,3.03449,4.30929,1.79168,6.61678,4.28772,5.60849,1.74549,3.92446,3.05753,4.06369,1.53569,3.41038,2.87327,3.42717,1.46598,3.10805,2.23465,3.32861,1.21656,-0.81533
2019-10-04,5.81598,3.03449,4.30929,1.79168,6.45973,4.18595,5.47537,1.70406,3.70818,2.8889,3.83977,1.45129,3.45945,2.91461,3.47648,1.48707,2.71124,2.10186,2.9712,1.13567,-0.7218
2019-10-07,5.81598,3.03449,4.30929,1.79168,6.2987,3.67446,5.03801,1.66158,3.50184,2.72801,3.62613,1.37077,3.25067,2.73871,3.26667,1.39733,2.56102,2.04512,2.78831,1.09426,1.007
2019-10-08,5.81598,3.03449,4.30929,1.79168,6.17798,3.60404,4.94146,1.62973,3.399,2.64281,3.52308,1.32786,3.20313,2.69866,3.2189,1.37689,2.54542,2.03887,2.76686,1.08939,-0.30025
2019-10-09,5.81598,3.03449,4.30929,1.79168,5.99626,3.49803,4.79611,1.5818,3.17215,2.46627,3.28797,1.2395,3.18225,2.68107,3.19792,1.36792,2.4808,2.0121,2.67194,1.06776,-1.0078
2019-10-10,5.81598,3.03449,4.30929,1.79168,5.88843,3.43513,4.70986,1.55335,3.11834,2.42441,3.23221,1.21854,3.24128,2.7308,3.25724,1.39329,2.50096,2.02061,2.70265,1.07477,1.15266
2019-10-11,5.81598,3.03449,4.30929,1.79168,5.8085,3.3885,4.64593,1.53227,3.1145,2.42142,3.22823,1.21704,3.29362,2.7749,3.30984,1.41579,2.5368,2.03538,2.75476,1.08664,-0.96632
2019-10-14,5.81598,3.03449,4.30929,1.79168,5.70259,3.32671,4.56121,1.50433,3.05774,2.37725,3.1694,1.19493,3.30246,2.78234,3.31872,1.41959,2.52341,2.02991,2.73565,1.08229,-0.35211
2019-10-15,5.81598,3.03449,4.30929,1.79168,5.53852,3.231,4.42999,1.46105,2.87953,2.23857,2.98471,1.12552,3.23598,2.72634,3.25192,1.39101,2.47545,2.00982,2.6636,1.06585,1.00704
2019-10-16,5.81598,3.03449,4.30929,1.79168,5.45061,3.17971,4.35967,1.43785,2.8697,2.23092,2.97451,1.12169,3.3114,2.78988,3.3277,1.42343,2.50145,2.02081,2.70338,1.07493,2.16864
2019-10-17,5.81598,3.03449,4.30929,1.79168,5.65522,3.29908,4.52333,1.49183,3.41009,2.65144,3.53458,1.33218,3.32377,2.8003,3.34014,1.42875,3.36273,2.32239,3.52141,1.26078,-1.11805
2019-10-18,5.81598,3.03449,4.30929,1.79168,5.58036,3.25541,4.46345,1.47208,3.35086,2.60534,3.47319,1.30911,3.20138,2.69718,3.21714,1.37614,2.9682,2.18899,3.21561,1.1909,-2.67942
2019-10-21,5.81598,3.03449,4.30929,1.79168,5.955,3.47396,4.7631,1.57091,4.06157,3.1584,4.20977,1.58594,3.70682,3.12302,3.72507,1.59341,5.39301,4.13358,5.4134,1.8931,0.58487
2019-10-22,5.81598,3.03449,4.30929,1.79168,5.79907,3.383,4.63839,1.52978,3.78529,2.94341,3.92344,1.47833,3.58101,3.01703,3.59864,1.53933,4.46553,3.04762,4.47562,1.50798,1.15438
2019-10-23,5.81598,3.03449,4.30929,1.79168,5.72367,3.33901,4.57808,1.50989,3.67058,2.85414,3.80455,1.43365,3.52922,2.97339,3.54659,1.51706,3.93452,2.59791,3.9778,1.37038,3.02108
2019-10-24,5.81598,3.03449,4.30929,1.79168,6.21804,3.62741,4.9735,1.6403,4.47854,3.48288,4.64192,1.74836,3.88988,3.27725,3.90903,1.6721,6.23201,5.11843,6.26218,2.50135,-0.41058
2019-10-25,5.81598,3.03449,4.30929,1.79168,6.04066,3.52393,4.83162,1.59351,4.13509,3.21562,4.28597,1.61458,3.65964,3.08327,3.67766,1.57313,5.68233,4.47704,5.70666,2.06766,-0.52751
2019-10-28,5.81598,3.03449,4.30929,1.79168,5.87708,3.42851,4.70079,1.55036,3.84483,2.98974,3.98514,1.50152,3.31001,2.78871,3.32631,1.42284,4.82041,3.44786,4.83197,1.62923,2.40311
2019-10-29,5.81598,3.03449,4.30929,1.79168,6.11939,3.56986,4.89459,1.61428,4.24183,3.29868,4.39659,1.65616,3.74348,3.15391,3.76191,1.60917,5.94675,4.78733,5.97414,2.25764,0.69778
2019-10-30,5.81598,3.03449,4.30929,1.79168,5.96824,3.48169,4.7737,1.57441,3.96074,3.07994,4.10527,1.54667,3.57114,3.00871,3.58873,1.53509,5.31467,4.03991,5.33389,1.85108,0.85502
2019-10-31,5.81598,3.03449,4.30929,1.79168,5.84064,3.40725,4.67163,1.54074,3.7452,2.91221,3.88188,1.46271,3.11537,2.62472,3.13071,1.33917,4.561,3.15014,4.57057,1.53795,-0.19017
2019-11-01,5.81598,3.03449,4.30929,1.79168,5.66546,3.30505,4.53152,1.49453,3.46903,2.6973,3.59566,1.35514,3.09154,2.60464,3.10676,1.32892,3.30797,2.30258,3.48041,1.25131,-0.23703
2019-11-04,5.81598,3.03449,4.30929,1.79168,5.49728,3.20694,4.39699,1.45017,3.22849,2.51012,3.34636,1.26144,3.07965,2.59463,3.09482,1.32381,2.67196,2.08758,2.92709,1.1257,1.54612
2019-11-05,5.81598,3.03449,4.30929,1.79168,5.51978,3.22007,4.41499,1.4561,3.35584,2.60922,3.47835,1.31105,2.95121,2.48642,2.96575,1.2686,2.84237,2.14735,3.10389,1.16564,0.55024
2019-11-06,5.81598,3.03449,4.30929,1.79168,5.37596,3.13617,4.29996,1.41816,3.1622,2.45902,3.27718,1.23657,2.88437,2.4301,2.89857,1.23987,2.58458,2.05443,2.81975,1.1014,-0.08575
2019-11-07,5.81598,3.03449,4.30929,1.79168,5.21279,3.04098,4.16945,1.37512,2.952,2.29539,3.05936,1.15466,2.82168,2.37728,2.83557,1.21292,2.48862,2.01542,2.68397,1.0705,0.65683
2019-11-08,5.81598,3.03449,4.30929,1.79168,5.09066,2.96973,4.07176,1.3429,2.83562,2.2048,2.93876,1.10932,2.86066,2.41012,2.87474,1.22968,2.47795,2.01089,2.66751,1.06674,0.60034
2019-11-11,5.81598,3.03449,4.30929,1.79168,4.96695,2.89757,3.97282,1.31027,2.72466,2.11842,2.82379,1.06609,2.87149,2.41925,2.88563,1.23433,2.47088,2.00786,2.65642,1.06421,-0.23387
2019-11-12,5.81598,3.03449,4.30929,1.79168,4.82054,2.81215,3.8557,1.27164,2.57897,2.00501,2.67282,1.00932,2.70079,2.27544,2.71409,1.16096,2.45645,2.00164,2.6334,1.05894,-1.45773
2019-11-13,5.81598,3.03449,4.30929,1.79168,4.86574,2.83852,3.89187,1.28357,2.82378,2.19558,2.92649,1.1047,2.8828,2.42878,2.89699,1.2392,2.56183,2.04545,2.78943,1.09451,-0.39835
2019-11-14,5.81598,3.03449,4.30929,1.79168,4.73199,2.7605,3.78488,1.24829,2.68368,2.08652,2.78132,1.05012,2.84326,2.39546,2.85726,1.2222,2.48892,2.01555,2.68443,1.07061,-0.16081
2019-11-15,5.81598,3.03449,4.30929,1.79168,4.59027,2.67782,3.67152,1.2109,2.53793,1.97306,2.63029,0.99333,2.8044,2.36273,2.81821,1.20549,2.46117,2.00369,2.641,1.06068,0.69969
2019-11-18,5.81598,3.03449,4.30929,1.79168,4.4976,2.62376,3.59741,1.18645,2.49622,1.9406,2.58707,0.97708,2.78248,2.34426,2.79618,1.19607,2.46963,2.00733,2.65446,1.06376,-0.9838
2019-11-19,5.81598,3.03449,4.30929,1.79168,4.45525,2.59905,3.56353,1.17528,2.55748,1.98828,2.65055,1.00095,2.84992,2.40107,2.86395,1.22506,2.49279,2.01718,2.69033,1.07196,-2.52573
2019-11-20,3.82154,3.01409,3.84231,1.79168,4.11344,2.78645,3.53143,1.2966,3.44587,2.67983,3.57112,1.34709,3.22144,2.71409,3.23731,1.38476,4.15865,2.76051,4.17996,1.42302,1.34349
2019-11-21,3.82154,3.01409,3.84231,1.79168,4.12252,2.7926,3.53923,1.29946,3.44915,2.68239,3.57452,1.34837,3.22357,2.71588,3.23944,1.38568,3.90074,2.57668,3.94856,1.36303,0.6955
2019-11-22,3.82154,3.01409,3.84231,1.79168,4.0333,2.73216,3.46264,1.27134,3.27054,2.54335,3.38944,1.27878,3.21217,2.70628,3.22799,1.38078,3.01732,2.205,3.25633,1.20013,0.36829
2019-11-25,3.82154,3.01409,3.84231,1.79168,3.92089,2.65602,3.36613,1.23591,3.06517,2.38349,3.17663,1.19876,3.1047,2.61573,3.11999,1.33458,2.61231,2.06517,2.85532,1.10946,-0.89256
2019-11-26,3.82154,3.01409,3.84231,1.79168,3.8642,2.61762,3.31746,1.21804,2.99541,2.32918,3.10434,1.17158,3.11576,2.62505,3.1311,1.33934,2.54685,2.03944,2.76884,1.08984,0.34001
2019-11-27,3.82154,3.01409,3.84231,1.79168,3.75579,2.54418,3.22439,1.18386,2.82216,2.19432,2.92482,1.10408,2.71274,2.28551,2.7261,1.1661,2.48328,2.01316,2.67577,1.06863,-0.69059
2019-11-28,3.82154,3.01409,3.84231,1.79168,3.68071,2.49331,3.15993,1.1602,2.73817,2.12894,2.83779,1.07135,2.57675,2.17093,2.58944,1.10764,2.47613,2.01011,2.66467,1.06609,0.13455
2019-11-29,3.82154,3.01409,3.84231,1.79168,3.57011,2.4184,3.06498,1.12534,2.58256,2.0078,2.67653,1.01072,2.52604,2.1282,2.53848,1.08584,2.45725,2.00199,2.6347,1.05924,0.06957
2019-12-02,3.82154,3.01409,3.84231,1.79168,3.46177,2.34501,2.97197,1.09119,2.44544,1.90107,2.53445,0.95729,2.5083,2.11326,2.52065,1.07821,2.45087,1.99921,2.62435,1.05686,-3.07339
2019-12-03,3.82154,3.03449,3.85219,1.79168,4.11933,2.87145,3.68095,1.29846,3.77982,2.93979,3.91718,1.47721,3.357,2.8283,3.37353,1.44304,5.34961,4.08171,5.36935,1.86956,1.67891
2019-12-04,3.82154,3.03449,3.85219,1.79168,4.20154,2.92875,3.75441,1.32437,3.8488,2.99349,3.98865,1.50409,3.38218,2.84951,3.39883,1.45386,5.46859,4.2237,5.49007,1.93566,1.24687
2019-12-05,3.82154,3.03449,3.85219,1.79168,4.1872,2.91875,3.74159,1.31985,3.75319,2.91698,3.89102,1.46566,3.40417,2.86804,3.42093,1.46331,5.01618,3.6519,5.02986,1.70374,-0.29801
2019-12-06,3.82154,3.03449,3.85219,1.79168,4.06624,2.83443,3.6335,1.28172,3.48629,2.70937,3.61435,1.36174,3.37498,2.84344,3.3916,1.45076,3.79757,2.52156,3.87022,1.34901,-0.78476
2019-12-09,3.82154,3.03449,3.85219,1.79168,3.98925,2.78077,3.56471,1.25745,3.32717,2.58559,3.4494,1.29978,3.42331,2.88416,3.44017,1.47154,2.99105,2.2105,3.24362,1.2036,-1.66996
2019-12-10,3.82154,3.03449,3.85219,1.79168,4.07963,2.84377,3.64547,1.28594,3.49556,2.71658,3.62396,1.36535,3.12759,2.63501,3.14299,1.34442,3.28656,2.30826,3.47663,1.25658,0.26124
2019-12-11,3.82154,3.03449,3.85219,1.79168,3.96055,2.76076,3.53906,1.24841,3.25464,2.52918,3.37422,1.27155,2.89642,2.44025,2.91068,1.24505,2.68836,2.10624,2.94417,1.13602,1.19217
2019-12-12,3.82154,3.03449,3.85219,1.79168,3.95007,2.75346,3.5297,1.2451,3.24003,2.51782,3.35908,1.26586,2.93476,2.47255,2.94921,1.26153,2.66412,2.09715,2.91511,1.12946,-0.12264
2019-12-13,3.82154,3.03449,3.85219,1.79168,3.83092,2.67041,3.42323,1.20755,3.02328,2.34921,3.13438,1.18146,2.87505,2.42225,2.88921,1.23586,2.52989,2.0438,2.7337,1.08831,0.497
2019-12-16,3.82154,3.03449,3.85219,1.79168,3.73425,2.60302,3.33684,1.17707,2.86881,2.22906,2.97426,1.12131,2.85872,2.40849,2.8728,1.22885,2.50107,2.0316,2.68942,1.07821,0.51866
2019-12-17,3.82154,3.03449,3.85219,1.79168,3.64285,2.53931,3.25517,1.14826,2.73933,2.12834,2.84004,1.0709,2.69952,2.27436,2.71281,1.16041,2.49195,2.02768,2.67497,1.07491,-0.22002
2019-12-18,3.82154,3.03449,3.85219,1.79168,3.53601,2.46483,3.1597,1.11459,2.59208,2.0138,2.6874,1.01356,2.68773,2.26443,2.70096,1.15534,2.48096,2.02291,2.65724,1.07085,-0.44083
2019-12-19,3.53785,2.84362,3.68921,1.79168,3.44536,2.33389,3.02306,1.08601,2.49305,1.93677,2.58474,0.975,2.60052,2.19095,2.61332,1.11785,2.4817,2.02323,2.65845,1.07113,-0.45925
2019-12-20,3.53785,2.84362,3.68921,1.79168,3.35941,2.27567,2.94765,1.05892,2.4121,1.8738,2.50082,0.94348,2.54769,2.14644,2.56023,1.09515,2.48246,2.02356,2.65968,1.07141,0.34214
2019-12-23,3.53785,2.84362,3.68921,1.79168,3.2679,2.21368,2.86735,1.03008,2.32145,1.8033,2.40686,0.90819,2.51723,2.12078,2.52962,1.08205,2.4804,2.02267,2.65633,1.07065,-0.60912
2019-12-24,3.53785,2.67942,3.63003,1.79168,3.20351,2.17006,2.81086,1.00978,2.30055,1.78704,2.38519,0.90005,2.53046,2.13193,2.54292,1.08774,2.4871,2.02558,2.66719,1.07313,-0.80153
2019-12-26,3.53785,2.67942,3.63003,1.79168,3.16776,2.14585,2.77949,0.99851,2.33863,1.81666,2.42466,0.91488,2.58519,2.17804,2.59792,1.11127,2.49957,2.03095,2.68706,1.07767,0.2126
2019-12-27,3.53785,2.67942,3.63003,1.79168,3.0757,2.08348,2.69871,0.96949,2.24477,1.74365,2.32736,0.87833,2.54987,2.14828,2.56242,1.09608,2.48358,2.02405,2.6615,1.07183,-3.90825
2019-12-30,3.90825,2.84362,3.83483,1.79168,5.08586,2.96693,4.15548,1.34163,4.35021,3.38137,4.5099,1.69812,3.86434,3.25573,3.88337,1.66112,6.44611,5.33892,6.47782,2.66471,4.56892
2019-12-31,3.90825,2.84362,3.83483,1.79168,6.50481,3.7947,5.31486,1.71595,5.94653,4.62307,6.16468,2.31968,4.93022,4.15374,4.95449,2.1193,6.59042,5.50433,6.62326,2.81791,0.13641
2020-01-02,3.90825,2.84362,3.83483,1.79168,6.30792,3.67984,5.15398,1.66401,5.43335,4.22389,5.6327,2.11986,4.60166,3.87693,4.62432,1.97806,6.3301,5.20534,6.36082,2.55111,-0.18833
2020-01-03,3.90825,2.84362,3.83483,1.79168,6.11825,3.5692,4.99901,1.61398,4.97553,3.86777,5.15812,1.9416,4.57845,3.85738,4.601,1.96809,5.74989,4.52851,5.77446,2.09107,0.86088
2020-01-06,3.90825,2.84362,3.83483,1.79168,5.98548,3.49175,4.89054,1.57895,4.63509,3.60296,4.80522,1.80905,4.56365,3.8449,4.58612,1.96172,5.08043,3.72895,5.09512,1.73099,0.2763
2020-01-07,3.90825,2.84362,3.83483,1.79168,5.80881,3.38868,4.74618,1.53235,4.27524,3.31556,4.43731,1.6653,3.88444,3.27267,3.90357,1.66976,3.87621,2.56452,3.93544,1.36494,0.92025
2020-01-08,3.90825,2.84362,3.83483,1.79168,5.69631,3.32305,4.65426,1.50267,4.03421,3.12851,4.18717,1.57165,2.83945,2.39225,2.85343,1.22056,3.1376,2.25835,3.36276,1.2306,-2.8338
2020-01-09,3.90825,2.84362,3.83483,1.79168,6.11759,3.56881,4.99847,1.6138,4.62894,3.59006,4.80439,1.80274,3.52801,2.97237,3.54538,1.51654,5.75394,4.5333,5.77857,2.09374,-0.28278
2020-01-10,3.90825,2.84362,3.83483,1.79168,5.93703,3.46348,4.85095,1.56617,4.2615,3.3049,4.42305,1.65996,3.34935,2.82185,3.36584,1.43974,4.7858,3.37925,4.79637,1.61462,-0.52467
2020-01-13,3.90825,2.84362,3.83483,1.79168,5.77675,3.36998,4.71998,1.52389,3.95886,3.07003,4.10896,1.54236,3.30785,2.78688,3.32413,1.42191,3.63252,2.44203,3.7385,1.31747,0.02073
2020-01-14,3.90825,2.84362,3.83483,1.79168,5.6008,3.26733,4.57622,1.47747,3.65617,2.83512,3.79483,1.42475,3.29684,2.77761,3.31307,1.41717,2.77108,2.13621,3.03643,1.15684,1.50313
2020-01-15,3.90825,2.84362,3.83483,1.79168,5.60668,3.27076,4.58103,1.47903,3.68279,2.85577,3.82245,1.43509,3.42961,2.88947,3.4465,1.47425,2.88704,2.17609,3.15123,1.18273,-1.58933
2020-01-16,3.90825,2.84362,3.83483,1.79168,5.63264,3.28591,4.60224,1.48588,3.74602,2.90485,3.88808,1.45966,3.16087,2.66306,3.17644,1.35873,3.06422,2.23437,3.30435,1.21735,0.66292
2020-01-17,3.90825,2.84362,3.83483,1.79168,5.49563,3.20598,4.49029,1.44973,3.52457,2.73299,3.65825,1.37361,3.1322,2.6389,3.14763,1.3464,2.68223,2.10396,2.93692,1.13438,0.37135
2020-01-20,3.90825,2.84362,3.83483,1.79168,5.33936,3.11482,4.36261,1.40851,3.29058,2.55139,3.41541,1.28269,3.11586,2.62513,3.1312,1.33938,2.54283,2.04919,2.75292,1.09268,-0.22639
2020-01-21,3.90825,2.84362,3.83483,1.79168,5.18097,3.02242,4.23319,1.36672,3.07453,2.38372,3.19119,1.19874,3.11665,2.6258,3.132,1.33972,2.49678,2.02976,2.68266,1.07667,-0.96794
2020-01-22,3.90825,2.84362,3.83483,1.79168,5.10291,2.97688,4.16941,1.34613,3.02797,2.34759,3.14288,1.18065,3.06941,2.586,3.08453,1.31941,2.51677,2.03828,2.71381,1.08378,-1.80663
2020-01-23,3.90825,2.84362,3.83483,1.79168,5.22412,3.04759,4.26845,1.37811,3.33572,2.58642,3.46226,1.30023,3.19525,2.69202,3.21098,1.37351,2.77507,2.13762,3.04063,1.15779,0.03466
2020-01-24,3.90825,2.84362,3.83483,1.79168,5.06508,2.95481,4.1385,1.33615,3.10577,2.40797,3.22362,1.21088,3.09019,2.60351,3.10541,1.32834,2.55809,2.05547,2.77504,1.09772,-1.00832
2020-01-27,3.90825,2.84362,3.83483,1.79168,4.99923,2.9164,4.0847,1.31878,3.06629,2.37733,3.18264,1.19554,3.17054,2.6712,3.18615,1.36288,2.55107,2.0526,2.76494,1.09542,0.98334
2020-01-28,3.90825,2.84362,3.83483,1.79168,4.93219,2.87729,4.02992,1.3011,3.01945,2.34097,3.13403,1.17734,3.223,2.7154,3.23887,1.38543,2.54751,2.05113,2.75976,1.09424,-0.9905
2020-01-29,3.90825,2.84362,3.83483,1.79168,4.86958,2.84076,3.97877,1.28458,2.98922,2.31751,3.10266,1.16559,3.23389,2.72457,3.24981,1.39011,2.54369,2.04955,2.75418,1.09297,-0.45805
2020-01-30,3.90825,2.84362,3.83483,1.79168,4.74035,2.76537,3.87318,1.25049,2.83825,2.20035,2.94598,1.10693,2.90044,2.44364,2.91472,1.24678,2.50319,2.03251,2.69277,1.07897,-0.17097
2020-01-31,3.90825,2.84362,3.83483,1.79168,4.59868,2.68273,3.75743,1.21312,2.676,2.07443,2.77759,1.04388,2.68824,2.26486,2.70147,1.15556,2.48391,2.02419,2.66203,1.07195,-0.99266
2020-02-03,3.90825,2.84362,3.83483,1.79168,4.55287,2.656,3.71999,1.20103,2.70874,2.09984,2.81157,1.05661,2.72319,2.2943,2.73659,1.17058,2.5127,2.03656,2.70755,1.08235,0.02714
2020-02-04,3.90825,2.84362,3.83483,1.79168,4.41424,2.57513,3.60672,1.16446,2.55777,1.98268,2.65489,0.99794,2.63071,2.21639,2.64367,1.13083,2.48605,2.02512,2.66549,1.07274,-0.55472
2020-02-05,3.90825,2.84362,3.83483,1.79168,4.31065,2.5147,3.52208,1.13714,2.48489,1.92715,2.57886,0.96881,2.58434,2.17733,2.59707,1.1109,2.48707,2.02556,2.66714,1.07312,0.6134
2020-02-06,3.90825,2.84362,3.83483,1.79168,4.21796,2.46063,3.44635,1.11269,2.43572,1.88898,2.52783,0.94969,2.60099,2.19135,2.6138,1.11806,2.49079,2.02717,2.67311,1.07448,-0.24674
2020-02-07,3.90825,2.84362,3.83483,1.79168,4.09588,2.38941,3.3466,1.08048,2.33531,1.81103,2.42363,0.91067,2.58537,2.1782,2.5981,1.11134,2.48096,2.02291,2.65723,1.07085,0.64642
2020-02-10,3.90825,2.84362,3.83483,1.79168,4.01621,2.34293,3.28151,1.05946,2.31959,1.79883,2.40733,0.90456,2.47206,2.08273,2.48423,1.06264,2.48996,2.02681,2.67178,1.07418,-1.25856
2020-02-11,3.90825,2.84362,3.83483,1.79168,4.06545,2.37165,3.32174,1.07245,2.5365,1.96721,2.63241,0.98886,2.6335,2.21874,2.64647,1.13203,2.54903,2.05175,2.76198,1.09474,0.12776
2020-02-12,3.90825,2.84362,3.83483,1.79168,3.94338,2.30045,3.222,1.04025,2.41185,1.87045,2.50306,0.94042,2.56472,2.16079,2.57735,1.10247,2.49761,2.03012,2.68398,1.07697,1.22785
2020-02-13,3.90825,2.84362,3.83483,1.79168,3.98962,2.32742,3.25979,1.05245,2.58533,2.00512,2.68309,1.00784,2.70029,2.27501,2.71359,1.16074,2.55307,2.05342,2.76783,1.09608,0.43727
2020-02-14,3.90825,2.84362,3.83483,1.79168,3.88934,2.26892,3.17784,1.026,2.48597,1.92799,2.57998,0.96923,2.64967,2.23237,2.66272,1.13898,2.50637,2.03386,2.69773,1.08011,-0.11046
2020-02-17,3.90825,2.84362,3.83483,1.79168,3.77225,2.20061,3.08217,0.99511,2.36831,1.83665,2.45788,0.92349,2.59012,2.18219,2.60287,1.11338,2.48438,2.0244,2.6628,1.07212,-0.20045
2020-02-18,3.90825,2.84362,3.83483,1.79168,3.66206,2.13633,2.99215,0.96604,2.27344,1.76301,2.35943,0.88662,2.47848,2.08814,2.49068,1.0654,2.47834,2.02176,2.65295,1.06987,1.69964
2020-02-19,3.90825,2.84362,3.83483,1.79168,3.88546,2.26666,3.17467,1.02497,2.72611,2.1144,2.82917,1.06256,2.78416,2.34568,2.79787,1.1968,2.6663,2.09797,2.91776,1.13005,-0.23955
2020-02-20,3.90825,2.84362,3.83483,1.79168,3.77365,2.20143,3.08332,0.99548,2.58412,2.00417,2.68182,1.00737,2.60855,2.19772,2.62139,1.12131,2.5327,2.04498,2.73791,1.08927,0.1211
2020-02-21,3.90825,2.84362,3.83483,1.79168,3.66042,2.13538,2.9908,0.96561,2.45259,1.90207,2.54534,0.95625,2.58528,2.17812,2.59801,1.11131,2.49266,2.02798,2.6761,1.07517,-0.22669
2020-02-24,3.90825,2.84362,3.83483,1.79168,3.55515,2.07396,2.90479,0.93784,2.34778,1.82071,2.43657,0.91552,2.55408,2.15183,2.56666,1.09789,2.48127,2.02304,2.65775,1.07097,-1.32285
2020-02-25,3.53785,2.8338,3.26368,1.79168,3.65917,2.07443,2.92343,0.96528,2.58787,2.00708,2.68571,1.00883,2.73634,2.30538,2.74981,1.17624,2.55382,2.05372,2.7689,1.09632,-1.04104
2020-02-26,3.53785,2.8338,3.26368,1.79168,3.67703,2.08455,2.9377,0.96999,2.65393,2.05836,2.75427,1.0345,2.59789,2.18874,2.61068,1.11672,2.5534,2.05355,2.7683,1.09618,-0.57709
2020-02-27,3.53785,2.8338,3.26368,1.79168,3.60506,2.04375,2.8802,0.95101,2.57317,1.99567,2.67046,1.00311,2.58777,2.18021,2.60051,1.11237,2.51173,2.03615,2.70606,1.08201,-2.5769
2020-02-28,3.53785,2.8338,3.26368,1.79168,4.23581,2.47104,3.48854,1.1174,3.48987,2.70726,3.62172,1.35939,3.21381,2.70766,3.22964,1.38148,4.20912,2.79306,4.23073,1.44072,-1.9184
2020-03-02,3.53785,2.8338,3.26368,1.79168,4.47646,2.61143,3.68673,1.18088,3.73697,2.89907,3.87813,1.45542,3.37016,2.83939,3.38676,1.44869,4.8182,3.41703,4.82911,1.62638,1.02667
2020-03-03,3.53785,2.8338,3.26368,1.79168,4.44356,2.59223,3.65963,1.1722,3.59682,2.79029,3.7327,1.40096,3.28131,2.76453,3.29747,1.4105,4.11178,2.71763,4.14126,1.41702,1.08558
2020-03-04,3.53785,2.8338,3.26368,1.79168,4.42454,2.58114,3.64397,1.16718,3.49437,2.71076,3.62639,1.36114,3.29097,2.77266,3.30717,1.41465,3.47777,2.37789,3.62006,1.28969,0.3658
2020-03-05,3.53785,2.8338,3.26368,1.79168,4.30318,2.51034,3.54402,1.13517,3.26353,2.53194,3.38662,1.2715,3.25503,2.74238,3.27105,1.3992,2.7512,2.12914,3.01515,1.15204,0.15388
2020-03-06,3.53785,2.8338,3.26368,1.79168,4.17454,2.43529,3.43807,1.10123,3.04609,2.36312,3.16099,1.18698,2.86623,2.41482,2.88035,1.23207,2.55378,2.05371,2.76885,1.09631,-4.13132
2020-03-09,3.90825,2.84362,3.47994,1.79168,5.57648,3.98607,4.97028,1.47106,4.90578,3.8069,5.09066,1.90983,4.06317,3.42325,4.08318,1.74659,6.54002,5.44664,6.57247,2.76283,-6.91661
2020-03-10,4.13132,3.07339,4.15877,1.79168,8.92764,6.2376,8.21786,2.21462,8.05368,6.25078,8.357,3.1334,6.36355,5.36134,6.39489,2.73543,6.59048,5.5044,6.62332,2.81797,7.77995
2020-03-11,4.13132,3.07339,4.15877,1.79168,11.57315,8.08598,10.65305,2.87088,10.48223,8.1362,10.87693,4.07737,8.17675,6.88897,8.21701,3.51484,6.59048,5.5044,6.62332,2.81797,-0.50209
2020-03-12,4.13132,3.07339,4.15877,1.79168,11.23154,7.8473,10.33859,2.78613,9.52544,7.39339,9.88414,3.70547,7.58932,6.39405,7.62669,3.26233,6.35247,5.23114,6.38339,2.57239,-1.66605
2020-03-13,4.13132,3.07339,4.15877,1.79168,11.01295,7.69457,10.13738,2.73191,8.79931,6.82966,9.13069,3.42323,7.68863,6.47772,7.72649,3.30502,6.3004,5.17106,6.33086,2.52333,0.91054
2020-03-16,4.13132,3.07339,4.15877,1.79168,10.71524,7.48657,9.86334,2.65806,8.04271,6.24227,8.34562,3.12914,7.28139,6.13462,7.31725,3.12997,5.90953,4.71629,5.93602,2.20157,-1.68482
2020-03-17,4.13132,3.07339,4.15877,1.79168,10.52117,7.35098,9.68471,2.60992,7.49403,5.8163,7.7763,2.91587,6.1247,5.1601,6.15486,2.63275,5.92086,4.72958,5.94748,2.20985,-3.4441
2020-03-18,4.13132,3.38519,4.22055,1.79168,10.75264,7.5127,9.89777,2.66734,7.58983,5.89067,7.8757,2.95311,4.72174,3.9781,4.74499,2.02968,6.57548,5.48724,6.60821,2.8014,-9.50425
2020-03-19,6.91661,3.4441,5.2404,1.79168,14.02707,11.03899,13.34488,3.4796,11.48617,8.91561,11.91865,4.46759,8.4453,7.11523,8.48689,3.63028,6.59048,5.5044,6.62332,2.81797,9.22694
2020-03-20,6.91661,3.4441,5.2404,1.79168,16.36965,12.88254,15.57353,4.06071,13.70015,10.63444,14.21593,5.32815,10.21534,8.6065,10.26564,4.39115,6.59048,5.5044,6.62332,2.81797,-11.62606
2020-03-23,9.50425,3.53785,6.60405,1.79168,19.58775,15.41511,18.63512,4.859,16.74051,12.99484,17.3707,6.50993,12.93207,10.89535,12.99574,5.55896,6.59048,5.5044,6.62332,2.81797,10.79091
2020-03-24,9.50425,3.53785,6.60405,1.79168,21.77607,17.13727,20.71702,5.40185,18.39208,14.27704,19.0844,7.15188,14.53259,12.24381,14.60415,6.24696,6.59048,5.5044,6.62332,2.81797,-5.27757
2020-03-25,9.50425,3.90825,6.89401,1.79168,21.74634,17.11387,20.68873,5.39447,17.42109,13.52321,18.07688,6.77446,14.31303,12.05882,14.3835,6.15257,6.59048,5.5044,6.62332,2.81797,-0.79701
2020-03-26,9.50425,3.90825,6.89401,1.79168,21.09854,16.60407,20.07244,5.23378,15.79908,12.26395,16.39384,6.144,12.99292,10.94662,13.0569,5.58511,6.38675,5.27063,6.41796,2.60556,-8.95232
2020-03-27,9.50425,4.13132,7.73469,1.79168,22.28416,17.53712,21.20039,5.52788,16.72304,12.98128,17.35257,6.50314,13.55176,11.41745,13.61849,5.82534,6.59048,5.5044,6.62332,2.81797,-2.5756
2020-03-30,9.50425,4.13132,7.73469,1.79168,21.75447,17.12027,20.69646,5.39649,15.35283,11.91751,15.9308,5.97054,11.2763,9.50036,11.33183,4.84721,6.57548,5.48724,6.60821,2.8014,-1.61963
2020-03-31,9.50425,4.13132,7.73469,1.79168,21.15229,16.64637,20.12357,5.24711,13.99919,10.86661,14.52623,5.44439,9.27044,7.81041,9.31609,3.98498,6.48871,5.38783,6.52076,2.70851,29.29357
2020-04-01,9.50425,4.13132,7.73469,1.79168,35.45808,27.9047,33.73361,8.79585,30.98149,24.05087,32.14751,12.04531,23.65018,19.92543,23.76663,10.16622,6.59048,5.5044,6.62332,2.81797,-1.05512
2020-04-02,9.50425,4.13132,7.73469,1.79168,34.39367,27.06703,32.72097,8.53181,28.06131,21.78378,29.11746,10.91025,20.69512,17.43578,20.79702,8.89597,6.42331,5.3127,6.45483,2.64173,1.20893
2020-04-03,9.50425,4.13132,7.73469,1.79168,33.36726,26.25927,31.74448,8.2772,26.2101,20.26344,27.25389,10.15446,21.58749,18.18761,21.69378,9.27956,6.21458,5.07179,6.24425,2.44585,0.45621
2020-04-06,9.50425,4.13132,7.73469,1.79168,32.3539,25.46177,30.7804,8.02582,23.66279,18.29391,24.60517,9.16785,21.58681,18.18703,21.6931,9.27927,5.58936,4.33842,5.61183,1.99051,0.34097
2020-04-07,9.50425,4.13132,7.73469,1.79168,31.37007,24.68753,29.84442,7.78177,21.36412,16.51662,22.21499,8.27755,21.58482,18.18536,21.6911,9.27841,4.57067,3.13751,4.58046,1.54231,-1.66569
2020-04-08,9.50425,4.13132,7.73469,1.79168,30.45885,23.97042,28.97752,7.55573,19.36191,14.96854,20.13306,7.50207,20.40632,17.19246,20.5068,8.77183,4.70207,3.28301,4.71196,1.58531,-0.08219
2020-04-09,9.50425,4.13132,7.73469,1.79168,29.53107,23.24027,28.09485,7.32558,17.48419,13.51673,18.18059,6.7748,20.1006,16.93489,20.19958,8.64041,3.4088,2.35178,3.56822,1.27766,-0.81141
2020-04-13,9.50425,4.13132,7.73469,1.79168,28.64264,22.5411,27.24964,7.10519,15.81289,12.2245,16.44274,6.12749,19.688,16.58728,19.78494,8.46305,2.82999,2.15673,3.09659,1.17041,0.5451
2020-04-14,9.50425,4.13132,7.73469,1.79168,27.77529,21.85851,26.42446,6.89003,14.29562,11.05138,14.86507,5.53983,19.69054,16.58942,19.7875,8.46414,2.59761,2.0714,2.82993,1.11017,-8.15199
2020-04-15,9.50425,5.27757,8.4048,1.79168,28.1065,22.11917,26.73957,6.97219,15.29482,11.82394,15.90405,5.92683,19.83022,16.7071,19.92787,8.52419,6.59048,5.5044,6.62332,2.81797,0.62308
2020-04-16,9.50425,5.27757,8.4048,1.79168,27.25721,21.4508,25.93158,6.76152,13.83247,10.69328,14.38348,5.36045,20.20393,17.02195,20.30341,8.68483,6.36793,5.24896,6.39898,2.58726,-0.28847
2020-04-17,9.50425,5.27757,8.4048,1.79168,26.42838,20.79853,25.14306,6.55591,12.50493,9.66685,13.00309,4.84627,20.18728,17.00792,20.28668,8.67767,5.83809,4.63242,5.86375,2.15077,-3.34036
2020-04-20,9.50425,5.27757,8.4048,1.79168,25.83469,20.33131,24.57824,6.40864,11.79453,9.11759,12.26441,4.57113,20.13303,16.96221,20.23216,8.65435,6.56699,5.47752,6.59965,2.79208,4.04871
2020-04-21,9.50425,5.27757,8.4048,1.79168,25.3647,19.96144,24.13112,6.29206,11.4112,8.8212,11.86582,4.42266,19.61998,16.52997,19.71659,8.43381,6.59027,5.50415,6.6231,2.81773,-11.83638
2020-04-22,11.62606,6.91661,9.49793,1.79168,27.22812,21.4279,25.9039,6.7543,15.74113,12.16902,16.36813,6.09969,19.37113,16.32031,19.46651,8.32684,6.59048,5.5044,6.62332,2.81797,13.53608
2020-04-23,11.62606,6.91661,9.49793,1.79168,29.58955,23.2863,28.1505,7.34009,19.66058,15.19947,20.44362,7.61775,19.69667,16.59458,19.79365,8.46678,6.59048,5.5044,6.62332,2.81797,2.33691
2020-04-24,11.62606,6.91661,9.49793,1.79168,28.78079,22.64982,27.38107,7.13946,17.90642,13.84318,18.61962,6.93834,19.97698,16.83074,20.07535,8.58727,6.56643,5.47688,6.59909,2.79147,1.07098
2020-04-27,11.62606,6.91661,9.49793,1.79168,27.92405,21.97559,26.56599,6.92693,16.20721,12.52939,16.85277,6.28021,19.80679,16.68735,19.90431,8.51411,6.3899,5.27427,6.42115,2.60865,-12.63784
2020-04-28,11.83638,8.15199,10.45147,1.79168,29.81102,23.46059,28.36119,7.39502,19.37488,14.97857,20.14654,7.50709,20.16095,16.98573,20.26022,8.66635,6.59048,5.5044,6.62332,2.81797,2.02203
2020-04-29,11.83638,8.15199,10.45147,1.79168,28.97174,22.80009,27.56273,7.18683,17.61205,13.61558,18.31353,6.82432,20.35966,17.15316,20.45991,8.75177,6.54603,5.45353,6.57853,2.76931,6.05114
2020-04-30,11.83638,8.15199,10.45147,1.79168,28.71764,22.60012,27.32098,7.12379,17.02366,13.16065,17.70172,6.59644,20.18517,17.00615,20.28456,8.67676,6.59048,5.5044,6.62332,2.81797,12.13449
2020-05-01,11.83638,8.15199,10.45147,1.79168,30.31158,23.85452,28.83741,7.5192,19.60955,15.16001,20.39056,7.59798,20.7034,17.44276,20.80534,8.89953,6.59048,5.5044,6.62332,2.81797,1.66972
2020-05-04,11.83638,8.15199,10.45147,1.79168,29.43439,23.16419,28.00287,7.30159,17.78557,13.74975,18.49397,6.89153,15.17146,12.78206,15.24617,6.52158,6.51139,5.41384,6.54363,2.73231,0.65051
2020-05-05,11.83638,8.15199,10.45147,1.79168,28.54492,22.4642,27.15667,7.08095,16.13672,12.46454,16.78671,6.24858,11.91965,10.04239,11.97835,5.12376,6.20446,5.06006,6.23403,2.43697,5.89599
2020-05-06,11.83638,8.15199,10.45147,1.79168,28.28107,22.25656,26.90565,7.0155,15.74079,12.15867,16.37484,6.09534,12.19753,10.2765,12.25759,5.24321,6.59048,5.5044,6.62332,2.81797,-0.53573
2020-05-07,11.83638,8.15199,10.45147,1.79168,27.42462,21.58255,26.09085,6.80305,14.25879,11.01376,14.83317,5.52175,12.18553,10.26639,12.24553,5.23805,6.35578,5.23496,6.38673,2.57556,-1.23923
2020-05-08,11.83638,8.15199,10.45147,1.79168,26.6173,20.94721,25.3228,6.60278,12.97035,10.01839,13.49286,5.02307,12.43262,10.47457,12.49384,5.34426,6.12589,4.96887,6.1547,2.36999,0.85837
2020-05-11,11.83638,8.15199,10.45147,1.79168,25.82035,20.32002,24.5646,6.40508,11.7785,9.09763,12.25302,4.56177,12.41904,10.46313,12.48019,5.33843,5.61361,4.36722,5.63641,2.00506,-3.35153
2020-05-12,11.83638,8.15199,10.45147,1.79168,25.25156,19.8724,24.02348,6.26399,11.18548,8.6395,11.63613,4.33225,12.50674,10.53702,12.56833,5.37613,6.55915,5.46856,6.59175,2.78353,1.18212
2020-05-13,11.83638,8.15199,10.45147,1.79168,24.51011,19.28889,23.31808,6.08006,10.20534,7.88229,10.61652,3.95289,12.54499,10.56924,12.60676,5.39257,6.39936,5.28515,6.43069,2.61795,-2.67699
2020-05-14,11.83638,8.15199,10.45147,1.79168,23.91,16.98137,21.83007,5.9312,9.6334,7.44045,10.02156,3.73153,12.59646,10.61261,12.65849,5.41469,6.5526,5.46106,6.58516,2.77642,2.86698
2020-05-15,11.83638,8.15199,10.45147,1.79168,23.35383,16.58636,21.32228,5.79323,9.19185,7.09933,9.56223,3.56063,12.15141,10.23764,12.21124,5.22338,6.58065,5.49316,6.61342,2.8071,3.75621
2020-05-18,11.83638,8.15199,10.45147,1.79168,22.94416,16.29541,20.94824,5.69161,9.13953,7.05891,9.5078,3.54038,12.24628,10.31758,12.30658,5.26417,6.58995,5.50379,6.62278,2.81738,3.81751
2020-05-19,11.83638,8.15199,10.45147,1.79168,22.56231,16.02421,20.59962,5.59688,9.12179,7.04521,9.48935,3.53351,12.35116,10.40593,12.41197,5.30925,6.59009,5.50395,6.62293,2.81753,2.04842
2020-05-20,11.83638,8.15199,10.45147,1.79168,21.96829,15.60233,20.05727,5.44953,8.52443,6.58372,8.86794,3.30231,12.27292,10.34002,12.33335,5.27561,6.54793,5.45571,6.58045,2.77136,0.39465
2020-05-21,11.83638,8.15199,10.45147,1.79168,21.30261,15.12955,19.4495,5.2844,7.75019,5.98559,8.06253,3.00265,12.15258,10.23863,12.21242,5.22389,6.24443,5.10635,6.27438,2.47232,-0.00478
2020-05-22,11.83638,8.15199,10.45147,1.79168,20.65365,14.66864,18.85699,5.12342,7.04413,5.44013,7.32805,2.72937,11.04589,9.30624,11.10028,4.74817,5.5742,4.32041,5.59646,1.98152,-1.19062
2020-05-26,11.83638,8.15199,10.45147,1.79168,20.05894,14.24627,18.31401,4.97589,6.51988,5.03512,6.78269,2.52646,9.42641,7.94181,9.47282,4.05202,5.11762,3.77362,5.1329,1.74727,3.01909
2020-05-27,11.83638,8.15199,10.45147,1.79168,19.67503,13.97361,17.9635,4.88066,6.6538,5.13858,6.922,2.5783,9.49419,7.99892,9.54094,4.08116,6.46058,5.35553,6.4924,2.67945,-1.97904
2020-05-28,11.83638,8.15199,10.45147,1.79168,19.17549,13.61882,17.50741,4.75674,6.37432,4.92267,6.63127,2.47013,9.50798,8.01054,9.5548,4.08709,6.46972,5.36604,6.50163,2.68884,0.51189
2020-05-29,11.83638,8.15199,10.45147,1.79168,18.59819,13.20882,16.98034,4.61353,5.83017,4.50229,6.06521,2.25952,7.78668,6.56033,7.82502,3.34717,6.09104,4.92833,6.11949,2.34131,1.43945
2020-06-01,11.83638,8.15199,10.45147,1.79168,18.08755,12.84615,16.51412,4.48686,5.50869,4.25394,5.73079,2.13509,7.76324,6.54058,7.80146,3.33709,5.93487,4.74599,5.96165,2.22015,-3.62615
2020-06-02,11.83638,8.15199,10.45147,1.79168,17.89835,12.71177,16.34137,4.43993,6.19982,4.78787,6.44974,2.40259,7.48403,6.30535,7.52088,3.21707,6.58225,5.49498,6.61503,2.80886,1.13422
2020-06-03,11.83638,8.15199,10.45147,1.79168,17.3892,12.35016,15.87651,4.31362,5.76237,4.44991,5.99468,2.23328,5.35193,4.50904,5.37828,2.30057,6.42576,5.31552,6.4573,2.64418,4.55169
2020-06-04,11.83638,8.15199,10.45147,1.79168,17.44827,12.39211,15.93044,4.32828,6.91531,5.3419,7.19305,2.68039,5.52594,4.65564,5.55315,2.37537,8.97533,7.47459,9.02018,3.8169,-2.33641
2020-06-05,11.83638,8.15199,10.45147,1.79168,17.07332,12.12582,15.58811,4.23526,6.70972,5.18303,6.97922,2.60081,5.51996,4.6506,5.54714,2.3728,8.90911,7.39872,8.95344,3.7418,2.86586
2020-06-08,11.83638,8.15199,10.45147,1.79168,16.79334,11.92697,15.33249,4.16581,6.73606,5.20338,7.0066,2.611,5.14562,4.33522,5.17095,2.21189,8.94952,7.44504,8.99417,3.78738,-2.5209
2020-06-09,11.83638,8.15199,10.45147,1.79168,16.47094,11.69799,15.03813,4.08584,6.62672,5.11889,6.89288,2.56867,5.22325,4.40062,5.24897,2.24526,8.92348,7.4152,8.96793,3.75792,0.56306
2020-06-10,11.83638,8.15199,10.45147,1.79168,15.97884,11.3485,14.58884,3.96377,6.05723,4.67882,6.30055,2.34821,5.17001,4.35577,5.19547,2.22237,8.30276,6.69807,8.3416,3.14525,0.86238
2020-06-11,11.83638,8.15199,10.45147,1.79168,15.51545,11.01939,14.16576,3.84882,5.58673,4.31524,5.81117,2.16606,5.15984,4.3472,5.18524,2.218,7.20396,5.39532,7.22809,2.38975,-1.12973
2020-06-12,11.83638,8.15199,10.45147,1.79168,15.08409,10.71303,13.77193,3.74181,5.22496,4.03568,5.43489,2.02601,5.00546,4.21714,5.03011,2.15164,5.92041,3.80777,5.91621,1.85653,-2.18962
2020-06-15,11.83638,8.15199,10.45147,1.79168,14.78353,10.49957,13.49751,3.66725,5.25434,4.05838,5.46545,2.03738,5.07695,4.27737,5.10195,2.18237,6.8741,4.99395,6.89222,2.22382,0.11223
2020-06-16,11.83638,8.15199,10.45147,1.79168,14.3336,10.18001,13.08672,3.55564,4.80492,3.71109,4.998,1.8634,4.93182,4.15509,4.9561,2.11998,4.5728,2.64859,4.6352,1.53614,-2.42652
2020-06-17,11.83638,8.15199,10.45147,1.79168,14.10198,10.01552,12.87525,3.49819,5.02546,3.88152,5.22739,1.94878,4.93315,4.15621,4.95744,2.12056,6.59298,4.6475,6.60526,2.09968,1.81228
2020-06-18,11.83638,8.15199,10.45147,1.79168,13.789,9.79323,12.58949,3.42055,4.9373,3.81339,5.13569,1.91465,4.74232,3.99544,4.76567,2.03853,6.62224,4.68375,6.63516,2.11192,-0.27523
2020-06-19,11.83638,8.15199,10.45147,1.79168,13.37169,9.49685,12.20849,3.31703,4.52978,3.49848,4.71183,1.75688,4.47246,3.76808,4.49448,1.92252,4.29059,2.54388,4.41902,1.48892,0.52033
2020-06-22,11.83638,8.15199,10.45147,1.79168,12.97451,9.21476,11.84586,3.2185,4.18923,3.23532,4.35762,1.62505,4.4005,3.70745,4.42217,1.89159,2.89555,2.20819,3.37349,1.26021,3.11071
2020-06-23,11.83638,8.15199,10.45147,1.79168,12.94885,9.19654,11.82243,3.21214,4.93878,3.81453,5.13723,1.91522,4.63511,3.90511,4.65794,1.99244,7.52827,5.78492,7.5575,2.57724,-0.42584
2020-06-24,11.83638,8.15199,10.45147,1.79168,12.56142,8.92137,11.4687,3.11603,4.5429,3.50861,4.72547,1.76196,4.57362,3.85331,4.59614,1.96601,5.60531,3.43093,5.59441,1.76446,-1.25817
2020-06-25,11.83638,8.15199,10.45147,1.79168,12.24195,8.69448,11.17702,3.03678,4.35604,3.36422,4.53112,1.68962,4.58424,3.86225,4.60681,1.97057,4.35715,2.5661,4.46812,1.4996,-1.17032
2020-06-26,11.83638,8.15199,10.45147,1.79168,11.92514,8.46947,10.88777,2.95819,4.17196,3.22197,4.33965,1.61836,4.44832,3.74774,4.47022,1.91215,3.23521,2.29224,3.70089,1.33289,-1.83803
2020-06-29,11.83638,8.15199,10.45147,1.79168,11.70344,8.31202,10.68535,2.90319,4.25707,3.28774,4.42817,1.65131,4.45431,3.75279,4.47624,1.91472,3.69068,2.38824,4.01505,1.40139,5.50855
2020-06-30,11.83638,8.15199,10.45147,1.79168,12.58329,8.93691,11.48867,3.12145,6.72929,5.19815,6.99956,2.60838,5.12955,4.32168,5.15481,2.20498,8.97554,7.47483,9.02039,3.81714,0.80707
2020-07-01,11.83638,8.15199,10.45147,1.79168,12.22595,8.68312,11.16242,3.03281,6.17537,4.77011,6.42343,2.39394,4.93436,4.15723,4.95866,2.12108,8.50767,6.9361,8.54853,3.32973,-0.54185
2020-07-02,11.83638,8.15199,10.45147,1.79168,11.86557,8.42717,10.83338,2.94341,5.65411,4.36731,5.88126,2.19215,4.72095,3.97744,4.7442,2.02934,7.33641,5.55501,7.36271,2.46321,-1.36075
2020-07-03,11.83638,8.15199,10.45147,1.79168,11.5823,8.22599,10.57476,2.87315,5.34343,4.12653,5.55864,2.0714,4.73866,3.99235,4.76199,2.03695,6.45467,4.47557,6.46382,2.04384,0.15629
2020-07-06,11.83638,8.15199,10.45147,1.79168,11.23052,7.97614,10.25358,2.78588,4.89282,3.77839,5.08992,1.89699,4.36556,3.67801,4.38705,1.87657,4.05596,2.47502,4.25419,1.45318,2.09369
2020-07-07,11.83638,8.15199,10.45147,1.79168,11.08292,7.87132,10.11882,2.74927,4.93851,3.81369,5.13744,1.91467,4.35609,3.67004,4.37754,1.8725,5.31323,3.12806,5.3021,1.68947,0.50795
2020-07-08,11.83638,8.15199,10.45147,1.79168,10.75699,7.63984,9.82124,2.66842,4.55546,3.51774,4.73899,1.7664,4.18036,3.52198,4.20094,1.79696,3.22602,2.29021,3.69363,1.3313,0.453
2020-07-09,11.83638,8.15199,10.45147,1.79168,10.43888,7.4139,9.5308,2.5895,4.20986,3.25073,4.37949,1.63263,4.06207,3.42232,4.08207,1.74612,2.72992,2.15657,3.14362,1.20797,0.60797
2020-07-10,11.83638,8.15199,10.45147,1.79168,10.13866,7.20068,9.2567,2.51503,3.92426,3.03008,4.0824,1.52209,4.0631,3.42319,4.08311,1.74656,2.65191,2.12886,3.01004,1.17701,-0.57946
2020-07-13,11.83638,8.15199,10.45147,1.79168,9.84643,6.99314,8.98989,2.44254,3.67189,2.83509,3.81988,1.4244,4.05517,3.41651,4.07514,1.74315,2.6296,2.12048,2.96818,1.16721,-0.93237
2020-07-14,11.83638,8.15199,10.45147,1.79168,9.59076,6.81156,8.75646,2.37912,3.52688,2.72306,3.66904,1.36827,4.04829,3.41071,4.06822,1.74019,2.64309,2.12557,2.99371,1.17319,0.08668
2020-07-15,11.83638,8.15199,10.45147,1.79168,9.29898,6.60433,8.49007,2.30674,3.27516,2.52857,3.40719,1.27084,3.94722,3.32556,3.96666,1.69675,2.61763,2.11591,2.94499,1.16175,0.828
2020-07-16,11.83638,8.15199,10.45147,1.79168,9.0527,6.42941,8.2652,2.24564,3.15821,2.43822,3.28554,1.22557,3.96605,3.34143,3.98558,1.70484,2.63406,2.12218,2.9767,1.16921,0.01006
2020-07-17,11.83638,8.15199,10.45147,1.79168,8.77692,6.23355,8.01342,2.17723,2.94992,2.27729,3.06888,1.14495,3.84151,3.2365,3.86042,1.6513,2.61533,2.11502,2.94049,1.16069,-0.13023
2020-07-20,11.83638,8.15199,10.45147,1.79168,8.51051,6.04434,7.77018,2.11115,2.77105,2.13909,2.88281,1.07571,3.7736,3.17928,3.79218,1.62211,2.61142,2.11351,2.93277,1.15887,-0.63997
2020-07-21,11.83638,8.15199,10.45147,1.79168,8.27541,5.87737,7.55553,2.05283,2.68915,2.07582,2.79762,1.04401,3.78322,3.18739,3.80185,1.62625,2.6212,2.11728,2.95196,1.16339,-0.17527
2020-07-22,11.83638,8.15199,10.45147,1.79168,8.02518,5.69964,7.32707,1.99075,2.54723,1.96617,2.65,0.98908,3.77529,3.18071,3.79388,1.62284,2.6131,2.11416,2.93609,1.15966,0.78167
2020-07-23,11.83638,8.15199,10.45147,1.79168,7.81889,5.46293,7.02366,1.93958,2.53586,1.95739,2.63817,0.98468,3.58531,3.02065,3.60296,1.54117,2.62986,2.12058,2.96869,1.16733,0.40482
2020-07-24,11.83638,8.15199,10.45147,1.79168,7.59122,5.30387,6.81916,1.88311,2.4399,1.88325,2.53835,0.94754,3.58142,3.01737,3.59906,1.53951,2.6195,2.11662,2.94865,1.16261,0.38643
2020-07-27,11.83638,8.15199,10.45147,1.79168,7.36985,5.1492,6.6203,1.82819,2.35545,1.818,2.4505,0.91485,3.54967,2.99062,3.56715,1.52586,2.61651,2.11547,2.94279,1.16124,1.35112
2020-07-28,11.83638,8.15199,10.45147,1.79168,7.26882,5.07861,6.52954,1.80313,2.61454,2.01817,2.72001,1.01513,3.57481,3.0118,3.59241,1.53666,2.69241,2.14354,3.08175,1.19369,-0.79635
2020-07-29,11.83638,8.15199,10.45147,1.79168,7.09112,4.95445,6.36991,1.75905,2.60051,2.00733,2.70541,1.0097,3.5043,2.9524,3.52155,1.50635,2.65233,2.12902,3.01082,1.17719,-0.75817
2020-07-30,11.83638,8.15199,10.45147,1.79168,6.91574,4.83192,6.21237,1.71554,2.57763,1.98966,2.68162,1.00085,2.75219,2.31874,2.76574,1.18305,2.63842,2.12382,2.98495,1.17114,-0.68654
2020-07-31,11.83638,8.15199,10.45147,1.79168,6.73924,4.7086,6.05382,1.67176,2.53872,1.9596,2.64114,0.98579,2.74628,2.31376,2.7598,1.18051,2.6307,2.1209,2.97028,1.1677,0.50267
2020-08-03,11.83638,8.15199,10.45147,1.79168,6.55276,4.57831,5.88631,1.6255,2.45345,1.89328,2.55267,0.95296,2.72977,2.29985,2.74321,1.17342,2.62255,2.1178,2.95459,1.16401,2.18439
2020-08-04,11.83638,8.15199,10.45147,1.79168,6.70931,4.68769,6.02694,1.66433,3.18658,2.45961,3.31533,1.2367,2.86314,2.41221,2.87723,1.23074,3.32658,2.31192,3.77011,1.34806,2.43572
2020-08-05,11.83638,8.15199,10.45147,1.79168,6.93532,4.8456,6.22996,1.7204,3.83047,2.95702,3.98517,1.4859,3.03888,2.56028,3.05385,1.30629,5.86597,3.74065,5.86042,1.83973,2.09978
2020-08-06,11.83638,8.15199,10.45147,1.79168,7.03646,4.91627,6.32082,1.74549,4.10419,3.16846,4.26991,1.59184,3.02924,2.55216,3.04416,1.30214,6.69017,4.76774,6.70454,2.14093,-0.10916
2020-08-07,11.83638,8.15199,10.45147,1.79168,6.82296,4.76709,6.12902,1.69253,3.77913,2.91735,3.93175,1.46603,2.9794,2.51016,2.99407,1.28072,4.32839,2.55634,4.44678,1.49495,-1.5966
2020-08-10,11.83638,8.15199,10.45147,1.79168,6.80037,4.75131,6.10874,1.68692,3.83962,2.96409,3.99469,1.48944,3.06778,2.58462,3.08288,1.31871,3.98218,2.45586,4.20463,1.44245,1.22829
2020-08-11,11.83638,8.15199,10.45147,1.79168,6.70384,4.68387,6.02202,1.66298,3.74626,2.89197,3.89756,1.45331,3.08341,2.59779,3.09859,1.32543,3.16662,2.2769,3.64509,1.32062,-0.08559
2020-08-12,11.83638,8.15199,10.45147,1.79168,6.50016,4.54156,5.83906,1.61245,3.46254,2.67279,3.60241,1.3435,3.05392,2.57295,3.06896,1.31275,2.70453,2.14781,3.10221,1.19842,-1.11695
2020-08-13,11.83638,8.15199,10.45147,1.79168,6.39792,4.47013,5.74722,1.58709,3.4021,2.6261,3.53953,1.32011,3.07193,2.58813,3.08706,1.3205,2.69005,2.14271,3.07773,1.19276,1.43023
2020-08-14,11.83638,8.15199,10.45147,1.79168,6.36176,4.44486,5.71473,1.57812,3.46185,2.67226,3.60169,1.34324,3.13357,2.64006,3.149,1.34699,2.75643,2.16546,3.18492,1.21744,0.21373
2020-08-17,11.83638,8.15199,10.45147,1.79168,6.17156,4.31197,5.54388,1.53094,3.21761,2.48359,3.34761,1.24871,3.09577,2.60821,3.11101,1.33074,2.64287,2.12549,2.9933,1.1731,1.97992
2020-08-18,11.83638,8.15199,10.45147,1.79168,6.29485,4.39811,5.65463,1.56152,3.58365,2.76635,3.7284,1.39037,3.23204,2.72301,3.24795,1.38932,3.04307,2.24749,3.53334,1.29591,1.16149
2020-08-19,11.83638,8.15199,10.45147,1.79168,6.20991,4.33877,5.57833,1.54045,3.51139,2.71053,3.65323,1.36241,3.2427,2.73199,3.25866,1.3939,2.82575,2.18754,3.28434,1.24009,-0.10909
2020-08-20,11.83638,8.15199,10.45147,1.79168,6.0217,4.20727,5.40926,1.49376,3.25675,2.51382,3.38833,1.26386,3.21954,2.71248,3.23539,1.38395,2.6539,2.1296,3.0137,1.17786,-0.80153
2020-08-21,11.83638,8.15199,10.45147,1.79168,5.89166,4.11641,5.29244,1.4615,3.13715,2.42143,3.26391,1.21757,3.23869,2.72862,3.25464,1.39218,2.64155,2.125,2.99083,1.17252,0.42143
2020-08-24,11.83638,8.15199,10.45147,1.79168,5.72731,4.00158,5.14481,1.42074,2.95567,2.28123,3.07511,1.14733,3.22404,2.71628,3.23992,1.38588,2.62279,2.11789,2.95506,1.16412,1.74583
2020-08-25,11.83638,8.15199,10.45147,1.79168,5.81428,4.06235,5.22293,1.44231,3.26544,2.52053,3.39737,1.26722,3.31837,2.79575,3.33471,1.42643,2.82184,2.18633,3.27904,1.23889,-0.32083
2020-08-26,11.83638,8.15199,10.45147,1.79168,5.64605,3.9448,5.07181,1.40058,3.05673,2.3593,3.18025,1.18644,3.28986,2.77173,3.30606,1.41417,2.65726,2.13084,3.01983,1.17929,-0.03098
2020-08-27,11.83638,8.15199,10.45147,1.79168,5.47413,3.82469,4.91738,1.35793,2.85709,2.20508,2.97257,1.10918,3.24487,2.73382,3.26085,1.39483,2.62043,2.11698,2.95047,1.16304,0.13682
2020-08-28,11.83638,8.15199,10.45147,1.79168,5.30909,3.70938,4.76912,1.31699,2.68636,2.07319,2.79495,1.0431,3.22936,2.72076,3.24526,1.38817,2.61287,2.11407,2.93563,1.15955,-0.71382
2020-08-31,11.83638,8.15199,10.45147,1.79168,5.19539,3.62993,4.66699,1.28879,2.63592,2.03423,2.74249,1.02358,3.23257,2.72346,3.24848,1.38955,2.62472,2.11863,2.9588,1.165,-2.03337
2020-09-01,11.83638,8.15199,10.45147,1.79168,5.42254,3.78864,4.87104,1.34513,3.21749,2.48414,3.34686,1.24962,3.35343,2.82529,3.36995,1.4415,3.02596,2.2432,3.51646,1.29217,-0.96998
2020-09-02,11.83638,8.15199,10.45147,1.79168,5.34388,3.73369,4.80038,1.32562,3.15231,2.43377,3.27907,1.22439,3.34254,2.81611,3.35899,1.43682,2.76107,2.16699,3.19196,1.21905,0.86307
2020-09-03,11.83638,8.15199,10.45147,1.79168,5.25071,3.66859,4.71668,1.30251,3.06065,2.36293,3.18374,1.1889,3.24512,2.73403,3.2611,1.39494,2.68063,2.13934,3.06144,1.18898,0.36307
2020-09-04,11.83638,8.15199,10.45147,1.79168,5.10336,3.56564,4.58432,1.26596,2.88217,2.225,2.9981,1.1198,3.09519,2.60772,3.11043,1.33049,2.63035,2.12077,2.96963,1.16755,-6.70905
2020-09-07,11.83638,8.15199,10.45147,1.79168,9.64403,5.87253,8.27648,2.05114,7.21819,5.57588,7.50792,2.7985,4.35088,3.66565,4.37231,1.87026,8.97568,7.47499,9.02053,3.81729,0.26156
2020-09-08,11.83638,8.15199,10.45147,1.79168,9.35509,5.69659,8.02851,1.98968,6.56022,5.06739,6.82357,2.54376,4.03406,3.39873,4.05393,1.73408,8.38815,6.79743,8.42786,3.22016,5.40182
2020-09-09,11.83638,8.15199,10.45147,1.79168,10.99867,6.69742,9.43904,2.33925,8.02764,6.20141,8.3498,3.11187,4.73081,3.98574,4.7541,2.03358,8.97567,7.47498,9.02052,3.81728,-0.82997
2020-09-10,11.83638,8.15199,10.45147,1.79168,10.70637,6.51942,9.18818,2.27708,7.32949,5.66189,7.62367,2.84158,4.53641,3.82196,4.55875,1.95001,8.50535,6.93342,8.54619,3.32755,-1.51225
2020-09-11,11.83638,8.15199,10.45147,1.79168,10.52531,6.40917,9.03279,2.23857,6.82586,5.27268,7.09986,2.6466,4.58775,3.86521,4.61034,1.97208,8.09933,6.46036,8.13596,2.97742,-1.94082
2020-09-14,11.83638,8.15199,10.45147,1.79168,10.4466,6.36124,8.96525,2.22183,6.50119,5.02178,6.76218,2.52091,4.60925,3.88332,4.63195,1.98132,8.12605,6.49166,8.16298,2.99864,3.2526
2020-09-15,11.83638,8.15199,10.45147,1.79168,10.7989,6.57577,9.26759,2.29676,6.73775,5.20459,7.00822,2.61249,4.80257,4.0462,4.82622,2.06442,8.92719,7.41945,8.97166,3.76209,0.90954
2020-09-16,11.83638,8.15199,10.45147,1.79168,10.52219,6.40727,9.03012,2.23791,6.19011,4.78138,6.43863,2.40047,4.73484,3.98913,4.75815,2.03531,8.4295,6.84546,8.46961,3.25743,-0.09761
2020-09-17,11.83638,8.15199,10.45147,1.79168,10.20226,6.21246,8.75556,2.16987,5.63585,4.35305,5.86215,2.18589,4.66357,3.92909,4.68653,2.00467,7.04159,5.19842,7.06286,2.30516,-4.63418
2020-09-18,11.83638,8.15199,10.45147,1.79168,11.23951,6.84407,9.64572,2.39047,6.91508,5.34164,7.19266,2.68115,5.1301,4.32214,5.15536,2.20522,8.9744,7.47352,9.01924,3.81582,-1.12949
2020-09-21,11.83638,8.15199,10.45147,1.79168,10.97448,6.68268,9.41827,2.3341,6.38554,4.93241,6.6419,2.47614,5.03138,4.23897,5.05615,2.16278,8.59778,7.04037,8.63948,3.41613,-4.85128
2020-09-22,11.83638,8.15199,10.45147,1.79168,12.0179,7.31805,10.31373,2.55602,7.56354,5.84276,7.8671,2.9322,5.50667,4.63941,5.53379,2.36709,8.97559,7.47489,9.02044,3.81719,3.08579
2020-09-23,11.83638,8.15199,10.45147,1.79168,12.18172,7.41781,10.45432,2.59087,7.51783,5.80743,7.81956,2.9145,5.57102,4.69362,5.59845,2.39475,8.96519,7.46298,9.00996,3.80526,4.50936
2020-09-24,11.83638,8.15199,10.45147,1.79168,12.90203,7.85642,11.07249,2.74407,8.16455,6.30722,8.4922,3.16488,5.87706,4.95146,5.906,2.5263,8.97558,7.47488,9.02043,3.81719,2.8766
2020-09-25,11.83638,8.15199,10.45147,1.79168,12.94026,7.8797,11.1053,2.7522,7.93603,6.13062,8.25452,3.07641,5.91862,4.98647,5.94776,2.54417,8.95751,7.45419,9.00222,3.79648,-0.25088
2020-09-28,11.83638,8.15199,10.45147,1.79168,12.54938,7.64168,10.76985,2.66906,7.20401,5.56492,7.49316,2.793,5.87788,4.95216,5.90682,2.52666,8.32933,6.72901,8.36844,3.16826,-0.82487
2020-09-29,11.83638,8.15199,10.45147,1.79168,12.2041,7.43144,10.47353,2.59563,6.5954,5.09459,6.86017,2.55738,5.87633,4.95085,5.90527,2.52599,7.1903,5.3788,7.21419,2.3824,-2.25121
2020-09-30,11.83638,8.15199,10.45147,1.79168,12.11305,7.37599,10.39539,2.57626,6.45951,4.97958,6.72587,2.50061,5.96934,5.02921,5.99873,2.56597,7.88929,6.21339,7.92341,2.81879,0.17586
2020-10-01,11.83638,8.15199,10.45147,1.79168,11.74578,7.15235,10.0802,2.49815,5.88051,4.53303,6.12304,2.27682,5.87678,4.95123,5.90572,2.52618,6.07801,4.00412,6.07784,1.90742,-2.48502
2020-10-02,11.83638,8.15199,10.45147,1.79168,11.74209,7.1501,10.07703,2.49736,5.91523,4.55981,6.15919,2.29024,5.97353,5.03274,6.00295,2.56777,7.64663,5.92597,7.67755,2.65237,-3.95849
2020-10-05,11.83638,8.15199,10.45147,1.79168,12.26329,7.46748,10.52433,2.60822,6.70069,5.1656,6.97699,2.59383,6.22028,5.24063,6.25091,2.67384,8.96593,7.46382,9.0107,3.8061,10.87963
2020-10-06,11.83638,8.15199,10.45147,1.79168,17.27332,10.51823,14.82392,3.67377,12.48899,9.62986,13.00359,4.83103,7.99959,6.73971,8.03898,3.43869,8.97568,7.47499,9.02053,3.81729,0.07172
2020-10-07,11.83638,8.15199,10.45147,1.79168,16.74731,10.19793,14.3725,3.5619,11.29818,8.71144,11.76375,4.37078,7.09399,5.97674,7.12892,3.04941,8.37276,6.77954,8.41231,3.20646,1.54611
2020-10-08,11.83638,8.15199,10.45147,1.79168,16.33446,9.94653,14.0182,3.47409,10.34103,7.97323,10.7672,4.00083,7.13038,6.0074,7.16549,3.06505,8.00037,6.3442,8.03585,2.90091,-5.7851
2020-10-09,11.83638,8.15199,10.45147,1.79168,17.18131,10.4622,14.74496,3.6542,11.02154,8.49808,11.47572,4.26385,7.31188,6.1603,7.34788,3.14307,8.97568,7.47498,9.02052,3.81729,12.24092
2020-10-12,11.83638,8.15199,10.45147,1.79168,21.82281,13.28855,18.72829,4.64138,15.81283,12.19339,16.46427,6.11571,9.19421,7.74618,9.23948,3.95221,8.97568,7.47499,9.02053,3.81729,-0.16314
2020-10-13,11.83638,8.15199,10.45147,1.79168,21.15884,12.88424,18.15847,4.50016,14.29433,11.02224,14.88326,5.52881,8.65517,7.29204,8.69779,3.7205,8.3759,6.78319,8.41548,3.20924,-1.32571
2020-10-14,11.83638,8.15199,10.45147,1.79168,20.57099,12.52628,17.65398,4.37514,12.99388,10.01926,13.52926,5.02617,8.64323,7.28198,8.68579,3.71536,7.74197,6.03918,7.7742,2.71571,-0.64938
2020-10-15,11.83638,8.15199,10.45147,1.79168,19.95834,12.15322,17.1282,4.24484,11.77142,9.07643,12.25648,4.55369,8.5448,7.19905,8.58687,3.67305,6.08893,4.01779,6.08904,1.91108,2.69412
2020-10-16,11.83638,8.15199,10.45147,1.79168,19.59751,11.9335,16.81854,4.16809,10.98665,8.47117,11.43939,4.25037,8.61297,7.25649,8.65538,3.70236,8.10015,6.46131,8.13678,2.97806,-0.79393
2020-10-19,11.83638,8.15199,10.45147,1.79168,19.02248,11.58335,16.32505,4.04579,9.97786,7.69314,10.38908,3.86047,8.52378,7.18134,8.56575,3.66402,6.77886,4.87705,6.79508,2.18009,1.63832
2020-10-20,11.83638,8.15199,10.45147,1.79168,18.53925,11.28909,15.91034,3.94302,9.18373,7.08065,9.56225,3.55353,8.35631,7.04024,8.39745,3.59203,6.42869,4.44317,6.43722,2.03371,3.57056
2020-10-21,11.83638,8.15199,10.45147,1.79168,18.43887,11.22797,15.8242,3.92167,9.05676,6.98273,9.43005,3.50446,8.50205,7.16304,8.54392,3.65468,8.89624,7.38397,8.94047,3.72746,2.81471
2020-10-22,11.83638,8.15199,10.45147,1.79168,18.16868,11.06344,15.59232,3.8642,8.67749,6.69022,9.03517,3.35787,8.34389,7.02978,8.38497,3.58669,8.94429,7.43904,8.9889,3.78143,0.32408
2020-10-23,11.83638,8.15199,10.45147,1.79168,17.61914,10.72881,15.12071,3.74732,7.87448,6.07089,8.1991,3.0475,8.2246,6.92928,8.2651,3.53541,8.3056,6.70138,8.34447,3.14769,-1.22582
2020-10-26,11.83638,8.15199,10.45147,1.79168,17.14063,10.43743,14.71005,3.64555,7.25361,5.59204,7.55267,2.80753,8.04732,6.77992,8.08695,3.45921,7.53536,5.7934,7.5647,2.58164,1.30283
2020-10-27,11.83638,8.15199,10.45147,1.79168,16.68606,10.16063,14.31994,3.54887,6.71605,5.17744,6.99297,2.59976,7.98278,6.72554,8.02209,3.43146,6.6522,4.72083,6.66577,2.12461,0.25755
2020-10-28,11.83638,8.15199,10.45147,1.79168,16.18045,9.85275,13.88603,3.44134,6.11296,4.71231,6.36506,2.36666,7.97045,6.71516,8.0097,3.42617,4.3342,2.55829,4.45107,1.49589,-0.89018
2020-10-29,11.83638,8.15199,10.45147,1.79168,15.721,9.57298,13.49172,3.34362,5.61569,4.32085,5.85293,2.17146,7.91609,6.66936,7.95507,3.4028,3.019,2.24143,3.50948,1.29061,-1.56279
2020-10-30,11.83638,8.15199,10.45147,1.79168,15.34797,9.34583,13.1716,3.26428,5.35998,4.12399,5.58644,2.07278,7.89935,6.65525,7.93824,3.3956,3.02523,2.24301,3.51573,1.292,-0.50518
2020-11-02,11.83638,8.15199,10.45147,1.79168,14.89178,9.06804,12.78009,3.16726,4.91799,3.78371,5.12582,1.90219,7.89233,6.64934,7.93119,3.39258,2.7015,2.14675,3.09713,1.19725,0.349
2020-11-03,11.83638,8.15199,10.45147,1.79168,14.44371,8.7952,12.39556,3.07196,4.51002,3.46963,4.70064,1.74474,7.83006,6.59688,7.86861,3.36582,2.63463,2.12239,2.97777,1.16946,-0.34816
2020-11-04,11.83638,8.15199,10.45147,1.79168,14.00944,8.53076,12.02287,2.9796,4.15088,3.19314,4.32636,1.60614,7.67503,6.46627,7.71283,3.29918,2.61864,2.1163,2.94698,1.16222,-1.11587
2020-11-05,11.83638,8.15199,10.45147,1.79168,13.64332,8.30782,11.70866,2.90173,3.98364,3.06439,4.15207,1.54159,6.39231,5.38557,6.42379,2.74779,2.65564,2.13024,3.01687,1.1786,0.1766
2020-11-06,11.83638,8.15199,10.45147,1.79168,13.22925,8.05568,11.35331,2.81366,3.67337,2.82553,3.82872,1.42185,6.38327,5.37795,6.4147,2.7439,2.62121,2.11728,2.95199,1.1634,-1.36718
2020-11-09,11.83638,8.15199,10.45147,1.79168,12.92252,7.8689,11.09008,2.74842,3.67114,2.82381,3.82639,1.42099,6.38753,5.38154,6.41899,2.74573,2.69225,2.14349,3.08148,1.19362,1.91995
2020-11-10,11.83638,8.15199,10.45147,1.79168,12.72248,7.74709,10.9184,2.70588,3.90515,3.00397,4.07027,1.5113,6.03095,5.08112,6.06064,2.59245,3.07446,2.25522,3.56333,1.30256,1.65011
2020-11-11,11.83638,8.15199,10.45147,1.79168,12.48044,7.59971,10.71069,2.6544,3.96378,3.0491,4.13137,1.53393,3.69119,3.10985,3.70936,1.58669,3.20462,2.28547,3.67647,1.32753,0.00402
2020-11-12,11.83638,8.15199,10.45147,1.79168,12.10024,7.36819,10.3844,2.57354,3.65204,2.8091,3.80648,1.41361,3.66694,3.08943,3.685,1.57627,2.70897,2.14936,3.10958,1.20012,0.34526
2020-11-13,11.83638,8.15199,10.45147,1.79168,11.73835,7.14783,10.07383,2.49657,3.39452,2.61085,3.53811,1.31423,3.63338,3.06115,3.65127,1.56184,2.63616,2.12297,2.98067,1.17014,-0.71141
2020-11-16,11.83638,8.15199,10.45147,1.79168,11.41021,6.94801,9.79222,2.42678,3.23532,2.48828,3.37219,1.25279,3.6338,3.06151,3.6517,1.56202,2.63128,2.12112,2.9714,1.16796,-0.98062
2020-11-17,11.83638,8.15199,10.45147,1.79168,11.12011,6.77136,9.54325,2.36508,3.17511,2.44193,3.30944,1.22955,3.49193,2.94198,3.50913,1.50104,2.64758,2.12725,3.00206,1.17515,-0.44689
2020-11-18,11.83638,8.15199,10.45147,1.79168,10.79362,6.57255,9.26306,2.29564,2.99617,2.30417,3.12296,1.16049,3.46831,2.92207,3.48538,1.49088,2.62407,2.11838,2.95754,1.16471,-1.49718
2020-11-19,11.83638,8.15199,10.45147,1.79168,10.60591,6.45825,9.10197,2.25572,3.1922,2.45508,3.32725,1.23615,3.48151,2.93319,3.49865,1.49656,2.7219,2.15383,3.13075,1.205,-2.08766
2020-11-20,11.83638,8.15199,10.45147,1.79168,10.56017,6.4304,9.06271,2.24599,3.65431,2.81085,3.80885,1.41449,3.32151,2.79839,3.33786,1.42778,3.39114,2.32549,3.81631,1.35816,0.44151
2020-11-23,11.83638,8.15199,10.45147,1.79168,10.25108,6.24219,8.79746,2.18025,3.40758,2.6209,3.55172,1.31927,3.09947,2.61132,3.11473,1.33233,2.75085,2.16361,3.17639,1.21549,0.51731
2020-11-24,11.83638,8.15199,10.45147,1.79168,9.95664,6.06289,8.54476,2.11763,3.20446,2.46452,3.34003,1.24088,3.10162,2.61314,3.1169,1.33326,2.65191,2.12886,3.01004,1.17701,3.88244
2020-11-25,11.83638,8.15199,10.45147,1.79168,10.63861,6.47816,9.13003,2.26267,4.92451,3.78873,5.13261,1.90471,3.58462,3.02006,3.60227,1.54088,8.66539,7.11843,8.70769,3.48319,0.61373
2020-11-26,11.83638,8.15199,10.45147,1.79168,10.3387,6.29554,8.87265,2.19889,4.54393,3.49574,4.73599,1.75783,3.43718,2.89585,3.4541,1.4775,7.71599,6.00837,7.74787,2.6982,0.51797
2020-11-27,11.83638,8.15199,10.45147,1.79168,10.04148,6.11455,8.61758,2.13567,4.19678,3.22711,4.37523,1.62316,3.42226,2.88327,3.43911,1.47109,5.97327,3.92273,5.97303,1.88923,-0.30225
2020-11-30,11.83638,8.15199,10.45147,1.79168,9.7418,5.93207,8.36039,2.07193,3.86783,2.97397,4.03232,1.49625,3.40483,2.8686,3.4216,1.4636,3.67052,2.392,3.99147,1.40083,3.85549
2020-12-01,11.83638,8.15199,10.45147,1.79168,10.43673,6.35523,8.95678,2.21973,5.28659,4.06574,5.51125,2.0436,3.83268,3.22906,3.85155,1.64751,8.72785,7.22716,8.77124,3.6404,-0.8315
2020-12-02,11.83638,8.15199,10.45147,1.79168,10.164,6.18916,8.72272,2.16173,4.8953,3.76463,5.10337,1.89265,3.68574,3.10526,3.70389,1.58435,8.1167,6.51983,8.1544,3.05602,-0.8458
2020-12-03,11.83638,8.15199,10.45147,1.79168,9.90239,6.02986,8.49821,2.10609,4.55641,3.50385,4.7501,1.7619,3.69945,3.11681,3.71766,1.59024,6.96762,5.15285,6.98924,2.30001,-2.47019
2020-12-04,11.83638,8.15199,10.45147,1.79168,10.01336,6.09743,8.59345,2.12969,4.87368,3.748,5.08083,1.8843,3.87945,3.26846,3.89855,1.66761,8.03825,6.42815,8.0751,2.99162,0.46122
2020-12-07,11.83638,8.15199,10.45147,1.79168,9.72284,5.92052,8.34412,2.0679,4.47698,3.44273,4.66731,1.73126,3.81868,3.21726,3.83748,1.64149,6.58158,4.68006,6.59566,2.11932,-1.21954
2020-12-08,11.83638,8.15199,10.45147,1.79168,9.5307,5.80352,8.17923,2.02704,4.28809,3.29737,4.4704,1.65838,3.80609,3.20666,3.82483,1.63608,5.38983,3.24316,5.37985,1.71869,-0.50925
2020-12-09,11.83638,8.15199,10.45147,1.79168,9.25895,5.63805,7.94601,1.96924,3.97056,3.05303,4.13941,1.53588,3.76347,3.17075,3.782,1.61776,3.31056,2.31438,3.74574,1.34677,0.79346
2020-12-10,11.83638,8.15199,10.45147,1.79168,9.02328,5.49454,7.74376,1.91912,3.74086,2.87626,3.89996,1.44726,3.7036,3.12031,3.72184,1.59202,2.80542,2.18447,3.24247,1.23368,0.62868
2020-12-11,11.83638,8.15199,10.45147,1.79168,8.77831,5.34537,7.53352,1.86701,3.51011,2.6987,3.65943,1.35824,3.63127,3.05937,3.64916,1.56093,2.68269,2.14275,3.05148,1.18944,0.89554
2020-12-14,11.83638,8.15199,10.45147,1.79168,8.57315,5.22044,7.35746,1.82338,3.37319,2.59333,3.5167,1.30541,3.65331,3.07794,3.6713,1.57041,2.67089,2.13844,3.03083,1.1846,1.80788
2020-12-15,11.83638,8.15199,10.45147,1.79168,8.5688,5.21779,7.35372,1.82245,3.62428,2.78655,3.77844,1.40229,3.74274,3.15329,3.76117,1.60885,2.9319,2.22224,3.40224,1.27005,-0.21079
2020-12-16,11.83638,8.15199,10.45147,1.79168,8.3113,5.061,7.13274,1.76769,3.35887,2.58231,3.50177,1.29989,3.7094,3.12519,3.72766,1.59452,2.68595,2.14393,3.05711,1.19076,1.21527
2020-12-17,11.83638,8.15199,10.45147,1.79168,8.17875,4.71345,6.63585,1.7395,3.35033,2.57574,3.49287,1.2966,3.73347,3.14548,3.75186,1.60486,2.71413,2.15397,3.1044,1.20179,0.04476
2020-12-18,11.83638,8.15199,10.45147,1.79168,7.92976,4.56995,6.43383,1.68654,3.11203,2.39237,3.24447,1.20466,3.71735,3.13189,3.73566,1.59793,2.64343,2.1282,2.98101,1.17287,0.52818
2020-12-21,11.83638,8.15199,10.45147,1.79168,7.71222,4.44458,6.25732,1.64027,2.95157,2.26889,3.0772,1.14276,3.67699,3.09789,3.6951,1.58059,2.63706,2.12578,2.96908,1.17006,-0.98479
2020-12-22,11.83638,8.15199,10.45147,1.79168,7.5628,4.35847,6.13609,1.60849,2.944,2.26307,3.06931,1.13984,3.60224,3.03491,3.61998,1.54845,2.66019,2.13449,3.01171,1.18011,0.30126
2020-12-23,11.83638,8.15199,10.45147,1.79168,7.34061,4.23042,5.95582,1.56124,2.7746,2.13271,2.89272,1.07448,3.59371,3.02772,3.6114,1.54478,2.63477,2.12491,2.96477,1.16904,0.3919
2020-12-24,11.83638,8.15199,10.45147,1.79168,7.13129,4.10979,5.78598,1.51672,2.64125,2.03009,2.75372,1.02304,3.58645,3.02161,3.60411,1.54167,2.63067,2.12334,2.95699,1.16719,-0.39107
2020-12-28,11.83638,8.15199,10.45147,1.79168,6.92869,3.99303,5.62161,1.47363,2.53126,1.94545,2.63906,0.9806,3.25579,2.74303,3.27182,1.39953,2.62888,2.12265,2.95357,1.16638,-3.41091
2020-12-29,11.83638,8.15199,10.45147,1.79168,7.78192,4.48475,6.31387,1.6551,4.22105,3.24214,4.40313,1.63118,3.63816,3.06517,3.65607,1.56389,7.58055,5.88878,7.61177,2.65654,0.68922
2020-12-30,11.83638,8.15199,10.45147,1.79168,7.58649,4.37212,6.15531,1.61353,3.93963,3.02582,4.1096,1.5227,3.55824,2.99784,3.57576,1.52954,6.01832,3.97881,6.0192,1.90428,-0.15783
2020-12-31,11.83638,8.15199,10.45147,1.79168,7.35762,4.24022,5.96962,1.56485,3.63523,2.79183,3.7921,1.40537,3.5532,2.99359,3.57069,1.52737,3.6709,2.39208,3.99172,1.40089,0.19531
2021-01-04,11.83638,8.15199,10.45147,1.79168,7.13703,4.11309,5.79064,1.51794,3.36893,2.58713,3.51434,1.30272,3.22037,2.71318,3.23623,1.3843,2.78508,2.17793,3.21356,1.22704,1.7015
2021-01-05,11.83638,8.15199,10.45147,1.79168,7.19173,4.14462,5.83502,1.52957,3.56742,2.73971,3.72138,1.37923,3.30705,2.78622,3.32334,1.42156,2.98986,2.23807,3.46574,1.28437,2.68298
2021-01-06,11.83638,8.15199,10.45147,1.79168,7.62665,4.39526,6.18789,1.62207,4.26945,3.27934,4.45361,1.64984,3.46711,2.92107,3.48419,1.49037,6.23624,4.25098,6.24248,1.98133,0.28173
2021-01-07,11.83638,8.15199,10.45147,1.79168,7.40142,4.26547,6.00516,1.57417,3.93166,3.0197,4.10129,1.51964,3.27368,2.7581,3.2898,1.40722,3.9503,2.4582,4.17472,1.44097,0.67776
2021-01-08,11.83638,8.15199,10.45147,1.79168,7.21828,4.15992,5.85656,1.53522,3.68651,2.83125,3.84559,1.42514,3.28439,2.76712,3.30056,1.41182,2.8909,2.21052,3.35391,1.25911,0.29269
2021-01-11,11.83638,8.15199,10.45147,1.79168,7.00649,4.03787,5.68473,1.49017,3.42065,2.62689,3.56829,1.32266,3.24898,2.73729,3.26498,1.3966,2.68211,2.14254,3.05048,1.18921,-0.23018
2021-01-12,11.83638,8.15199,10.45147,1.79168,6.79822,3.91784,5.51574,1.44588,3.18522,2.44592,3.32273,1.23191,3.23116,2.72227,3.24707,1.38894,2.63798,2.12613,2.97082,1.17047,2.03248
2021-01-13,11.83638,8.15199,10.45147,1.79168,6.99444,4.03092,5.67495,1.48761,3.60647,2.76973,3.7621,1.39428,3.3316,2.8069,3.348,1.43212,3.09867,2.26576,3.57218,1.30822,-0.65444
2021-01-14,11.83638,8.15199,10.45147,1.79168,6.82312,3.93219,5.53595,1.45117,3.40566,2.61537,3.55266,1.31688,3.30427,2.78387,3.32054,1.42037,2.74137,2.16338,3.14792,1.21189,0.51681
2021-01-15,11.83638,8.15199,10.45147,1.79168,6.64198,3.8278,5.38898,1.41265,3.20395,2.46032,3.34226,1.23913,3.28981,2.77169,3.30601,1.41415,2.66097,2.13478,3.01312,1.18044,-0.3558
2021-01-18,11.83638,8.15199,10.45147,1.79168,6.45267,3.71869,5.23538,1.37238,3.00978,2.31107,3.13975,1.16429,3.2155,2.70908,3.23133,1.38221,2.63545,2.12517,2.96605,1.16934,0.26916
2021-01-19,11.83638,8.15199,10.45147,1.79168,6.26377,3.60983,5.08212,1.33221,2.83032,2.17312,2.95256,1.09511,3.2158,2.70933,3.23163,1.38234,2.62829,2.12242,2.95244,1.16612,-1.78193
2021-01-20,11.83638,8.15199,10.45147,1.79168,6.41034,3.6943,5.20104,1.36338,3.22161,2.4739,3.36069,1.24594,3.27662,2.76057,3.29275,1.40848,2.83789,2.19463,3.28664,1.24379,-0.60686
2021-01-21,11.83638,8.15199,10.45147,1.79168,6.25423,3.60433,5.07438,1.33018,3.06653,2.35469,3.19894,1.18616,3.26208,2.74833,3.27814,1.40223,2.68621,2.14403,3.05755,1.19086,-0.93768
2021-01-22,11.83638,8.15199,10.45147,1.79168,6.15911,3.54952,4.99721,1.30995,3.0236,2.32169,3.15416,1.16961,3.28287,2.76584,3.29903,1.41117,2.67303,2.13923,3.03461,1.18549,-0.87431
2021-01-25,11.83638,8.15199,10.45147,1.79168,6.05579,3.48997,4.91337,1.28797,2.96836,2.27923,3.09654,1.14832,3.28,2.76343,3.29616,1.40994,2.6632,2.13561,3.01713,1.18138,2.21533
2021-01-26,11.83638,8.15199,10.45147,1.79168,6.4017,3.68932,5.19403,1.36154,3.56565,2.73836,3.71953,1.37855,3.4424,2.90024,3.45935,1.47974,3.57614,2.37141,3.92973,1.38729,0.87069
2021-01-27,11.83638,8.15199,10.45147,1.79168,6.28716,3.62332,5.1011,1.33718,3.41541,2.62287,3.56283,1.32064,3.41345,2.87585,3.43025,1.4673,2.87424,2.20561,3.33337,1.25444,0.64234
2021-01-28,11.83638,8.15199,10.45147,1.79168,6.14036,3.53871,4.98199,1.30596,3.23048,2.48033,3.37005,1.24984,3.4131,2.87556,3.42991,1.46715,2.69936,2.14875,3.07991,1.19608,-0.52019
2021-01-29,11.83638,8.15199,10.45147,1.79168,5.98337,3.44824,4.85461,1.27257,3.05954,2.34894,3.19175,1.18395,3.14611,2.65062,3.1616,1.35238,2.64969,2.13056,2.99259,1.17561,-0.99345
2021-02-01,11.83638,8.15199,10.45147,1.79168,5.91285,3.40759,4.7974,1.25757,3.03633,2.3311,3.16754,1.17501,3.16546,2.66692,3.18104,1.3607,2.66559,2.13649,3.0214,1.18239,2.6687
2021-02-02,11.83638,8.15199,10.45147,1.79168,6.50467,3.74866,5.27757,1.38344,3.89866,2.99393,4.06699,1.50739,3.38926,2.85547,3.40595,1.4569,5.27508,3.13157,5.26629,1.68992,3.7324
2021-02-03,11.83638,8.15199,10.45147,1.79168,7.63217,4.39845,6.19237,1.62325,5.18775,3.98479,5.41156,2.00428,3.78689,3.19048,3.80554,1.62783,8.76378,7.2684,8.80746,3.67984,-1.38261
2021-02-04,11.83638,8.15199,10.45147,1.79168,7.56905,4.36207,6.14116,1.60982,4.94378,3.79727,5.15709,1.91024,3.68766,3.10688,3.70582,1.58517,8.43603,6.89088,8.47691,3.34198,0.1431
2021-02-05,11.83638,8.15199,10.45147,1.79168,7.34032,4.23025,5.95558,1.56117,4.52602,3.47616,4.72135,1.74921,3.52154,2.96693,3.53888,1.51377,7.23915,5.48097,7.26535,2.44639,4.51147
2021-02-08,11.83638,8.15199,10.45147,1.79168,8.8116,5.07816,7.14931,1.87409,6.13842,4.71554,6.40316,2.37072,4.13759,3.48595,4.15797,1.77858,8.85115,7.36851,8.89551,3.77837,0.07761
2021-02-09,11.83638,8.15199,10.45147,1.79168,8.54364,4.92373,6.93189,1.8171,5.58943,4.29355,5.83054,2.15911,3.97081,3.34544,3.99036,1.70689,8.27769,6.70731,8.31705,3.19523,-0.26798
2021-02-10,11.83638,8.15199,10.45147,1.79168,8.28911,4.77704,6.72538,1.76297,5.10675,3.92254,5.32708,1.97306,3.91991,3.30255,3.93921,1.68501,6.93282,5.11054,6.9538,2.28246,3.18268
2021-02-11,11.83638,8.15199,10.45147,1.79168,8.83304,5.09051,7.1667,1.87865,5.65202,4.34166,5.89582,2.18323,4.20325,3.54127,4.22395,1.8068,8.69005,7.18375,8.73314,3.59958,17.85037
2021-02-12,11.83638,8.15199,10.45147,1.79168,22.27068,12.83467,18.06935,4.73664,18.6582,14.33891,19.46183,7.1965,9.54075,8.03815,9.58773,4.10117,8.85267,7.37024,8.89704,3.7801,-0.927
2021-02-15,11.83638,8.15199,10.45147,1.79168,21.61861,12.45888,17.54029,4.59795,16.87298,12.96669,17.59976,6.50838,8.58554,7.23338,8.62782,3.69057,8.43514,6.88984,8.47601,3.34113,-0.44421
2021-02-16,11.83638,8.15199,10.45147,1.79168,20.96626,12.08293,17.01101,4.45921,15.24499,11.71534,15.9017,5.88087,8.58321,7.23141,8.62547,3.68956,7.31026,5.56633,7.33756,2.48764,21.5714
2021-02-17,11.83638,8.15199,10.45147,1.79168,32.10019,18.49945,26.04454,6.82722,25.68166,19.73752,26.7876,9.90372,13.50815,11.38071,13.57466,5.80659,8.85267,7.37024,8.89704,3.7801,28.12903
2021-02-18,11.83638,8.15199,10.45147,1.79168,44.92338,22.11522,35.8196,9.55452,36.55887,28.09833,38.133,14.09637,18.50948,15.59437,18.60062,7.95646,8.85267,7.37024,8.89704,3.7801,-16.23817
2021-02-19,12.63784,8.95232,11.79917,1.79168,47.4001,23.33448,37.79441,10.08128,36.8106,28.29183,38.39557,14.1934,18.7792,15.8216,18.87167,8.07239,8.85267,7.37024,8.89704,3.7801,-11.08603
2021-02-22,12.63784,9.50425,12.15479,1.79168,47.69674,23.48052,38.03094,10.14437,35.03663,26.92826,36.54524,13.50962,19.16691,16.14825,19.26129,8.23906,8.85267,7.37024,8.89704,3.7801,-7.66786
2021-02-23,12.63784,9.50425,12.15479,1.79168,47.07938,23.1766,37.53869,10.01307,32.54167,25.0105,33.94288,12.54793,19.35148,16.30376,19.44677,8.3184,8.85267,7.37024,8.89704,3.7801,-1.91469
2021-02-24,12.63784,9.50425,12.15479,1.79168,45.69839,22.49675,36.43756,9.71935,29.42608,22.61569,30.69319,11.34701,18.93616,15.95385,19.0294,8.13987,8.71725,7.21499,8.76056,3.62888,-0.58199
2021-02-25,12.63784,9.50425,12.15479,1.79168,44.3113,21.81391,35.33156,9.42434,26.55969,20.41242,27.70342,10.24215,18.29502,15.41368,18.38511,7.86427,7.99584,6.3785,8.03221,2.95771,-0.48043
2021-02-26,12.63784,9.50425,12.15479,1.79168,42.96496,19.51601,31.79713,9.138,24.29976,18.5852,25.41289,9.33663,14.42318,12.15162,14.4942,6.19992,6.50145,4.58097,6.51381,2.08545,-1.72228
2021-03-01,12.63784,9.50425,12.15479,1.79168,31.60432,18.43499,26.98535,8.86965,21.94115,16.78098,22.9463,8.43085,14.07407,11.8575,14.14337,6.04986,6.28495,4.31178,6.29236,1.99957,0.04894
2021-03-02,12.63784,9.50425,12.15479,1.79168,30.64156,17.87341,26.16329,8.59946,19.74757,15.10301,20.65228,7.58844,13.68505,11.52975,13.75244,5.88263,3.94046,2.45569,4.16815,1.43953,1.41858
2021-03-03,12.63784,9.50425,12.15479,1.79168,29.73388,17.34396,25.38827,8.34472,17.83619,13.64089,18.65338,6.8544,13.77977,11.60955,13.84762,5.92335,3.42727,2.33955,3.82941,1.36523,0.67254
2021-03-04,12.63784,9.50425,12.15479,1.79168,28.83404,16.81907,24.61995,8.09218,16.07387,12.29281,16.81037,6.17761,13.68283,11.52788,13.75021,5.88168,2.80242,2.18351,3.23827,1.23272,0.3976
2021-03-05,12.63784,9.50425,12.15479,1.79168,27.95779,16.30795,23.87176,7.84627,14.48192,11.07505,15.14554,5.56625,13.62442,11.47867,13.69151,5.85657,2.66905,2.13777,3.02756,1.18383,0.1748
2021-03-08,12.63784,9.50425,12.15479,1.79168,27.10652,15.8114,23.1449,7.60736,13.0481,9.97825,13.64607,5.01562,13.59969,11.45784,13.66666,5.84594,2.63473,2.12489,2.96469,1.16902,-0.55712
2021-03-09,12.63784,9.50425,12.15479,1.79168,26.28524,15.33234,22.44365,7.37687,11.7749,9.00432,12.31457,4.52666,13.61575,11.47136,13.6828,5.85284,2.63465,2.12486,2.96454,1.16898,-0.88811
2021-03-10,12.63784,8.95232,12.0628,1.79168,20.48648,13.46057,19.76404,7.15545,10.65881,8.15057,11.14739,4.09805,13.572,11.4345,13.63883,5.83404,2.65169,2.13132,2.99627,1.17647,0.14935
2021-03-11,12.63784,8.95232,12.0628,1.79168,19.86265,13.05068,19.16221,6.93756,9.61816,7.35452,10.05909,3.6984,13.53218,11.40096,13.59882,5.81692,2.63049,2.12327,2.95665,1.16711,1.31128
2021-03-12,12.63784,8.15199,11.48379,1.79168,15.58647,12.28562,17.43398,6.73388,8.78847,6.71986,9.19142,3.37978,13.62812,11.48178,13.69522,5.85816,2.70275,2.14995,3.08559,1.19741,-0.61917
2021-03-15,12.63784,8.15199,11.48379,1.79168,15.11572,11.91456,16.90743,6.5305,7.96874,6.0928,8.33415,3.06497,13.53242,11.40116,13.59906,5.81702,2.65505,2.13257,3.0024,1.17792,-0.80304
2021-03-16,12.63784,8.15199,11.48379,1.79168,14.66231,11.55717,16.40027,6.33461,7.25792,5.54906,7.59079,2.79199,12.49085,10.52362,12.55235,5.36929,2.65244,2.13159,2.99763,1.17679,-0.8866
2021-03-17,12.63784,8.15199,11.48379,1.79168,14.22452,11.2121,15.91059,6.14547,6.63914,5.07573,6.94368,2.55436,12.49818,10.5298,12.55972,5.37245,2.65749,2.13349,3.00684,1.17896,0.87267
2021-03-18,12.63784,7.66786,11.26971,1.79168,13.80006,10.87752,15.43581,5.96209,6.08697,4.65334,6.36622,2.3423,12.50223,10.53321,12.56379,5.37419,2.66056,2.13463,3.01239,1.18027,-2.93102
2021-03-19,12.63784,7.66786,11.26971,1.79168,13.48246,10.62718,15.08057,5.82487,6.31504,4.82781,6.60474,2.42989,11.31982,9.53702,11.37556,4.86592,6.13383,4.12303,6.13758,1.94422,1.28994
2021-03-22,12.63784,7.66786,11.26971,1.79168,13.09217,10.31955,14.64402,5.65626,5.88339,4.49761,6.15332,2.26412,7.12014,5.99876,7.1552,3.06065,5.0851,2.97043,5.08309,1.64531,0.28129
2021-03-23,12.63784,7.66786,11.26971,1.79168,12.69433,10.00597,14.19902,5.48438,5.35537,4.09371,5.60113,2.06135,5.07018,4.27166,5.09514,2.17946,3.09694,2.26534,3.5706,1.30787,-1.39767
2021-03-24,12.63784,7.66786,11.26971,1.79168,12.33309,9.72123,13.79497,5.32831,5.09295,3.89297,5.32669,1.96057,4.23142,3.565,4.25225,1.81891,2.95949,2.22988,3.43313,1.27703,1.35838
2021-03-25,12.63784,7.66786,11.26971,1.79168,11.98216,9.44461,13.40243,5.17669,4.85096,3.70786,5.07363,1.86764,3.6,3.03303,3.61773,1.54749,2.89033,2.21035,3.35321,1.25895,-1.58125
2021-03-26,12.63784,7.66786,11.26971,1.79168,11.65167,9.18412,13.03278,5.03391,4.72933,3.61481,4.94642,1.82092,3.61071,3.04205,3.62849,1.55209,2.96457,2.23127,3.43868,1.27828,1.05806
2021-03-29,12.63784,7.66786,11.26971,1.79168,11.31263,8.91688,12.65355,4.88744,4.04038,3.08532,4.22784,1.55529,3.46395,2.9184,3.48101,1.48901,2.7857,2.17813,3.21445,1.22725,0.94109
2021-03-30,12.63784,7.66786,11.26971,1.79168,10.98097,8.65546,12.28258,4.74415,3.81526,2.91326,3.99231,1.4689,3.44521,2.90261,3.46218,1.48095,2.7091,2.1522,3.09613,1.19987,-0.75065
2021-03-31,12.63784,7.66786,11.26971,1.79168,10.65495,8.39848,11.91791,4.6033,3.58315,2.73585,3.74946,1.37981,3.32862,2.80438,3.34501,1.43083,2.66464,2.13614,3.01971,1.18199,-1.51197
2021-04-01,12.63784,7.66786,11.26971,1.79168,10.36587,8.17062,11.59456,4.4784,3.68104,2.81067,3.85188,1.41738,3.68045,3.10081,3.69858,1.58207,2.76435,2.17111,3.18305,1.22001,1.74544
2021-04-05,12.63784,7.66786,11.26971,1.79168,10.09869,7.96002,11.29571,4.36297,3.86176,2.9488,4.04096,1.48674,3.83465,3.23072,3.85353,1.64836,3.00485,2.24203,3.48132,1.28787,-3.07491
2021-04-06,12.63784,6.70905,11.02922,1.79168,9.94504,7.83891,11.12385,4.29659,4.86721,3.71728,5.09292,1.87264,5.02141,4.23057,5.04613,2.15849,7.36702,5.6343,7.39518,2.52149,1.55408
2021-04-07,12.63784,6.70905,11.02922,1.79168,9.68225,7.63177,10.82991,4.18306,4.70243,3.59133,4.92052,1.80939,4.02615,3.39206,4.04597,1.73067,6.90871,5.08119,6.92925,2.27045,0.10125
2021-04-08,12.63784,6.70905,11.02922,1.79168,9.38746,7.39942,10.50018,4.0557,4.25175,3.24687,4.44899,1.63642,3.59076,3.02524,3.60844,1.54352,4.72614,2.7411,4.75924,1.57032,0.18472
2021-04-09,12.63784,6.70905,11.02922,1.79168,9.10209,7.17447,10.18098,3.93241,3.86575,2.95185,4.04514,1.48827,3.53162,2.97542,3.54901,1.5181,2.96869,2.23239,3.44316,1.27929,-0.08667
2021-04-12,12.63784,6.70905,11.02922,1.79168,8.82494,6.95602,9.87098,3.81267,3.5309,2.69592,3.6948,1.35976,3.43667,2.89542,3.4536,1.47728,2.68998,2.14539,3.06402,1.19237,0.34944
2021-04-13,12.63784,5.7851,10.02067,1.79168,8.55839,6.28402,9.4609,3.69751,3.26363,2.49164,3.41517,1.25718,3.18289,2.68161,3.19856,1.36819,2.64286,2.12798,2.97994,1.17262,0.93841
2021-04-14,12.63784,5.7851,10.02067,1.79168,8.3147,6.1051,9.19152,3.59223,3.17936,2.42722,3.32699,1.22483,3.28786,2.77004,3.30405,1.41331,2.66101,2.1348,3.0132,1.18046,1.92327
2021-04-15,12.63784,5.7851,10.02067,1.79168,8.13482,5.97302,8.99267,3.51452,3.60316,2.75114,3.7704,1.38749,3.92598,3.30767,3.94532,1.68762,3.01975,2.24592,3.4965,1.29128,-0.07681
2021-04-16,12.63784,5.7851,10.02067,1.79168,7.88712,5.79114,8.71885,3.4075,3.30601,2.52403,3.4595,1.27344,3.23426,2.72488,3.25018,1.39027,2.6978,2.14819,3.07728,1.19547,-0.05286
2021-04-19,11.08603,4.85128,8.72292,1.79168,7.64691,5.5014,8.36562,3.30372,3.05256,2.33031,3.19433,1.17617,3.2291,2.72054,3.245,1.38806,2.63987,2.12685,2.97437,1.17131,1.06308
2021-04-20,11.08603,4.85128,8.72292,1.79168,7.43841,5.3514,8.13753,3.21364,3.05866,2.33497,3.2007,1.17851,3.48453,2.93574,3.50169,1.49785,2.67212,2.1389,3.033,1.18511,-0.02669
2021-04-21,11.08603,4.85128,8.72292,1.79168,7.21182,5.18839,7.88965,3.11575,2.84297,2.17012,2.97504,1.09573,3.18637,2.68454,3.20206,1.36969,2.63424,2.1247,2.96377,1.1688,-0.87148
2021-04-22,11.08603,4.85128,8.72292,1.79168,7.00956,5.04287,7.66837,3.02836,2.8293,2.15967,2.96074,1.09048,3.24865,2.73701,3.26464,1.39646,2.65039,2.13083,2.99388,1.17591,0.13919
2021-04-23,11.08603,4.85128,8.72292,1.79168,6.79648,4.88957,7.43526,2.93631,2.6538,2.02553,2.77712,1.02312,3.09311,2.60597,3.10834,1.3296,2.63009,2.12312,2.95589,1.16693,0.51323
2021-04-26,11.08603,4.85128,8.72292,1.79168,6.59585,4.74524,7.21578,2.84963,2.56252,1.95576,2.68161,0.98809,3.14373,2.64861,3.15921,1.35136,2.63299,2.12423,2.96141,1.16824,-0.57124
2021-04-27,11.08603,4.85128,8.72292,1.79168,6.40311,4.60658,7.00493,2.76636,2.50967,1.91537,2.62632,0.96781,3.12314,2.63126,3.13851,1.34251,2.63468,2.12488,2.96461,1.169,2.17635
2021-04-28,11.08603,4.85128,8.72292,1.79168,6.32948,4.55361,6.92438,2.73455,3.34132,2.55071,3.4965,1.28753,4.07672,3.43467,4.0968,1.75241,3.34524,2.32193,3.77125,1.3524,0.90692
2021-04-29,11.08603,4.85128,8.72292,1.79168,6.15817,4.43036,6.73696,2.66054,3.23135,2.46666,3.38144,1.24532,3.37671,2.8449,3.39333,1.45151,2.83901,2.19498,3.28812,1.24413,-0.09457
2021-04-30,11.08603,4.85128,8.72292,1.79168,5.97081,4.29556,6.53199,2.57959,2.99255,2.28414,3.13159,1.15367,3.2068,2.70175,3.22259,1.37847,2.66801,2.13739,3.02573,1.1834,-1.38929
2021-05-03,11.08603,4.85128,8.72292,1.79168,5.84225,4.20308,6.39136,2.52405,3.17396,2.42279,3.32139,1.2233,3.6363,3.06361,3.6542,1.56309,2.73386,2.16081,3.13612,1.20916,1.63003
2021-05-04,11.08603,4.85128,8.72292,1.79168,5.73917,4.12892,6.27859,2.47952,3.4216,2.61207,3.58048,1.31834,3.82934,3.22625,3.8482,1.64607,2.88592,2.20906,3.34782,1.25772,0.87964
2021-05-05,11.08603,4.85128,8.72292,1.79168,5.58664,4.01919,6.11172,2.41362,3.28807,2.51001,3.44078,1.26709,3.3602,2.83099,3.37675,1.44441,2.72922,2.15922,3.12876,1.20745,-0.44204
2021-05-06,11.08603,4.85128,8.72292,1.79168,5.42224,3.90091,5.93187,2.34259,3.07799,2.34944,3.22098,1.18646,3.17208,2.6725,3.1877,1.36355,2.65371,2.13207,2.99996,1.17734,-1.04727
2021-05-07,11.08603,4.85128,8.72292,1.79168,5.29049,3.80612,5.78773,2.28567,3.08168,2.35226,3.22484,1.18788,3.3809,2.84843,3.39755,1.45331,2.67245,2.13902,3.03359,1.18525,0.13759
2021-05-10,11.08603,4.85128,8.72292,1.79168,5.12991,3.6906,5.61206,2.21629,2.86682,2.18804,3.00005,1.10542,3.10122,2.6128,3.11649,1.33308,2.63507,2.12502,2.96535,1.16917,0.27148
2021-05-11,11.08603,4.85128,8.72292,1.79168,4.97601,3.57988,5.4437,2.1498,2.69741,2.05855,2.8228,1.04039,3.03048,2.5532,3.0454,1.30268,2.62824,2.1224,2.95234,1.16609,0.04956
2021-05-12,11.08603,4.85128,8.72292,1.79168,4.82451,3.47088,5.27795,2.08435,2.54172,1.93956,2.65991,0.98064,2.98946,2.51864,3.00418,1.28504,2.62439,2.12092,2.94496,1.16434,0.21069
2021-05-13,11.08603,4.85128,8.72292,1.79168,4.67906,3.36624,5.11883,2.02151,2.42167,1.8478,2.53431,0.93457,2.99337,2.52193,3.00811,1.28672,2.62478,2.12107,2.9457,1.16452,-0.467
2021-05-14,11.08603,4.85128,8.72292,1.79168,4.54423,3.26925,4.97134,1.96326,2.37083,1.80894,2.48112,0.91505,2.99918,2.52683,3.01395,1.28922,2.62925,2.12279,2.95428,1.16655,0.47744
2021-05-17,11.08603,4.85128,8.72292,1.79168,4.41411,3.17563,4.82898,1.90704,2.32633,1.77493,2.43456,0.89797,2.98732,2.51684,3.00203,1.28412,2.63163,2.1237,2.95881,1.16763,0.906
2021-05-18,11.08603,4.85128,8.72292,1.79168,4.31035,3.10099,4.71547,1.86222,2.43439,1.85752,2.54761,0.93944,3.14501,2.6497,3.1605,1.35191,2.65436,2.13231,3.00113,1.17762,-0.59791
2021-05-19,11.08603,4.85128,8.72292,1.79168,4.19277,3.01639,4.58684,1.81142,2.41578,1.8433,2.52815,0.93231,3.05874,2.57701,3.0738,1.31483,2.64144,2.12745,2.9773,1.172,-1.59133
2021-05-20,11.08603,4.85128,8.72292,1.79168,4.16396,2.99567,4.55532,1.79897,2.88705,2.2035,3.02122,1.11318,3.57716,3.01378,3.59477,1.53767,2.77161,2.17352,3.19386,1.22251,-0.58903
2021-05-21,11.08603,4.85128,8.72292,1.79168,4.0509,2.91433,4.43164,1.75012,2.77726,2.11958,2.90634,1.07104,3.14957,2.65353,3.16507,1.35387,2.67017,2.13818,3.02955,1.1843,0.57429
2021-05-24,11.08603,4.85128,8.72292,1.79168,3.94097,2.83524,4.31137,1.70263,2.67751,2.04335,2.80198,1.03276,3.14665,2.65108,3.16215,1.35262,2.64598,2.12916,2.98574,1.17399,0.75196
2021-05-25,11.08603,4.85128,8.72292,1.79168,3.84462,2.76593,4.20597,1.66101,2.64798,2.02077,2.77108,1.02142,3.19141,2.68879,3.20713,1.37186,2.64846,2.1301,2.99032,1.17507,0.83866
2021-05-26,11.08603,4.85128,8.72292,1.79168,3.7577,2.7034,4.11088,1.62345,2.65456,2.0258,2.77797,1.02395,3.2331,2.72391,3.24902,1.38977,2.65499,2.13255,3.00228,1.17789,0.40682
2021-05-27,11.08603,4.85128,8.72292,1.79168,3.65052,2.62629,3.99363,1.57715,2.53514,1.93516,2.65243,0.97875,3.03632,2.55812,3.05127,1.30519,2.71149,2.17732,3.15881,1.24113,-0.35047
2021-05-28,11.08603,4.85128,8.72292,1.79168,3.54489,2.55029,3.87806,1.53151,2.43782,1.86075,2.55063,0.94139,2.9919,2.5207,3.00663,1.28609,2.70588,2.1753,3.14692,1.23813,0.1328
2021-06-01,11.08603,4.85128,8.72292,1.79168,3.43772,2.47319,3.76082,1.48521,2.32917,1.77767,2.43698,0.89968,2.95308,2.48799,2.96762,1.26941,2.70258,2.17411,3.13988,1.23635,1.82703
2021-06-02,11.08603,4.85128,8.72292,1.79168,3.49025,2.51099,3.8183,1.50791,2.97101,2.26845,3.10836,1.1461,3.71675,3.13139,3.73506,1.59768,2.93024,2.24644,3.53749,1.33414,1.10607
2021-06-03,11.08603,4.85128,8.72292,1.79168,3.44154,2.47594,3.76501,1.48686,3.00978,2.2981,3.14891,1.16098,3.32734,2.8033,3.34372,1.43028,2.81631,2.21272,3.3593,1.29096,-0.67166
2021-06-04,11.08603,4.85128,8.72292,1.79168,3.35836,2.4161,3.67401,1.45092,2.8983,2.21286,3.0323,1.11818,3.16509,2.66661,3.18068,1.36054,2.73779,2.18663,3.21292,1.25472,0.34365
2021-06-07,11.08603,4.85128,8.72292,1.79168,3.26188,2.34668,3.56845,1.40924,2.73171,2.08547,2.85805,1.05422,3.09016,2.60348,3.10538,1.32833,2.71182,2.17744,3.15953,1.24131,-0.36414
2021-06-08,11.08603,4.85128,8.72292,1.79168,3.16924,2.28004,3.46711,1.36922,2.60132,1.98577,2.72166,1.00416,3.09658,2.60889,3.11182,1.33109,2.70619,2.17541,3.1476,1.2383,1.56447
2021-06-09,11.08603,4.85128,8.72292,1.79168,3.19816,2.30084,3.49874,1.38171,2.9753,2.27173,3.11284,1.14774,3.54251,2.98459,3.55995,1.52278,2.82704,2.2161,3.3777,1.29546,0.03902
2021-06-10,11.08603,4.85128,8.72292,1.79168,3.10081,2.23081,3.39224,1.33965,2.77332,2.11729,2.90157,1.0702,3.00775,2.53405,3.02256,1.29291,2.72357,2.18164,3.18401,1.24748,0.19554
2021-06-11,11.08603,4.85128,8.72292,1.79168,3.00839,2.16432,3.29114,1.29972,2.61118,1.9933,2.73196,1.00795,3.00217,2.52935,3.01695,1.29051,2.70661,2.17557,3.14849,1.23853,1.1283
2021-06-14,11.08603,4.85128,8.72292,1.79168,2.98607,2.14826,3.26672,1.29008,2.74585,2.09628,2.87283,1.05965,3.30648,2.78573,3.32276,1.42132,2.74842,2.19031,3.23403,1.25999,0.8876
2021-06-15,11.08603,4.85128,8.72292,1.79168,2.93851,2.11405,3.2147,1.26954,2.74752,2.09756,2.87458,1.06029,3.23134,2.72243,3.24725,1.38902,2.73914,2.1871,3.21562,1.2554,0.0334
2021-06-16,11.08603,4.85128,8.72292,1.79168,2.84906,2.04969,3.11683,1.23089,2.58238,1.97128,2.70184,0.99689,2.98384,2.5139,2.99853,1.28263,2.70832,2.17618,3.15211,1.23944,-0.64433
2021-06-17,11.08603,4.85128,8.72292,1.79168,2.78631,2.00455,3.04819,1.20378,2.54606,1.94351,2.66385,0.98295,3.08927,2.60273,3.10448,1.32795,2.71317,2.17793,3.16236,1.24203,-0.4254
2021-06-18,11.08603,4.85128,8.72292,1.79168,2.71218,1.95122,2.96709,1.17175,2.46102,1.87848,2.5749,0.9503,3.03912,2.56048,3.05408,1.30639,2.70772,2.17597,3.15083,1.23912,0.26923
2021-06-21,11.08603,4.85128,8.72292,1.79168,2.63398,1.89496,2.88154,1.13797,2.36082,1.80187,2.47009,0.91183,2.97406,2.50567,2.98871,1.27843,2.70451,2.17481,3.14401,1.2374,0.3013
2021-06-22,11.08603,4.85128,8.72292,1.79168,2.55945,1.84134,2.8,1.10577,2.28357,1.7428,2.38929,0.88217,2.94008,2.47704,2.95456,1.26382,2.70438,2.17476,3.14373,1.23733,-0.00082
2021-06-23,11.08603,4.85128,8.72292,1.79168,2.48147,1.78524,2.7147,1.07208,2.19948,1.6785,2.30132,0.84988,2.91723,2.45779,2.9316,1.254,2.7017,2.17379,3.13799,1.23587,1.04078
2021-06-24,11.08603,4.85128,8.72292,1.79168,2.47719,1.78216,2.71001,1.07023,2.40149,1.83297,2.51263,0.92744,3.18015,2.6793,3.19581,1.36702,2.73801,2.18671,3.21337,1.25483,-0.55227
2021-06-25,11.08603,4.85128,8.72292,1.79168,2.42205,1.74249,2.64969,1.04641,2.3757,1.81325,2.48566,0.91754,3.01507,2.54021,3.02991,1.29605,2.7164,2.17909,3.16914,1.24373,1.20683
2021-06-28,11.08603,4.85128,8.72292,1.79168,2.44592,1.75966,2.6758,1.05672,2.60398,1.98752,2.72428,1.00639,3.29935,2.77972,3.31559,1.41825,2.76164,2.19482,3.2597,1.26638,1.33503
2021-06-29,11.08603,4.85128,8.72292,1.79168,2.48927,1.79085,2.72323,1.07545,2.84089,2.16871,2.97206,1.09736,3.42222,2.88324,3.43907,1.47107,2.8022,2.20821,3.33456,1.28489,0.80682
2021-06-30,11.08603,4.85128,8.72292,1.79168,2.45641,1.76721,2.68728,1.06125,2.79242,2.13164,2.92136,1.07874,3.21716,2.71048,3.233,1.38292,2.74645,2.18963,3.23015,1.25902,0.00906
2021-07-01,11.08603,4.85128,8.72292,1.79168,2.38158,1.71338,2.60542,1.02892,2.61965,1.99951,2.74066,1.01241,3.04441,2.56494,3.0594,1.30866,2.7096,2.17664,3.15482,1.24013,1.1143
2021-07-02,11.08603,4.85128,8.72292,1.79168,2.3939,1.72224,2.6189,1.03424,2.74207,2.09314,2.86871,1.05941,3.32152,2.79841,3.33788,1.42778,2.74798,2.19016,3.23316,1.25978,-0.83916
2021-07-05,11.08603,4.85128,8.72292,1.79168,2.36923,1.70449,2.59191,1.02359,2.73685,2.08914,2.86325,1.05741,3.18575,2.68402,3.20144,1.36942,2.73244,2.18476,3.20214,1.25202,-0.26771
2021-07-06,11.08603,4.85128,8.72292,1.79168,2.30207,1.65617,2.51843,0.99457,2.5913,1.97783,2.71101,1.00152,2.99252,2.52122,3.00726,1.28636,2.70867,2.17631,3.15286,1.23963,-0.28544
2021-07-07,11.08603,4.85128,8.72292,1.79168,2.2378,1.60993,2.44812,0.9668,2.47343,1.88768,2.58774,0.95626,2.97572,2.50706,2.99037,1.27914,2.7043,2.17473,3.14355,1.23728,-0.59204
2021-07-08,11.08603,4.85128,8.72292,1.79168,2.19544,1.57946,2.40178,0.9485,2.4437,1.86495,2.55664,0.94485,3.04803,2.56799,3.06304,1.31022,2.71041,2.17694,3.15654,1.24056,-0.41258
2021-07-09,11.08603,4.85128,8.72292,1.79168,2.14137,1.54056,2.34263,0.92514,2.37523,1.81258,2.48503,0.91855,2.9592,2.49314,2.97377,1.27204,2.70687,2.17566,3.14903,1.23867,1.4465
2021-07-12,11.08603,4.85128,8.72292,1.79168,2.23225,1.60594,2.44205,0.96441,2.74394,2.09457,2.87066,1.06013,3.41597,2.87798,3.43279,1.46838,2.79812,2.2069,3.32728,1.28309,-0.18218
2021-07-13,11.08603,4.85128,8.72292,1.79168,2.16671,1.55879,2.37035,0.93609,2.58796,1.97528,2.70752,1.00024,2.98583,2.51558,3.00053,1.28348,2.71949,2.18019,3.17556,1.24535,0.99679
2021-07-14,11.08603,4.85128,8.72292,1.79168,2.17539,1.56504,2.37986,0.93984,2.66596,2.03493,2.78911,1.03019,3.21951,2.71246,3.23536,1.38393,2.73981,2.18734,3.21697,1.25573,-0.74868
2021-07-15,11.08603,4.85128,8.72292,1.79168,2.15141,1.54779,2.35362,0.92948,2.64528,2.01912,2.76748,1.02225,3.13382,2.64026,3.14925,1.3471,2.72517,2.1822,3.18731,1.2483,-1.34135
2021-07-16,11.08603,4.85128,8.72292,1.79168,2.22019,1.59727,2.42886,0.9592,2.89234,2.20806,3.02587,1.11711,3.44358,2.90124,3.46053,1.48025,2.77887,2.20059,3.29219,1.27444,0.22214
2021-07-19,11.08603,4.85128,8.72292,1.79168,2.15623,1.55125,2.35889,0.93157,2.7124,2.07045,2.83767,1.04802,3.0182,2.54286,3.03306,1.2974,2.71723,2.17938,3.17086,1.24417,-1.63959
2021-07-20,11.08603,4.85128,8.72292,1.79168,2.28791,1.6799,2.51857,0.98845,3.1125,2.37644,3.25614,1.20165,3.63891,3.06581,3.65683,1.56422,2.84431,2.22144,3.40654,1.3025,0.86888
2021-07-21,11.08603,4.85128,8.72292,1.79168,2.27225,1.66841,2.50133,0.98169,3.03073,2.3139,3.17062,1.17025,3.26211,2.74835,3.27817,1.40224,2.76178,2.19487,3.25995,1.26645,2.0729
2021-07-22,11.08603,4.85128,8.72292,1.79168,2.49692,1.83337,2.74865,1.07875,3.58324,2.73647,3.74849,1.38241,4.03137,3.39646,4.05122,1.73292,3.29742,2.33,3.93096,1.42647,1.26329
2021-07-23,11.08603,4.85128,8.72292,1.79168,2.52458,1.85368,2.7791,1.09071,3.55219,2.71272,3.71601,1.37048,3.5592,2.99865,3.57672,1.52995,2.95872,2.25417,3.57671,1.34352,0.41668
2021-07-26,11.08603,4.85128,8.72292,1.79168,2.45905,1.80557,2.70696,1.06239,3.29122,2.51313,3.44307,1.27028,3.28067,2.76399,3.29683,1.41023,2.75215,2.19159,3.24133,1.26181,-0.16057
2021-07-27,11.08603,4.85128,8.72292,1.79168,2.38587,1.75184,2.62641,1.03078,3.04105,2.32336,3.1801,1.17527,3.16188,2.66391,3.17745,1.35916,2.71116,2.17721,3.15813,1.24096,0.0143
2021-07-28,11.08603,4.85128,8.72292,1.79168,2.31321,1.69848,2.54641,0.99938,2.82854,2.16071,2.95793,1.09362,3.12444,2.63236,3.13982,1.34307,2.70303,2.17427,3.14083,1.23659,0.10664
2021-07-29,11.08603,4.85128,8.72292,1.79168,2.24355,1.64733,2.46974,0.96929,2.6515,2.02521,2.77284,1.02561,2.9782,2.50915,2.99286,1.2802,2.70184,2.17384,3.13829,1.23595,0.03394
2021-07-30,11.08603,4.85128,8.72292,1.79168,2.17529,1.59721,2.39459,0.9398,2.50202,1.91079,2.61656,0.96817,2.91869,2.45901,2.93306,1.25462,2.70128,2.17363,3.13708,1.23564,-0.81304
2021-08-02,11.08603,4.85128,8.72292,1.79168,2.15881,1.58511,2.37645,0.93268,2.53941,1.93942,2.65566,0.98254,3.08521,2.59931,3.1004,1.3262,2.719,2.18001,3.17454,1.2451,-0.03878
2021-08-03,11.08603,4.85128,8.72292,1.79168,2.09316,1.53691,2.30418,0.90432,2.40971,1.84014,2.52006,0.93271,2.93076,2.46918,2.94519,1.25981,2.70449,2.1748,3.14395,1.23738,0.0056
2021-08-04,11.08603,4.85128,8.72292,1.79168,2.0294,1.49009,2.23399,0.87677,2.302,1.75771,2.40746,0.89133,2.92606,2.46522,2.94047,1.25779,2.70173,2.1738,3.13805,1.23589,-0.10405
2021-08-05,11.08603,4.85128,8.72292,1.79168,1.96846,1.44534,2.16691,0.85044,2.21759,1.6931,2.31921,0.8589,2.92812,2.46696,2.94254,1.25868,2.70135,2.17366,3.13722,1.23568,0.67893
2021-08-06,11.08603,4.85128,8.72292,1.79168,1.94692,1.42953,2.1432,0.84114,2.25891,1.72472,2.36241,0.87477,3.04604,2.56631,3.06104,1.30937,2.71471,2.17848,3.16558,1.24284,-0.57097
2021-08-09,11.08603,4.85128,8.72292,1.79168,1.91517,1.40622,2.10825,0.82742,2.26817,1.73181,2.37209,0.87833,3.00526,2.53195,3.02006,1.29184,2.71202,2.17752,3.15995,1.24142,-0.58483
2021-08-10,11.08603,4.85128,8.72292,1.79168,1.8862,1.38495,2.07636,0.8149,2.27958,1.74055,2.38402,0.88272,3.02096,2.54518,3.03583,1.29858,2.71189,2.17747,3.15967,1.24135,0.08726
2021-08-11,11.08603,4.85128,8.72292,1.79168,1.82941,1.34325,2.01384,0.79036,2.19669,1.67711,2.29736,0.85087,2.93363,2.4716,2.94808,1.26105,2.70344,2.17442,3.14171,1.23681,0.10769
2021-08-12,11.08603,4.85128,8.72292,1.79168,1.77473,1.3031,1.95365,0.76674,2.13023,1.62623,2.22788,0.82534,2.93443,2.47228,2.94888,1.26139,2.70193,2.17387,3.13847,1.236,0.12386
2021-08-13,11.08603,4.85128,8.72292,1.79168,1.72209,1.26445,1.89571,0.744,2.07743,1.58582,2.17268,0.80505,2.91423,2.45526,2.92858,1.25271,2.70175,2.1738,3.13808,1.2359,-1.15447
2021-08-16,11.08603,4.85128,8.72292,1.79168,1.79335,1.31677,1.97415,0.77479,2.38889,1.82421,2.4983,0.92471,3.23661,2.72687,3.25255,1.39128,2.74477,2.18905,3.22682,1.2582,-0.50682
2021-08-17,11.08603,4.85128,8.72292,1.79168,1.7623,1.29397,1.93997,0.76137,2.35308,1.7968,2.46086,0.91095,2.9947,2.52306,3.00945,1.2873,2.71633,2.17906,3.16899,1.2437,-0.52148
2021-08-18,11.08603,4.85128,8.72292,1.79168,1.73401,1.2732,1.90882,0.74915,2.32842,1.77793,2.43508,0.90148,3.00806,2.53431,3.02287,1.29304,2.71085,2.17709,3.15746,1.24079,-0.95521
2021-08-19,11.08603,4.85128,8.72292,1.79168,1.76626,1.29688,1.94433,0.76308,2.46671,1.88377,2.57966,0.95461,3.16471,2.66629,3.18029,1.36038,2.73039,2.18404,3.19798,1.25098,-0.81232
2021-08-20,11.08603,4.85128,8.72292,1.79168,1.7733,1.30205,1.95208,0.76613,2.51186,1.91833,2.62686,0.97196,3.13081,2.63773,3.14622,1.3458,2.72639,2.18263,3.18981,1.24893,0.07032
2021-08-23,11.08603,4.85128,8.72292,1.79168,1.71974,1.26273,1.89312,0.74299,2.38682,1.82262,2.49613,0.92391,2.91751,2.45802,2.93187,1.25411,2.7061,2.17538,3.14739,1.23825,1.3089
2021-08-24,11.08603,4.85128,8.72292,1.79168,1.82504,1.34004,2.00904,0.78848,2.66984,2.03924,2.79201,1.03265,3.32876,2.8045,3.34515,1.43089,2.77214,2.19835,3.27962,1.27132,0.76164
2021-08-25,11.08603,4.85128,8.72292,1.79168,1.82138,1.33735,2.005,0.7869,2.63654,2.01441,2.75695,1.01926,3.09828,2.61033,3.11354,1.33182,2.73614,2.18606,3.20961,1.25389,0.95722
2021-08-26,11.08603,4.85128,8.72292,1.79168,1.8474,1.35646,2.03365,0.79814,2.68543,2.05183,2.80806,1.03804,3.17502,2.67498,3.19065,1.36481,2.7414,2.18788,3.22013,1.25652,0.02039
2021-08-27,11.08603,4.63418,8.3771,1.79168,1.6527,1.28861,1.503,0.77384,2.52831,1.93156,2.64381,0.97767,2.9546,2.48927,2.96915,1.27006,2.7087,2.17632,3.15291,1.23965,2.11978
2021-08-30,11.08603,4.63418,8.3771,1.79168,1.94865,1.51937,1.77216,0.91242,3.2964,2.51952,3.44676,1.2728,3.97079,3.34542,3.99034,1.70688,3.23158,2.31714,3.87454,1.41345,-0.25513
2021-08-31,11.08603,4.63418,8.3771,1.79168,1.894,1.47676,1.72245,0.88683,3.05687,2.33616,3.19636,1.18076,3.08865,2.60221,3.10386,1.32768,2.77808,2.20033,3.29072,1.27407,-0.55457
2021-09-01,11.08603,4.63418,8.3771,1.79168,1.85908,1.44953,1.69069,0.87048,2.90556,2.22033,3.03817,1.12262,3.12996,2.63701,3.14537,1.34544,2.7247,2.18203,3.18632,1.24806,1.33591
2021-09-02,11.08603,4.63418,8.3771,1.79168,1.93319,1.50731,1.75809,0.90518,3.06134,2.33958,3.20103,1.18248,3.46439,2.91878,3.48145,1.4892,2.78535,2.20273,3.30415,1.27739,1.62748
2021-09-03,11.08603,4.63418,8.3771,1.79168,2.05861,1.6051,1.87215,0.9639,3.33021,2.54539,3.4821,1.28578,3.71099,3.12654,3.72927,1.5952,2.9068,2.23987,3.50374,1.32603,0.29078
2021-09-06,11.08603,4.63418,8.3771,1.79168,2.00168,1.56072,1.82038,0.93725,3.08582,2.35832,3.22662,1.19188,3.08013,2.59503,3.0953,1.32402,2.73988,2.18736,3.21711,1.25577,0.21897
2021-09-07,11.08603,4.63418,8.3771,1.79168,1.94408,1.51581,1.76799,0.91028,2.87273,2.19521,3.00386,1.11001,3.06921,2.58583,3.08432,1.31933,2.71002,2.17679,3.15571,1.24035,-0.61329
2021-09-08,11.08603,4.63418,8.3771,1.79168,1.91197,1.49077,1.73879,0.89524,2.76895,2.11576,2.89536,1.07013,3.14213,2.64727,3.15761,1.35067,2.71242,2.17766,3.16079,1.24163,0.07611
2021-09-09,11.08603,3.95849,8.26449,1.79168,1.80443,1.3761,1.60653,0.86817,2.59881,1.98553,2.71751,1.00476,3.00282,2.5299,3.01761,1.29079,2.70348,2.17443,3.1418,1.23684,1.22944
2021-09-10,11.08603,3.95849,8.26449,1.79168,1.85806,1.417,1.65428,0.89397,2.78108,2.12505,2.90805,1.07479,3.2948,2.77589,3.31102,1.4163,2.75943,2.19407,3.25544,1.26532,1.55492
2021-09-13,11.08603,3.41091,8.02443,1.79168,1.66629,1.46905,1.6688,0.94673,3.08872,2.36054,3.22966,1.193,3.55115,2.99187,3.56863,1.52649,2.85985,2.22616,3.43174,1.30863,0.72257
2021-09-14,11.08603,3.41091,8.02443,1.79168,1.64528,1.45053,1.64777,0.9348,2.96582,2.26647,3.10118,1.14578,3.19286,2.69001,3.20858,1.37248,2.75275,2.1918,3.24251,1.26211,0.82923
2021-09-15,11.08603,3.41091,8.02443,1.79168,1.63473,1.44123,1.6372,0.9288,2.89822,2.21472,3.03051,1.1198,3.23311,2.72391,3.24902,1.38978,2.73595,2.18599,3.20922,1.2538,2.1001
2021-09-16,11.08603,3.41091,8.02443,1.79168,1.82531,1.60924,1.82806,1.03708,3.51398,2.68607,3.67422,1.3564,4.05399,3.41552,4.07396,1.74264,3.2764,2.32597,3.91342,1.42243,-0.64971
2021-09-17,11.08603,3.41091,8.02443,1.79168,1.79173,1.57964,1.79443,1.018,3.30679,2.52747,3.45762,1.27679,3.30264,2.7825,3.3189,1.41967,2.80689,2.20972,3.34285,1.28692,-1.15215
2021-09-20,11.08603,3.41091,8.02443,1.79168,1.80677,1.5929,1.80949,1.02655,3.30036,2.52255,3.4509,1.27432,3.45185,2.9082,3.46884,1.48381,2.78005,2.20098,3.29437,1.27498,-1.14247
2021-09-21,11.08603,3.41091,8.02443,1.79168,1.81965,1.60426,1.8224,1.03387,3.29135,2.51565,3.44148,1.27086,3.4732,2.9262,3.4903,1.49298,2.77008,2.19766,3.27575,1.27037,-1.33032
2021-09-22,11.08603,3.41091,8.02443,1.79168,1.8551,1.63551,1.8579,1.05401,3.36615,2.57291,3.51968,1.2996,3.59994,3.03297,3.61767,1.54746,2.79624,2.20629,3.32391,1.28227,0.48938
2021-09-23,11.08603,3.41091,8.02443,1.79168,1.81092,1.59656,1.81365,1.02891,3.13951,2.40055,3.28163,1.21389,3.16486,2.66642,3.18044,1.36044,2.72745,2.18301,3.19197,1.24947,0.52272
2021-09-24,11.08603,3.07491,7.87716,1.79168,1.77016,1.45141,1.74903,1.00575,2.96016,2.26318,3.09421,1.14494,3.16558,2.66702,3.18117,1.36075,2.71464,2.17846,3.16545,1.24281,0.99989
2021-09-27,11.08603,3.07491,7.87716,1.79168,1.76954,1.45091,1.74843,1.0054,2.95268,2.25745,3.0864,1.14207,3.3058,2.78516,3.32208,1.42103,2.73857,2.1869,3.21449,1.25511,2.56277
2021-09-28,11.08603,3.07491,7.87716,1.79168,2.04062,1.67317,2.01627,1.15941,3.87541,2.96424,4.05066,1.49678,4.43027,3.73253,4.45208,1.90439,5.03706,2.70767,5.09874,1.68676,1.96172
2021-09-29,11.08603,3.07491,7.87716,1.79168,2.15164,1.7642,2.12596,1.22249,4.10682,3.1415,4.29248,1.58574,4.04801,3.41048,4.06795,1.74007,5.51167,2.93116,5.50434,1.77709,-0.99521
2021-09-30,11.08603,2.93102,7.40148,1.79168,2.12975,1.61855,2.03826,1.21006,3.89259,2.97741,4.06862,1.50339,3.57166,3.00915,3.58925,1.53531,3.3466,2.33919,3.9704,1.43553,-0.53181
2021-10-01,11.08603,2.93102,7.40148,1.79168,2.07756,1.57888,1.98832,1.18041,3.60195,2.75478,3.76489,1.39166,3.43717,2.89584,3.4541,1.4775,2.80418,2.20885,3.33808,1.28575,0.14868
2021-10-04,11.08603,2.93102,7.40148,1.79168,2.01529,1.53156,1.92872,1.14503,3.30701,2.52886,3.45667,1.27828,3.34815,2.82084,3.36463,1.43923,2.72064,2.1806,3.17796,1.24595,1.30292
2021-10-05,11.08603,2.93102,7.40148,1.79168,2.03304,1.54505,1.9457,1.15511,3.34877,2.56084,3.50031,1.29433,3.52868,2.97294,3.54606,1.51683,2.77776,2.20022,3.29014,1.27393,3.02303
2021-10-06,11.08603,2.93102,7.40148,1.79168,2.36301,1.79581,2.2615,1.34259,4.46319,3.41448,4.6649,1.72274,4.8728,4.10537,4.89679,2.09461,7.40239,5.02254,7.41062,2.32628,-2.0038
2021-10-07,11.08603,2.93102,7.40148,1.79168,2.44848,2.0076,2.37922,1.39115,4.59053,3.51202,4.79797,1.77169,4.20134,3.53966,4.22203,1.80598,7.50413,5.14994,7.51482,2.36721,-0.98507
2021-10-08,11.08603,2.93102,7.40148,1.79168,2.41158,1.97734,2.34336,1.37018,4.29313,3.28421,4.48718,1.65736,3.7078,3.12385,3.72606,1.59383,5.12938,2.74325,5.17324,1.70321,-0.34833
2021-10-11,11.08603,2.93102,7.40148,1.79168,2.34293,1.92105,2.27666,1.33118,3.91839,2.99717,4.09558,1.51331,3.55518,2.99527,3.57269,1.52823,2.97958,2.25968,3.60425,1.35008,0.20439
2021-10-12,11.08603,2.93102,7.40148,1.79168,2.27327,1.86393,2.20896,1.2916,3.58109,2.7388,3.74309,1.38364,3.48627,2.9372,3.50343,1.4986,2.74829,2.19027,3.23377,1.25993,-0.41557
2021-10-13,11.08603,2.93102,7.40148,1.79168,2.21128,1.81311,2.14873,1.25638,3.31895,2.53801,3.46915,1.28287,3.23774,2.72782,3.25368,1.39177,2.71452,2.17841,3.1652,1.24274,0.98043
2021-10-14,11.08603,2.93102,7.40148,1.79168,2.18519,1.79171,2.12337,1.24156,3.23165,2.47113,3.37792,1.24931,3.30901,2.78786,3.3253,1.4224,2.73687,2.18631,3.21107,1.25426,1.99099
2021-10-15,11.08603,2.93102,7.40148,1.79168,2.2859,1.87429,2.22123,1.29877,3.66116,2.80013,3.82677,1.41442,3.9575,3.33422,3.97699,1.70117,3.11814,2.29312,3.76528,1.38804,-1.67904
2021-10-18,11.08603,2.93102,7.40148,1.79168,2.33148,1.91166,2.26553,1.32467,3.8166,2.9192,3.9892,1.47417,3.82206,3.22011,3.84088,1.64294,3.14297,2.29861,3.7907,1.39398,-1.67708
2021-10-19,11.08603,2.93102,7.40148,1.79168,2.37327,1.94592,2.30613,1.34842,3.93338,3.00865,4.11124,1.51907,3.90274,3.28809,3.92196,1.67763,3.15665,2.30157,3.8043,1.39715,-0.91752
2021-10-20,11.08603,2.93102,7.40148,1.79168,2.33472,1.91432,2.26868,1.32652,3.72607,2.84985,3.89459,1.43937,3.56615,3.00451,3.58371,1.53294,2.82415,2.21519,3.37278,1.29426,0.82151
2021-10-21,11.08603,2.93102,7.40148,1.79168,2.29114,1.87858,2.22633,1.30175,3.51744,2.69005,3.67658,1.35917,3.52357,2.96863,3.54092,1.51463,2.75277,2.1918,3.24255,1.26212,-0.33933
2021-10-22,11.08603,2.93102,7.40148,1.79168,2.22615,1.8253,2.16318,1.26483,3.25404,2.48939,3.40043,1.25858,3.29152,2.77312,3.30772,1.41489,2.71372,2.17812,3.16351,1.24232,1.70199
2021-10-25,11.08603,2.93102,7.40148,1.79168,2.27965,1.86916,2.21517,1.29523,3.5065,2.68287,3.66419,1.35567,3.82826,3.22534,3.84711,1.64561,2.88067,2.23234,3.46442,1.31655,3.27401
2021-10-26,11.08603,2.93102,7.40148,1.79168,2.62246,2.15025,2.54828,1.49,4.74878,3.6349,4.96204,1.8334,5.19832,4.37962,5.22392,2.23454,8.68807,6.59693,8.72136,2.96636,-0.05405
2021-10-27,11.08603,2.93102,7.40148,1.79168,2.54268,2.08483,2.47075,1.44467,4.29463,3.28685,4.48757,1.65875,3.53976,2.98227,3.55719,1.52159,5.8658,3.18747,5.84039,1.85472,-0.01791
2021-10-28,11.08603,2.93102,7.40148,1.79168,2.46523,2.02133,2.3955,1.40067,3.90062,2.9849,4.07593,1.50723,3.4864,2.93732,3.50357,1.49866,3.11487,2.29239,3.76186,1.38724,-0.68636
2021-10-29,11.08603,2.93102,7.40148,1.79168,2.40838,1.97471,2.34025,1.36836,3.63986,2.78507,3.80352,1.40695,3.56793,3.006,3.5855,1.5337,2.78956,2.20411,3.31184,1.27929,-0.31145
2021-11-01,11.08603,2.93102,7.40148,1.79168,2.33887,1.91772,2.2727,1.32887,3.35554,2.56717,3.50647,1.29761,3.41292,2.87541,3.42973,1.46707,2.71994,2.18035,3.17649,1.24558,-1.30639
2021-11-02,11.08603,2.93102,7.40148,1.79168,2.33651,1.91579,2.27042,1.32753,3.40391,2.60425,3.55701,1.31622,3.47473,2.92749,3.49184,1.49364,2.77102,2.19798,3.27751,1.2708,0.45235
2021-11-03,11.08603,2.93102,7.40148,1.79168,2.27371,1.86429,2.20939,1.29185,3.16945,2.42456,3.31206,1.22605,3.18071,2.67977,3.19637,1.36725,2.72125,2.18081,3.17921,1.24627,0.36143
2021-11-04,11.08603,2.93102,7.40148,1.79168,2.20994,1.81201,2.14743,1.25562,2.95879,2.26312,3.09198,1.14504,3.16021,2.6625,3.17577,1.35844,2.70892,2.1764,3.15339,1.23977,-0.28123
2021-11-05,11.08603,2.93102,7.40148,1.79168,2.14605,1.75962,2.08534,1.21932,2.77659,2.12349,2.90162,1.07497,3.08412,2.59839,3.0993,1.32573,2.70429,2.17473,3.14353,1.23728,-0.16874
2021-11-08,11.08603,2.93102,7.40148,1.79168,2.08194,1.70706,2.02305,1.18289,2.6127,1.99789,2.7304,1.01194,3.04728,2.56735,3.06228,1.3099,2.70221,2.17397,3.13908,1.23615,0.28807
2021-11-09,11.08603,2.93102,7.40148,1.79168,2.02234,1.65818,1.96513,1.14903,2.48506,1.90008,2.59706,0.96286,3.00116,2.5285,3.01594,1.29007,2.7037,2.17451,3.14227,1.23696,-1.10717
2021-11-10,11.08603,2.93102,7.40148,1.79168,2.01799,1.65462,1.96091,1.14656,2.65195,2.02797,2.77141,1.02704,3.28209,2.76518,3.29825,1.41083,2.74076,2.18766,3.21886,1.25621,-3.80062
2021-11-11,11.08603,3.07491,7.54642,1.79168,3.35614,2.16407,2.93213,1.44997,4.79508,3.67038,5.0104,1.85121,5.63384,4.74655,5.66159,2.42175,9.73235,7.82943,9.77878,3.74358,1.37059
2021-11-12,11.08603,3.07491,7.54642,1.79168,3.34541,2.15714,2.92274,1.44533,4.56986,3.49778,4.77511,1.76459,3.92397,3.30597,3.94329,1.68675,8.81847,6.7528,8.85369,3.04867,0.61325
2021-11-15,11.08603,3.07491,7.54642,1.79168,3.26207,2.10341,2.84994,1.40933,4.18743,3.2047,4.37557,1.61753,3.66618,3.08878,3.68423,1.57594,6.40666,3.76411,6.38695,1.99312,-0.7289
2021-11-16,11.08603,3.07491,7.54642,1.79168,3.18958,2.05667,2.78661,1.37801,3.89113,2.97763,4.06602,1.50358,3.68935,3.1083,3.70752,1.5859,3.60757,2.38409,4.15325,1.47717,1.44867
2021-11-17,11.08603,3.07491,7.54642,1.79168,3.19963,2.06315,2.79539,1.38235,3.86867,2.96042,4.04256,1.49494,3.98084,3.35388,4.00044,1.7112,3.17231,2.30492,3.81958,1.4007,-2.27162
2021-11-18,11.08603,3.07491,7.54642,1.79168,3.35889,2.25176,2.971,1.45115,4.30169,3.29226,4.49494,1.66147,4.26489,3.5932,4.28589,1.8333,4.90758,2.66265,4.99784,1.66453,0.50569
2021-11-19,11.08603,3.07491,7.54642,1.79168,3.26916,2.19161,2.89164,1.41239,3.94121,3.016,4.11834,1.52284,3.36272,2.83312,3.37928,1.4455,2.97559,2.25863,3.59905,1.34884,-1.36271
2021-11-22,11.08603,3.07491,7.54642,1.79168,3.26238,2.18706,2.88563,1.40946,3.89368,2.97691,4.07073,1.50337,3.70992,3.12564,3.72819,1.59474,2.86241,2.22446,3.43706,1.3109,-0.17071
2021-11-23,11.08603,3.07491,7.54642,1.79168,3.16447,2.12143,2.79903,1.36716,3.56368,2.72425,3.72579,1.37655,3.35027,2.82263,3.36677,1.44014,2.7187,2.17756,3.17656,1.24687,0.89103
2021-11-24,11.08603,3.07491,7.54642,1.79168,3.10938,2.0845,2.75031,1.34336,3.40476,2.60257,3.55967,1.31548,3.45124,2.90769,3.46823,1.48354,2.71965,2.1779,3.17851,1.24736,0.21662
2021-11-25,11.08603,3.07491,7.54642,1.79168,3.01716,2.02267,2.66873,1.30351,3.14607,2.4045,3.28928,1.21606,3.08564,2.59968,3.10084,1.32639,2.69514,2.16907,3.12671,1.23435,0.09712
2021-11-26,11.08603,3.07491,7.54642,1.79168,2.92576,1.9614,2.58789,1.26403,2.92017,2.23154,3.05316,1.12925,3.06969,2.58623,3.08481,1.31953,2.6894,2.16697,3.11422,1.2312,2.94942
2021-11-29,11.08603,3.07491,7.54642,1.79168,3.29285,2.20749,2.91258,1.42262,4.15236,3.17497,4.34111,1.60278,4.76154,4.01163,4.78499,2.04679,6.55752,3.95125,6.54203,2.03522,-5.87536
2021-11-30,11.08603,3.41091,8.01316,1.79168,6.60771,3.27575,4.93772,1.99339,7.34818,5.62186,7.68157,2.83092,8.07001,6.79904,8.10975,3.46896,10.46401,8.67485,10.51695,4.48115,-3.76941
2021-12-01,11.08603,3.76941,8.07291,1.79168,7.09996,3.64021,5.39397,2.14189,7.72077,5.90713,8.07102,2.9741,6.41812,5.40731,6.44973,2.75888,10.46096,8.67135,10.51388,4.47765,-1.22145
2021-12-02,11.08603,3.76941,8.07291,1.79168,6.95474,3.56575,5.28365,2.09808,7.02671,5.37573,7.34555,2.70738,4.95094,4.1712,4.97531,2.1282,9.88703,8.00972,9.93496,3.88121,-0.81814
2021-12-03,11.08603,3.76941,8.07291,1.79168,6.77552,3.47386,5.14749,2.04402,6.35346,4.86025,6.64183,2.44865,4.85403,4.08955,4.87793,2.08654,8.38973,6.23833,8.41817,2.78898,-1.98776
2021-12-06,11.08603,3.76941,8.07291,1.79168,6.76447,3.4682,5.1391,2.04068,6.0895,4.65815,6.36592,2.34721,5.20988,4.38936,5.23553,2.23951,8.36384,6.20701,8.39184,2.77465,0.63108
2021-12-07,11.08603,3.76941,8.07291,1.79168,6.57839,3.37279,4.99773,1.98455,5.50705,4.2122,5.75712,2.12338,3.963,3.33885,3.98251,1.70353,5.75399,3.09523,5.73144,1.8283,0.52046
2021-12-08,11.08603,3.76941,8.07291,1.79168,6.39197,3.27721,4.8561,1.92831,4.98744,3.81436,5.21399,1.9237,3.57812,3.01459,3.59573,1.53808,3.15222,2.29802,3.79964,1.39667,1.52763
2021-12-09,11.08603,3.76941,8.07291,1.79168,6.32015,3.24039,4.80154,1.90664,4.78539,3.65965,5.00279,1.84605,3.97503,3.34899,3.99461,1.7087,3.04236,2.2729,3.68173,1.36915,-1.26272
2021-12-10,11.08603,3.76941,8.07291,1.79168,6.2128,3.18535,4.71998,1.87426,4.54083,3.47241,4.74717,1.75207,3.87435,3.26417,3.89343,1.66542,2.86302,2.22465,3.43803,1.31113,0.1595
2021-12-13,11.08603,3.76941,8.07291,1.79168,6.02492,3.08903,4.57725,1.81758,4.11998,3.15018,4.30727,1.59033,3.4091,2.87219,3.42589,1.46543,2.71904,2.17768,3.17725,1.24705,2.6639
2021-12-14,11.08603,3.76941,8.07291,1.79168,6.22898,3.19365,4.73227,1.87914,4.69854,3.59316,4.91201,1.81267,4.74951,4.0015,4.7729,2.04162,5.35473,2.84351,5.3637,1.74489,-2.28125
2021-12-15,11.08603,3.76941,8.07291,1.79168,6.31689,3.23872,4.79906,1.90566,4.91294,3.75731,5.13611,1.89506,4.60223,3.87741,4.62489,1.97831,6.75969,4.20757,6.75025,2.09696,0.64996
2021-12-16,11.08603,3.76941,8.07291,1.79168,6.14715,3.15169,4.67011,1.85445,4.4915,3.43464,4.6956,1.73311,3.79796,3.19981,3.81666,1.63258,3.83482,2.4188,4.29234,1.50865,-0.08427
2021-12-17,11.08603,3.76941,8.07291,1.79168,5.96027,2.95479,4.32695,1.79808,4.07592,3.11645,4.26121,1.5734,3.67184,3.09355,3.68992,1.57837,2.81232,2.20903,3.35404,1.29074,-0.14273
2021-12-20,11.08603,3.76941,8.07291,1.79168,5.77986,2.86535,4.19598,1.74365,3.71897,2.84315,3.88811,1.43623,3.64859,3.07396,3.66656,1.56838,2.71043,2.17461,3.15931,1.24255,0.6115
2021-12-21,11.08603,3.76941,8.07291,1.79168,5.62574,2.78894,4.08409,1.69715,3.46865,2.64823,3.62891,1.33879,3.53189,2.97564,3.54929,1.51821,2.7029,2.17189,3.14337,1.23855,1.24428
2021-12-22,11.08603,3.76941,8.07291,1.79168,5.54713,2.74997,4.02702,1.67344,3.45322,2.63643,3.61277,1.33286,3.6487,3.07405,3.66666,1.56842,2.74903,2.18815,3.23751,1.26206,0.515
2021-12-23,11.08603,3.76941,8.07291,1.79168,5.39438,2.67425,3.91613,1.62736,3.22462,2.46162,3.37366,1.24509,3.40268,2.86678,3.41943,1.46267,2.70766,2.17362,3.15349,1.24109,-2.25917
2021-12-24,11.08603,3.76941,8.07291,1.79168,5.5424,2.74763,4.02359,1.67201,3.8565,2.94483,4.03459,1.4877,4.38103,3.69105,4.4026,1.88322,3.42013,2.34977,4.02498,1.44842,0.33438
2021-12-27,11.08603,3.76941,8.07291,1.79168,5.38041,2.66732,3.90599,1.62315,3.54183,2.7042,3.70545,1.36689,3.54269,2.98474,3.56013,1.52285,2.78841,2.20133,3.31163,1.28035,0.31022
2021-12-28,11.08603,3.76941,8.07291,1.79168,5.22258,2.58908,3.79141,1.57553,3.27101,2.4971,3.42219,1.26291,3.5325,2.97615,3.54989,1.51847,2.70936,2.17423,3.15706,1.24199,-0.59761
2021-12-29,11.08603,3.76941,8.07291,1.79168,5.08668,2.5217,3.69275,1.53453,3.09646,2.36362,3.23961,1.19589,3.50568,2.95356,3.52294,1.50695,2.70106,2.17123,3.13945,1.23756,-0.14904
2021-12-30,11.08603,3.76941,8.07291,1.79168,4.9332,2.44562,3.58133,1.48823,2.88307,2.20043,3.01641,1.11396,3.24671,2.73537,3.26269,1.39562,2.69067,2.16743,3.11699,1.2319,3.25782
2021-12-31,11.08603,3.76941,8.07291,1.79168,5.46566,2.70958,3.96788,1.64886,4.39689,3.35808,4.59982,1.69519,5.06243,4.26513,5.08735,2.17613,7.97413,5.73215,7.99493,2.57394,-0.54049
2022-01-03,11.08603,3.76941,8.07291,1.79168,5.3173,2.63603,3.86017,1.6041,4.03621,3.08226,4.22256,1.5567,3.44147,2.89946,3.45842,1.47934,5.09649,2.72845,5.14594,1.69671,-0.41239
2022-01-04,11.08603,3.76941,8.07291,1.79168,5.16617,2.56111,3.75046,1.55851,3.709,2.83204,3.88031,1.43107,3.41718,2.879,3.43401,1.4689,2.96863,2.25428,3.59043,1.3476,0.2335
2022-01-05,11.08603,3.76941,8.07291,1.79168,5.01238,2.48487,3.63881,1.51212,3.40686,2.60098,3.56428,1.31507,3.3648,2.83487,3.38137,1.44639,2.73572,2.18355,3.2112,1.25552,0.49305
2022-01-06,11.08603,3.76941,8.07291,1.79168,4.87614,2.41733,3.53991,1.47102,3.18181,2.42889,3.32889,1.22866,3.40754,2.87087,3.42431,1.46476,2.70422,2.17237,3.14618,1.23925,1.68064
2022-01-07,11.08603,3.76941,8.07291,1.79168,4.9206,2.43937,3.57218,1.48443,3.44576,2.63073,3.60497,1.33,3.69068,3.10942,3.70885,1.58647,2.84899,2.22042,3.41556,1.3057,-1.0821
2022-01-10,11.08603,3.76941,8.07291,1.79168,4.85093,2.40483,3.52161,1.46341,3.38595,2.58499,3.54241,1.30704,3.39768,2.86257,3.41441,1.46052,2.77176,2.19583,3.28095,1.2728,1.80952
2022-01-11,11.08603,3.76941,8.07291,1.79168,4.92731,2.4427,3.57705,1.48645,3.66583,2.79902,3.83515,1.4145,3.87582,3.26541,3.89491,1.66605,2.98057,2.2574,3.60597,1.35128,0.91047
2022-01-12,11.08603,3.76941,8.07291,1.79168,4.83406,2.39647,3.50936,1.45832,3.49538,2.66867,3.65687,1.34905,3.45531,2.91113,3.47233,1.4853,2.78373,2.1998,3.3031,1.27826,3.33979
2022-01-13,11.08603,3.76941,8.07291,1.79168,5.41478,2.68436,3.93094,1.63351,4.79842,3.66513,5.0198,1.84935,5.2924,4.45889,5.31846,2.27498,8.65174,6.55383,8.68442,2.94137,0.54731
2022-01-14,11.08603,3.76941,8.07291,1.79168,5.26859,2.61189,3.82481,1.58941,4.37647,3.34246,4.57846,1.68735,3.58435,3.01984,3.602,1.54076,6.0778,3.38887,6.0514,1.90487,-1.41507
2022-01-17,11.08603,3.76941,8.07291,1.79168,5.23572,2.59559,3.80095,1.57949,4.26063,3.25388,4.45729,1.64287,3.91677,3.29991,3.93606,1.68366,4.56222,2.56237,4.74768,1.60931,-0.18642
2022-01-18,11.08603,3.76941,8.07291,1.79168,5.07847,2.51764,3.68679,1.53206,3.87994,2.96276,4.05911,1.49671,3.47563,2.92824,3.49274,1.49403,2.87841,2.2292,3.46204,1.31692,1.69665
2022-01-19,11.08603,3.76941,8.07291,1.79168,5.11285,2.53468,3.71175,1.54243,3.9757,3.03444,4.16026,1.53353,4.04544,3.40831,4.06536,1.73897,3.00058,2.26254,3.63134,1.35728,2.47136
2022-01-20,11.08603,3.76941,8.07291,1.79168,5.34784,2.65117,3.88234,1.61332,4.47259,3.41427,4.6801,1.72425,4.46004,3.75762,4.48201,1.91719,5.56585,2.96326,5.55378,1.78757,-2.59684
2022-01-21,11.08603,3.76941,8.07291,1.79168,5.59726,2.77482,4.06341,1.68856,4.92569,3.76063,5.15413,1.89817,4.71111,3.96914,4.73431,2.02511,8.00098,5.76508,8.02231,2.58692,-2.56488
2022-01-24,11.08603,3.76941,8.07291,1.79168,5.81263,2.88159,4.21977,1.75354,5.23792,3.99929,5.48078,2.01801,4.80648,4.04949,4.83015,2.06611,9.32624,7.35471,9.36811,3.40407,0.70809
2022-01-25,11.08603,3.76941,8.07291,1.79168,5.66481,2.80831,4.11245,1.70894,4.78708,3.65467,5.00912,1.84496,3.86227,3.25399,3.88128,1.66023,7.29974,4.89377,7.30533,2.28463,1.00012
2022-01-26,11.08603,3.76941,8.07291,1.79168,5.55194,2.75236,4.03051,1.67489,4.46119,3.40556,4.66818,1.71988,3.90465,3.2897,3.92388,1.67845,4.97002,2.68181,5.0454,1.67461,1.62995
2022-01-27,11.08603,3.76941,8.07291,1.79168,5.54312,2.74798,4.02411,1.67223,4.40118,3.35969,4.60539,1.69684,4.10759,3.46068,4.12782,1.76568,4.28634,2.50063,4.56673,1.56951,-0.26505
2022-01-28,11.08603,3.76941,8.07291,1.79168,5.37856,2.6664,3.90464,1.62259,4.01366,3.06346,4.19996,1.5481,3.47857,2.93072,3.4957,1.49529,2.8553,2.22233,3.42572,1.30816,6.93261
2022-01-31,11.08603,3.76941,8.07291,1.79168,7.67325,3.80399,5.57051,2.31484,8.22011,6.2789,8.60073,3.16268,9.27519,7.81441,9.32086,3.98702,10.46403,8.67488,10.51698,4.48118,0.03808
2022-02-01,11.08603,3.76941,8.07291,1.79168,7.43955,3.68814,5.40085,2.24434,7.35123,5.61472,7.69171,2.82917,4.62757,3.89876,4.65036,1.9892,9.5058,7.56544,9.54976,3.54676,-0.45055
2022-02-02,11.08603,3.76941,8.07291,1.79168,7.22219,3.58038,5.24305,2.17877,6.60433,5.04379,6.91031,2.54249,4.63935,3.90869,4.6622,1.99426,7.37004,4.98222,7.3774,2.31173,5.37026
2022-02-03,11.08603,3.76941,8.07291,1.79168,8.24886,4.08935,5.98838,2.48849,8.22106,6.27963,8.60172,3.16304,8.11902,6.84033,8.159,3.49003,10.46388,8.6747,10.51682,4.481,-2.49554
2022-02-04,11.08603,3.76941,8.07291,1.79168,8.25026,4.09004,5.9894,2.48891,7.82444,5.97645,8.18679,3.01081,6.0974,5.1371,6.12742,2.62102,10.3763,8.57427,10.42856,4.38188,-2.01638
2022-02-07,11.08603,3.76941,8.07291,1.79168,8.16476,4.04766,5.92733,2.46312,7.33002,5.59851,7.66953,2.82103,5.07892,4.27903,5.10393,2.18322,10.17819,8.3464,10.22879,4.16867,-4.87461
2022-02-08,7.66786,3.76941,6.17898,1.79168,8.85038,4.38755,6.54944,2.66995,8.38257,6.40309,8.7707,3.22504,7.5831,6.38881,7.62044,3.25966,10.46391,8.67474,10.51685,4.48104,-1.53486
2022-02-09,5.87536,3.07491,4.8438,1.79168,8.67079,4.29852,6.41654,2.61577,7.67506,5.86227,8.03051,2.95347,5.42262,4.5686,5.44932,2.33096,10.05081,8.19938,10.10028,4.03927,-0.55697
2022-02-10,4.87461,2.93102,4.05432,1.79168,8.41879,4.17359,6.23006,2.53975,6.89798,5.26826,7.21753,2.6552,4.57894,3.85779,4.60149,1.9683,8.53625,6.41509,8.56712,2.87248,-0.83407
2022-02-11,4.87461,2.93102,4.05432,1.79168,8.19037,4.06035,6.06103,2.47084,6.25279,4.77507,6.54253,2.40755,4.51555,3.80438,4.53779,1.94105,6.21494,3.53788,6.19052,1.93996,1.589
2022-02-14,4.87461,2.93102,4.05432,1.79168,8.04499,3.98828,5.95344,2.42699,5.86241,4.47666,6.13412,2.25771,4.71328,3.97097,4.73649,2.02604,5.26928,2.80208,5.28981,1.72848,0.29489
2022-02-15,4.87461,2.93102,4.05432,1.79168,7.80358,3.8686,5.7748,2.35416,5.28523,4.03546,5.53028,2.03617,3.78238,3.18668,3.80101,1.62589,2.98651,2.25894,3.61359,1.35309,0.59335
2022-02-16,4.87461,2.93102,4.05432,1.79168,7.58118,3.75834,5.61021,2.28706,4.81093,3.6729,5.03406,1.85412,3.76919,3.17557,3.78775,1.62022,2.75404,2.18986,3.24725,1.26448,1.67128
2022-02-17,4.87461,2.93102,4.05432,1.79168,7.47444,3.70543,5.53123,2.25486,4.71714,3.59796,4.9384,1.81693,4.25431,3.58429,4.27526,1.82875,2.88592,2.23139,3.47351,1.31968,0.48684
2022-02-18,4.87461,2.93102,4.05432,1.79168,7.25751,3.59789,5.37069,2.18942,4.30604,3.28399,4.5081,1.65924,3.80944,3.20948,3.8282,1.63752,2.73186,2.1822,3.20343,1.25359,-0.30061
2022-02-21,4.87461,2.93102,4.05432,1.79168,7.04065,3.49038,5.21021,2.124,3.93493,3.00057,4.11966,1.51689,3.6904,3.10918,3.70857,1.58635,2.69823,2.1702,3.13337,1.23603,-0.72
2022-02-22,4.87461,2.93102,4.05432,1.79168,6.85115,3.39644,5.06998,2.06683,3.68479,2.80953,3.85783,1.42093,3.74799,3.15771,3.76645,1.61111,2.70323,2.17201,3.14407,1.23872,-0.1837
2022-02-23,4.87461,2.93102,4.05432,1.79168,6.64411,3.2938,4.91677,2.00437,3.39087,2.58506,3.55018,1.30819,3.61971,3.04963,3.63753,1.55596,2.69135,2.16768,3.11847,1.23227,0.48832
2022-02-24,4.87461,2.93102,4.05432,1.79168,6.4539,3.1995,4.776,1.94699,3.17185,2.41779,3.32093,1.22418,3.5864,3.02157,3.60406,1.54164,2.69471,2.16892,3.12578,1.23412,0.87315
2022-02-25,4.87461,2.93102,4.05432,1.79168,6.29732,3.12188,4.66014,1.89976,3.08318,2.35007,3.22812,1.19017,3.69516,3.11319,3.71335,1.58839,2.71183,2.17511,3.16225,1.24329,-0.69819
2022-02-28,4.87461,2.93102,4.05432,1.79168,6.13174,3.03979,4.5376,1.8498,2.97076,2.26422,3.11045,1.14705,3.64524,3.07114,3.66319,1.56694,2.70552,2.17284,3.14894,1.23995,0.36248
2022-03-01,4.87461,2.93102,4.05432,1.79168,5.95223,2.9508,4.40476,1.79565,2.79931,2.13327,2.93099,1.08128,3.56932,3.00718,3.58689,1.5343,2.69474,2.16892,3.12584,1.23413,1.45217
2022-03-02,4.87461,2.93102,4.05432,1.79168,5.89012,2.92001,4.3588,1.77691,3.04254,2.31903,3.18558,1.17458,3.75648,3.16486,3.77497,1.61475,2.77957,2.19843,3.29546,1.27638,3.27266
2022-03-03,4.87461,2.93102,4.05432,1.79168,6.29865,3.12254,4.66112,1.90016,4.48349,3.41952,4.69384,1.72731,5.29207,4.45861,5.31813,2.27484,8.39486,6.24454,8.42339,2.79183,-0.73215
2022-03-04,4.87461,2.93102,4.05432,1.79168,6.13563,3.04172,4.54048,1.85098,4.15229,3.16657,4.34717,1.60026,3.79949,3.2011,3.8182,1.63324,5.88237,3.20126,5.85647,1.85764,2.5034
2022-03-07,4.87461,2.93102,4.05432,1.79168,6.28641,3.11647,4.65206,1.89646,4.62341,3.52638,4.8403,1.78098,4.73071,3.98566,4.754,2.03354,7.98944,5.75093,8.01055,2.58133,1.46791
2022-03-08,4.87461,2.59684,3.99863,1.79168,6.21035,3.07876,4.59577,1.87352,4.47154,3.41039,4.68133,1.72272,4.14228,3.4899,4.16267,1.78059,6.78452,4.23922,6.77581,2.10484,-0.59247
2022-03-09,4.87461,2.59684,3.99863,1.79168,6.04034,2.99448,4.46996,1.82223,4.1158,3.13871,4.30898,1.58627,3.77857,3.18347,3.79718,1.62425,3.76808,2.40779,4.25205,1.49965,-3.20655
2022-03-10,4.87461,3.07491,4.10025,1.79168,6.40899,3.40225,4.78028,1.93344,5.09643,3.88764,5.33542,1.96242,5.1882,4.3711,5.21375,2.23019,9.06257,7.04346,9.10113,3.21014,-0.33649
2022-03-11,4.87461,3.07491,4.10025,1.79168,6.21975,3.30179,4.63913,1.87636,4.62319,3.52621,4.84006,1.78089,3.63632,3.06362,3.65422,1.5631,6.5364,3.92475,6.52029,2.02902,1.56888
2022-03-14,4.87461,3.07491,4.10025,1.79168,6.16335,3.27185,4.59706,1.85934,4.5098,3.43961,4.72138,1.7374,3.95931,3.33574,3.9788,1.70194,5.52089,2.93545,5.51243,1.77822,-2.19543
2022-03-15,4.87461,3.07491,4.10025,1.79168,6.23581,3.31031,4.65111,1.8812,4.73069,3.60832,4.95259,1.82213,4.41459,3.71932,4.43633,1.89765,6.5758,3.97425,6.56085,2.04063,-2.81303
2022-03-16,4.87461,3.07491,4.10025,1.79168,6.46291,3.43087,4.82049,1.94971,5.24863,4.00388,5.49473,2.0208,5.02877,4.23677,5.05353,2.16166,9.1525,7.14987,9.19223,3.27429,0.54506
2022-03-17,4.87461,3.07491,4.10025,1.79168,6.28163,3.33464,4.68528,1.89502,4.77351,3.64101,4.99741,1.83855,3.63279,3.06065,3.65068,1.56158,6.85298,4.32656,6.84629,2.12693,2.79691
2022-03-18,4.87461,3.07491,4.10025,1.79168,6.4999,3.45051,4.84808,1.96087,5.25802,4.01153,5.50412,2.02484,4.99905,4.21173,5.02366,2.14888,9.30692,7.33198,9.34856,3.38924,1.01916
2022-03-21,4.87461,3.07491,4.10025,1.79168,6.35599,3.37411,4.74074,1.91745,4.86198,3.70901,5.08961,1.87291,3.95261,3.3301,3.97208,1.69906,7.65771,5.34157,7.67185,2.42978,1.30186
2022-03-22,4.87461,3.07491,4.10025,1.79168,6.25236,3.3191,4.66345,1.88619,4.60816,3.51514,4.82396,1.77554,3.9916,3.36295,4.01126,1.71582,6.01983,3.32999,5.9931,1.89053,0.8659
2022-03-23,4.87461,2.81303,4.0566,1.79168,6.10253,3.23956,4.55169,1.84099,4.2745,3.26028,4.47474,1.64754,3.64528,3.07118,3.66323,1.56696,3.5015,2.3638,4.08224,1.46142,1.80606
2022-03-24,4.87461,2.81303,4.0566,1.79168,6.09564,3.2359,4.54656,1.83891,4.33666,3.30775,4.5398,1.67138,4.1609,3.50558,4.18139,1.7886,3.707,2.39779,4.21469,1.49127,0.06102
2022-03-25,4.87461,2.81303,4.0566,1.79168,5.91015,3.13743,4.4082,1.78296,3.94161,3.006,4.12632,1.51983,3.38193,2.8493,3.39858,1.45375,2.80271,2.20596,3.33721,1.28662,2.68124
2022-03-28,4.87461,2.81303,4.0566,1.79168,6.12974,3.254,4.57199,1.8492,4.60033,3.50915,4.81576,1.77253,4.73904,3.99267,4.76238,2.03712,5.88711,3.20544,5.86115,1.85875,-2.01162
2022-03-29,4.87461,2.81303,4.0566,1.79168,6.16337,3.27186,4.59707,1.85934,4.70824,3.59158,4.9287,1.81393,4.34296,3.65897,4.36434,1.86686,6.22908,3.55393,6.20494,1.94367,-2.0666
2022-03-30,4.87461,2.81303,4.0566,1.79168,6.20673,3.29488,4.62942,1.87243,4.8187,3.67595,5.04431,1.8563,4.47107,3.76691,4.49309,1.92193,6.69781,4.12877,6.68651,2.0776,1.08681
2022-03-31,4.87461,2.81303,4.0566,1.79168,6.08201,3.22867,4.53639,1.8348,4.50786,3.43852,4.71898,1.73706,3.93814,3.31791,3.95753,1.69284,4.47784,2.54219,4.69077,1.59681,-0.92328
2022-04-01,4.87461,2.81303,4.0566,1.79168,5.94419,3.1555,4.43359,1.79322,4.21366,3.2138,4.41106,1.62419,3.89787,3.28398,3.91707,1.67553,2.9962,2.26143,3.62587,1.35599,-0.46888
2022-04-04,4.87461,2.81303,4.0566,1.79168,5.77567,3.06604,4.3079,1.74238,3.87099,2.95205,4.05241,1.49274,3.54943,2.99042,3.56691,1.52575,2.74664,2.18733,3.23284,1.2609,2.85793
2022-04-05,4.87461,2.81303,4.0566,1.79168,6.06149,3.21777,4.52108,1.82861,4.67487,3.56609,4.89378,1.80113,4.92531,4.14961,4.94956,2.11719,6.45759,3.82665,6.43918,2.00626,0.72941
2022-04-06,4.87461,2.81303,4.0566,1.79168,5.9066,3.13555,4.40555,1.78188,4.3026,3.28174,4.50415,1.65831,3.62737,3.05608,3.64523,1.55925,3.66088,2.39024,4.18604,1.48484,0.04572
2022-04-07,4.87461,2.81303,4.0566,1.79168,5.72678,3.04009,4.27143,1.72764,3.91201,2.98339,4.09535,1.50847,3.48462,2.93581,3.50177,1.49789,2.79903,2.20478,3.33068,1.28503,-0.88723
2022-04-08,4.87461,2.81303,4.0566,1.79168,5.59886,2.97218,4.17602,1.68905,3.70594,2.82599,3.87967,1.42942,3.63177,3.05979,3.64965,1.56115,2.73776,2.18426,3.21528,1.25654,2.20282
2022-04-11,4.87461,2.81303,4.0566,1.79168,5.71537,3.03403,4.26292,1.72419,4.13051,3.15029,4.32404,1.5923,4.39467,3.70254,4.41631,1.88908,3.47581,2.35942,4.06455,1.45741,-1.39259
2022-04-12,4.87461,2.81303,4.0566,1.79168,5.65545,3.00222,4.21823,1.70612,4.05865,3.0954,4.24882,1.56473,3.7785,3.18342,3.79711,1.62422,3.03849,2.27196,3.6772,1.36808,2.6286
2022-04-13,4.87461,2.81303,4.0566,1.79168,5.8839,3.1235,4.38863,1.77504,4.64527,3.54348,4.86279,1.78977,4.72292,3.97909,4.74618,2.03019,6.35286,3.69899,6.3316,1.97696,1.22732
2022-04-14,4.87461,2.81303,4.0566,1.79168,5.79104,3.07421,4.31937,1.74702,4.40461,3.35966,4.61091,1.69745,3.91095,3.295,3.93021,1.68116,4.43643,2.53273,4.66337,1.59079,1.67113
2022-04-18,4.87461,2.81303,4.0566,1.79168,5.77626,3.06636,4.30834,1.74256,4.37692,3.3385,4.58193,1.68683,4.14924,3.49576,4.16967,1.78358,3.99793,2.4465,4.39002,1.53041,2.60043
2022-04-19,4.87461,2.81303,4.0566,1.79168,5.9851,3.17722,4.46411,1.80557,4.84206,3.69764,5.06564,1.86742,4.80589,4.04899,4.82955,2.06585,7.18746,4.75198,7.19013,2.24268,-1.56218
2022-04-20,4.87461,2.81303,4.0566,1.79168,5.93979,3.15317,4.43031,1.7919,4.70025,3.5892,4.91731,1.81297,4.15361,3.49945,4.17407,1.78547,6.07614,3.38715,6.04973,1.90445,-0.96124
2022-04-21,4.87461,2.81303,4.0566,1.79168,5.81148,3.08506,4.33461,1.75319,4.38755,3.35008,4.59024,1.69291,3.74862,3.15824,3.76708,1.61137,3.62005,2.38354,4.16025,1.47904,-0.70596
2022-04-22,4.87461,2.81303,4.0566,1.79168,5.66352,3.00651,4.22425,1.70855,4.06316,3.10202,4.25094,1.56836,3.63925,3.06609,3.65717,1.56436,2.83829,2.21715,3.39803,1.30144,-1.07142
2022-04-25,4.87461,2.81303,4.0566,1.79168,5.55948,2.95128,4.14665,1.67717,3.8878,2.96791,4.06751,1.50103,3.71461,3.12958,3.7329,1.59676,2.76735,2.19436,3.27267,1.27076,-0.83159
2022-04-26,4.87461,2.81303,4.0566,1.79168,5.43224,2.88373,4.05175,1.63878,3.67146,2.80248,3.84123,1.41797,3.44992,2.90658,3.4669,1.48298,2.72596,2.18013,3.19147,1.2506,2.43463
2022-04-27,4.87461,2.81303,4.0566,1.79168,5.62552,2.98634,4.19591,1.69709,4.24851,3.24375,4.44481,1.63953,4.44601,3.7458,4.46791,1.91116,4.29606,2.50262,4.57287,1.57087,-0.34863
2022-04-28,4.87461,2.81303,4.0566,1.79168,5.46149,2.89926,4.07356,1.6476,3.88743,2.96763,4.06712,1.50089,3.41049,2.87336,3.42728,1.46603,2.86178,2.22428,3.43607,1.31066,1.33815
2022-04-29,4.87461,2.81303,4.0566,1.79168,5.40543,2.8695,4.03175,1.63069,3.82529,2.92011,4.00213,1.47703,3.74487,3.15508,3.76331,1.60976,2.83168,2.21511,3.38702,1.29877,-1.49322
2022-05-02,4.87461,2.81303,4.0566,1.79168,5.37918,2.85556,4.01217,1.62277,3.86024,2.94684,4.03869,1.49045,3.84021,3.2354,3.85912,1.65075,2.85529,2.22233,3.42571,1.30815,1.96334
2022-05-03,4.87461,2.81303,4.0566,1.79168,5.45351,2.89502,4.06761,1.6452,4.09998,3.13017,4.28945,1.5825,4.19864,3.53738,4.21931,1.80482,3.27243,2.32258,3.90945,1.42202,1.37861
2022-05-04,4.87461,2.81303,4.0566,1.79168,5.40456,2.86904,4.0311,1.63043,4.01187,3.06279,4.19729,1.54867,3.77811,3.18309,3.79672,1.62405,2.99043,2.25995,3.61858,1.35427,2.72461
2022-05-05,4.87461,2.81303,4.0566,1.79168,5.68778,3.01939,4.24235,1.71587,4.67121,3.56699,4.88694,1.80182,4.829,4.06846,4.85277,2.07578,6.67458,4.09925,6.66259,2.07044,0.15708
2022-05-06,4.87461,2.81303,4.0566,1.79168,5.51598,2.92819,4.11421,1.66404,4.2362,3.23434,4.43193,1.6348,3.58277,3.01851,3.60041,1.54008,3.46627,2.35778,4.0579,1.4559,0.11838
2022-05-09,4.87461,2.81303,4.0566,1.79168,5.34881,2.83944,3.98952,1.61361,3.85782,2.94499,4.03616,1.48953,3.51662,2.96278,3.53394,1.51165,2.78476,2.20013,3.30497,1.27872,-2.31545
2022-05-10,4.87461,2.81303,4.0566,1.79168,5.51614,2.92827,4.11432,1.66409,4.32926,3.3055,4.52926,1.67053,4.4687,3.76491,4.4907,1.92091,3.97263,2.4421,4.37486,1.52704,-4.63879
2022-05-11,4.87461,3.20655,4.36089,1.79168,6.5413,3.4732,5.21703,1.97336,6.36516,4.86237,6.65876,2.4522,6.78779,5.71876,6.82121,2.91779,10.44809,8.65661,10.50091,4.4629,4.41286
2022-05-12,4.87461,3.20655,4.36089,1.79168,7.28421,3.86765,5.80954,2.19748,7.40806,5.65987,7.74959,2.85262,6.80138,5.73021,6.83487,2.92363,10.46372,8.67452,10.51666,4.48082,-0.70512
2022-05-13,4.87461,3.20655,4.36089,1.79168,7.08547,3.76213,5.65103,2.13752,6.67661,5.10053,6.98452,2.57178,4.58942,3.86662,4.61202,1.9728,9.64994,7.7339,9.69547,3.66798,2.84325
2022-05-16,4.87461,3.20655,4.36089,1.79168,7.24716,3.84798,5.77999,2.1863,6.71028,5.12628,7.01974,2.58471,5.72587,4.82408,5.75406,2.46131,10.27666,8.45978,10.3281,4.27277,2.02735
2022-05-17,4.87461,3.20655,4.36089,1.79168,7.21663,3.83177,5.75564,2.17709,6.39085,4.88201,6.68563,2.46207,5.22957,4.40595,5.25532,2.24797,10.11657,8.27534,10.16664,4.10535,0.24593
2022-05-18,4.87461,3.20655,4.36089,1.79168,6.99963,3.71655,5.58257,2.11163,5.75377,4.39754,6.0172,2.21858,4.20056,3.539,4.22125,1.80565,8.39344,6.27232,8.42254,2.801,0.27302
2022-05-19,4.87461,3.20655,4.36089,1.79168,6.79001,3.60525,5.41539,2.04839,5.18466,3.96206,5.42213,1.99997,3.68797,3.10714,3.70613,1.5853,5.59826,3.02,5.5866,1.79804,-0.50231
2022-05-20,4.87461,3.20655,4.36089,1.79168,6.59578,3.50212,5.26048,1.98979,4.71402,3.60193,4.93002,1.81919,3.70271,3.11956,3.72095,1.59164,3.16625,2.32221,3.7975,1.40114,-0.6342
2022-05-23,4.87461,3.20655,4.36089,1.79168,6.41555,3.40642,5.11674,1.93542,4.32807,3.30661,4.52647,1.67094,3.51823,2.96413,3.53555,1.51234,2.82799,2.22999,3.34273,1.29397,-0.75952
2022-05-24,4.87461,3.20655,4.36089,1.79168,6.2506,3.31884,4.98518,1.88566,4.02386,3.07384,4.20838,1.55408,3.45215,2.90846,3.46915,1.48394,2.77647,2.21255,3.24715,1.27069,3.04697
2022-05-25,4.87461,3.20655,4.36089,1.79168,6.54573,3.47554,5.22056,1.97469,4.90665,3.74934,5.13144,1.89318,5.06077,4.26374,5.08569,2.17542,7.02929,4.58389,7.02877,2.19064,1.61494
2022-05-26,4.87461,3.20655,4.36089,1.79168,6.48037,3.44084,5.16843,1.95498,4.7573,3.63505,4.97527,1.83581,4.15919,3.50414,4.17967,1.78786,6.09597,3.44436,6.07166,1.91296,0.0739
2022-05-27,4.87461,3.20655,4.36089,1.79168,6.28324,3.33617,5.01121,1.89551,4.30812,3.29135,4.50561,1.66327,3.68422,3.10398,3.70236,1.58369,3.25297,2.34105,3.88084,1.42024,-3.23837
2022-05-30,4.87461,3.23837,4.3662,1.79168,6.63507,3.52298,5.29182,2.00165,5.25898,4.01893,5.49984,2.02852,5.46612,4.60524,5.49303,2.34966,8.6909,6.62968,8.7247,2.97765,-0.37544
2022-05-31,4.87461,3.23837,4.3662,1.79168,6.44016,3.41949,5.13636,1.94285,4.76424,3.64037,4.98253,1.83848,3.9962,3.36683,4.01588,1.7178,6.08455,3.43242,6.06014,1.91009,-0.28249
2022-06-01,4.87461,3.23837,4.3662,1.79168,6.24818,3.31756,4.98325,1.88493,4.32621,3.30519,4.52453,1.67022,3.74138,3.15213,3.7598,1.60826,3.2746,2.34553,3.90022,1.42466,1.07742
2022-06-02,4.87461,3.23837,4.3662,1.79168,6.12067,3.24986,4.88156,1.84647,4.09404,3.12754,4.28177,1.58104,3.87987,3.26881,3.89897,1.66779,2.91578,2.2574,3.48652,1.32845,1.97194
2022-06-03,4.87461,3.23837,4.3662,1.79168,6.14642,3.26353,4.9021,1.85423,4.28159,3.27105,4.47787,1.65308,4.418,3.72219,4.43975,1.89911,3.33239,2.35713,3.9496,1.4359,-1.3909
2022-06-06,4.87461,3.23837,4.3662,1.79168,6.06525,3.22043,4.83735,1.82975,4.18084,3.19395,4.37252,1.61438,3.87767,3.26697,3.89677,1.66685,3.04562,2.29319,3.66308,1.37001,2.12013
2022-06-07,4.87461,3.23837,4.3662,1.79168,6.12727,3.25336,4.88682,1.84845,4.42635,3.38181,4.62923,1.70869,4.41154,3.71675,4.43326,1.89634,3.98392,2.47216,4.38463,1.5332,0.65201
2022-06-08,4.87461,3.23837,4.3662,1.79168,5.96415,3.16675,4.75672,1.79925,4.077,3.1145,4.26395,1.57449,3.75907,3.16704,3.77758,1.61587,2.92358,2.2597,3.49826,1.33124,0.94856
2022-06-09,4.87461,3.23837,4.3662,1.79168,5.83353,3.09739,4.65254,1.75984,3.84912,2.94013,4.02567,1.48696,3.8143,3.21357,3.83308,1.63961,2.81666,2.22625,3.32248,1.28906,-3.39788
2022-06-10,4.87461,3.39788,4.39278,1.79168,6.29285,3.5898,5.0729,1.89841,5.09285,3.89181,5.32613,1.9647,5.46416,4.60359,5.49107,2.34882,8.5474,6.4577,8.579,2.89012,1.7749
2022-06-13,4.87461,3.39788,4.39278,1.79168,6.26904,3.57622,5.05371,1.89122,4.97182,3.7992,5.19958,1.91821,4.28214,3.60773,4.30322,1.84071,8.04878,5.85384,8.07176,2.61819,0.50894
2022-06-14,4.87461,3.39788,4.39278,1.79168,6.09209,3.47528,4.91106,1.83784,4.52497,3.45728,4.73235,1.74657,3.69429,3.11247,3.71248,1.58802,5.28461,2.84348,5.30619,1.73523,-4.21727
2022-06-15,4.87461,3.76941,4.52934,1.79168,6.82731,3.97673,5.64234,2.05964,6.1381,4.69162,6.41905,2.36621,6.38223,5.37707,6.41365,2.74345,10.32732,8.544,10.37926,4.36541,-0.97797
2022-06-16,4.87461,3.76941,4.52934,1.79168,6.66678,3.88323,5.50967,2.01121,5.61687,4.29258,5.87419,2.16594,4.2712,3.59852,4.29224,1.83601,9.54919,7.64352,9.5939,3.60497,1.32529
2022-06-17,4.87461,3.76941,4.52934,1.79168,6.55265,3.81675,5.41535,1.97678,5.25444,4.01526,5.49523,2.02673,4.17618,3.51846,4.19674,1.79517,8.48831,6.38667,8.51897,2.85535,-3.71667
2022-06-20,4.87461,3.76941,4.52934,1.79168,7.03335,4.09674,5.81262,2.1218,6.21061,4.74688,6.49503,2.394,6.00585,5.05997,6.03543,2.58167,10.32793,8.5447,10.37988,4.3661,0.20341
2022-06-21,4.87461,3.76941,4.52934,1.79168,6.82108,3.9731,5.63719,2.05776,5.59048,4.27238,5.8466,2.15581,4.20806,3.54532,4.22878,1.80887,9.26279,7.30784,9.30425,3.37412,-2.24248
2022-06-22,4.87461,3.76941,4.52934,1.79168,6.85936,3.9954,5.66883,2.06931,5.59524,4.27603,5.85158,2.15764,4.68983,3.95122,4.71293,2.01596,9.49949,7.58544,9.54366,3.56321,-0.69971
2022-06-23,4.87461,3.76941,4.52934,1.79168,6.67462,3.88779,5.51615,2.01358,5.10564,3.90141,5.33964,1.96958,3.98297,3.35568,4.00258,1.71211,7.65647,5.37111,7.67144,2.43535,-0.80982
2022-06-24,4.87461,3.76941,4.52934,1.79168,6.50461,3.78876,5.37565,1.96229,4.70322,3.5935,4.91885,1.815,3.94405,3.32289,3.96347,1.69538,5.12112,2.77154,5.16951,1.70509,-1.88346
2022-06-27,4.87461,3.76941,4.52934,1.79168,6.48923,3.7798,5.36293,1.95765,4.72919,3.61337,4.946,1.82498,4.17283,3.51564,4.19338,1.79373,5.13901,2.77887,5.18414,1.70831,1.84012
2022-06-28,4.87461,3.76941,4.52934,1.79168,6.46651,3.76658,5.34416,1.9508,4.71022,3.59886,4.92617,1.81769,4.24019,3.57239,4.26107,1.82268,5.04054,2.74005,5.10462,1.69085,2.80959
2022-06-29,4.87461,3.76941,4.52934,1.79168,6.67166,3.88607,5.51371,2.01269,5.21167,3.98254,5.4505,2.0103,4.944,4.16535,4.96834,2.12522,8.2936,6.1516,8.32101,2.74574,-0.48317
2022-06-30,4.87461,3.76941,4.52934,1.79168,6.4803,3.77461,5.35556,1.95496,4.74183,3.62304,4.95923,1.82983,3.76969,3.17599,3.78825,1.62043,5.58729,3.01279,5.5764,1.79573,-2.0915
2022-07-01,4.87461,3.76941,4.52934,1.79168,6.50834,3.79094,5.37873,1.96342,4.85919,3.71284,5.08194,1.87491,4.53921,3.82432,4.56156,1.95122,6.21089,3.56939,6.18814,1.94245,-1.72236
2022-07-04,4.87461,3.76941,4.52934,1.79168,6.46319,3.76464,5.34142,1.94979,4.78241,3.65409,5.00165,1.84542,4.32246,3.6417,4.34374,1.85804,5.58247,3.00965,5.57193,1.79471,-0.54316
2022-07-05,4.87461,3.76941,4.52934,1.79168,6.28179,3.65898,5.19151,1.89507,4.3779,3.34458,4.57868,1.69004,3.79374,3.19626,3.81242,1.63077,3.17405,2.32396,3.80539,1.40295,-1.77546
2022-07-06,4.87461,3.76941,4.52934,1.79168,6.25871,3.64554,5.17243,1.88811,4.42377,3.37968,4.62665,1.70766,4.15956,3.50446,4.18004,1.78802,3.31657,2.35401,3.93641,1.4329,-0.47526
2022-07-07,4.87461,3.76941,4.52934,1.79168,6.08031,3.54162,5.02499,1.83429,4.05863,3.10029,4.24484,1.56741,3.64069,3.06731,3.65862,1.56498,2.83463,2.23217,3.35443,1.29679,1.8254
2022-07-08,4.87461,3.76941,4.52934,1.79168,6.07854,3.54059,5.02353,1.83375,4.17887,3.19229,4.37057,1.6136,4.15751,3.50273,4.17798,1.78714,3.0551,2.2956,3.67456,1.37268,3.35531
2022-07-11,4.87461,3.76941,4.52934,1.79168,6.49261,3.78177,5.36573,1.95867,5.22023,3.98909,5.45945,2.01359,5.46187,4.60166,5.48876,2.34783,8.87695,6.85153,8.91342,3.09794,1.12008
2022-07-12,4.87461,3.76941,4.52934,1.79168,6.36017,3.70464,5.25628,1.91872,4.86258,3.71544,5.08549,1.87622,4.04313,3.40636,4.06304,1.73797,7.21341,4.81694,7.2178,2.25698,-2.28246
2022-07-13,4.87461,3.76941,4.52934,1.79168,6.43889,3.75048,5.32133,1.94246,5.04937,3.85836,5.2808,1.94796,4.69952,3.95937,4.72266,2.02013,8.07454,5.88529,8.098,2.6311,-0.13777
2022-07-14,4.87461,3.76941,4.52934,1.79168,6.24374,3.63681,5.16005,1.88359,4.57219,3.49324,4.78185,1.76468,3.8903,3.2776,3.90945,1.67228,5.10454,2.76487,5.15603,1.70213,0.36024
2022-07-15,4.87461,3.76941,4.52934,1.79168,6.06059,3.53013,5.00869,1.82834,4.17251,3.19025,4.36188,1.61194,3.74237,3.15298,3.7608,1.60869,3.02853,2.28877,3.64194,1.36507,-1.21544
2022-07-18,4.87461,3.76941,4.52934,1.79168,5.95826,3.47053,4.92412,1.79747,4.02969,3.08088,4.21261,1.55705,3.72674,3.1398,3.74509,1.60197,2.88951,2.24949,3.44582,1.31875,5.31662
2022-07-19,4.87461,3.76941,4.52934,1.79168,7.21153,4.20053,5.95988,2.17555,6.74488,5.16015,7.05039,2.60063,7.46845,6.29222,7.50523,3.21038,10.38212,8.60685,10.4345,4.42739,0.2969
2022-07-20,4.87461,3.76941,4.52934,1.79168,6.996,4.07499,5.78175,2.11053,6.0699,4.64326,6.34494,2.3412,4.10096,3.45509,4.12115,1.76283,9.44199,7.51816,9.48552,3.5158,-0.20025
2022-07-21,4.87461,3.76941,4.52934,1.79168,6.78482,3.95198,5.60722,2.04682,5.47333,4.18641,5.72144,2.11191,4.09367,3.44894,4.11382,1.7597,7.25209,4.8657,7.25747,2.27147,-0.86661
2022-07-22,4.87461,3.76941,4.52934,1.79168,6.61565,3.85344,5.46742,1.99579,5.034,3.84997,5.26227,1.94306,4.20361,3.54157,4.22431,1.80696,4.72552,2.63678,4.8663,1.63875,1.78127
2022-07-25,4.87461,3.76941,4.52934,1.79168,6.57516,3.82986,5.43395,1.98357,4.93044,3.77067,5.15403,1.90325,4.61744,3.89022,4.64017,1.98484,4.51716,2.58192,4.72135,1.6071,1.56117
2022-07-26,4.87461,3.76941,4.52934,1.79168,6.49966,3.78588,5.37155,1.9608,4.76074,3.64071,4.97667,1.83803,3.91399,3.29756,3.93326,1.68246,3.74693,2.43106,4.23992,1.50113,1.92164
2022-07-27,4.87461,3.76941,4.52934,1.79168,6.49194,3.78139,5.36518,1.95847,4.77199,3.64933,4.98842,1.84235,4.20753,3.54487,4.22825,1.80864,4.21312,2.51524,4.52491,1.56408,-1.50956
2022-07-28,4.87461,3.76941,4.52934,1.79168,6.4124,3.73506,5.29945,1.93447,4.62767,3.53881,4.83759,1.78689,4.02801,3.39362,4.04784,1.73147,3.46613,2.3823,4.05305,1.4593,-0.17997
2022-07-29,4.87461,3.76941,4.52934,1.79168,6.21877,3.62227,5.13942,1.87606,4.20946,3.21855,4.4005,1.62615,3.57946,3.01572,3.59709,1.53866,2.83595,2.23259,3.35673,1.29735,-0.50724
2022-08-01,4.87461,3.76941,4.52934,1.79168,6.04337,3.52011,4.99447,1.82315,3.881,2.96702,4.0572,1.4999,3.5409,2.98323,3.55834,1.52209,2.76544,2.20868,3.22548,1.26538,-1.5045
2022-08-02,4.87461,3.76941,4.52934,1.79168,5.98526,3.48626,4.94644,1.80561,3.90962,2.98893,4.08712,1.5109,3.88508,3.27321,3.90421,1.67003,2.85437,2.23852,3.38833,1.30497,-0.39353
2022-08-03,4.87461,3.76941,4.52934,1.79168,5.81171,3.38517,4.80301,1.75326,3.60704,2.75722,3.77088,1.39461,3.39002,2.85612,3.40672,1.45723,2.76512,2.20857,3.22485,1.26522,-1.52565
2022-08-04,4.87461,3.76941,4.52934,1.79168,5.76923,3.36042,4.7679,1.74044,3.70571,2.83278,3.874,1.43253,3.80309,3.20413,3.82181,1.63479,2.85954,2.24016,3.39701,1.30705,1.77805
2022-08-05,4.87461,3.76941,4.52934,1.79168,5.77678,3.36483,4.77415,1.74272,3.88475,2.96989,4.06113,1.50135,4.0235,3.38983,4.04331,1.72953,3.04569,2.2932,3.66316,1.37002,-0.62662
2022-08-08,4.87461,3.76941,4.52934,1.79168,5.62386,3.27575,4.64777,1.69659,3.62474,2.77078,3.78938,1.40141,3.54134,2.9836,3.55877,1.52227,2.80917,2.22374,3.30885,1.28575,-1.4581
2022-08-09,4.87461,3.76941,4.52934,1.79168,5.57959,3.24997,4.61118,1.68323,3.68801,2.81923,3.8555,1.42573,3.84373,3.23837,3.86265,1.65226,2.86636,2.24232,3.40836,1.30978,0.08803
2022-08-10,4.87461,3.76941,4.52934,1.79168,5.41009,3.15123,4.47109,1.6321,3.38906,2.5903,3.54306,1.31083,3.39439,2.8598,3.4111,1.45911,2.76199,2.20746,3.2186,1.26368,0.4721
2022-08-11,4.87461,3.76941,4.52934,1.79168,5.25926,3.06338,4.34645,1.5866,3.16775,2.42082,3.31175,1.22577,3.36984,2.83911,3.38643,1.44855,2.74946,2.20298,3.19329,1.25745,2.85993
2022-08-12,4.87461,3.76941,4.52934,1.79168,5.60291,3.26355,4.63045,1.69027,4.22019,3.22676,4.41171,1.63027,4.79866,4.0429,4.82229,2.06274,6.0261,3.37289,6.00141,1.89559,0.28697
2022-08-15,4.87461,3.76941,4.52934,1.79168,5.43722,3.16704,4.49352,1.64028,3.86062,2.95013,4.03684,1.49171,3.49303,2.9429,3.51023,1.50151,3.25467,2.34141,3.88238,1.42059,-0.3821
2022-08-16,4.87461,3.76941,4.52934,1.79168,5.2807,3.07587,4.36416,1.59306,3.56843,2.72646,3.73138,1.37944,3.4491,2.90589,3.46608,1.48262,2.82221,2.22809,3.33247,1.29148,1.01791
2022-08-17,4.87461,3.76941,4.52934,1.79168,5.18611,3.02077,4.28599,1.56453,3.45461,2.63933,3.61239,1.33571,3.64216,3.06854,3.66009,1.56561,2.79762,2.21984,3.28749,1.28055,1.03975
2022-08-18,4.87461,3.76941,4.52934,1.79168,5.0985,2.96974,4.21359,1.5381,3.36857,2.57347,3.52245,1.30265,3.53671,2.97971,3.55413,1.52029,2.79261,2.21813,3.27807,1.27825,1.28047
2022-08-19,4.87461,3.76941,4.52934,1.79168,5.05134,2.94227,4.17461,1.52387,3.39017,2.59001,3.54503,1.31095,3.46672,2.92073,3.48379,1.4902,2.82328,2.22844,3.33437,1.29194,-0.58128
2022-08-22,4.87461,3.76941,4.52934,1.79168,4.92014,2.86585,4.06619,1.48429,3.20051,2.44483,3.34676,1.23807,3.21716,2.71048,3.233,1.38292,2.7659,2.20884,3.22639,1.2656,2.23282
2022-08-23,4.87461,3.76941,4.52934,1.79168,5.10315,2.97245,4.21743,1.5395,3.78333,2.89097,3.95604,1.46201,4.1989,3.5376,4.21958,1.80493,3.48409,2.38554,4.06602,1.46222,0.2082
2022-08-24,4.87461,3.76941,4.52934,1.79168,4.95057,2.88358,4.09134,1.49347,3.48136,2.65981,3.64036,1.34599,3.27975,2.76322,3.2959,1.40983,2.83864,2.23347,3.36141,1.29848,-1.8135
2022-08-25,4.87461,3.76941,4.52934,1.79168,5.02055,2.92434,4.14917,1.51458,3.75572,2.86983,3.92717,1.4514,3.94128,3.32056,3.96069,1.69419,3.04408,2.29279,3.6612,1.36957,-0.34164
2022-08-26,4.87461,3.76941,4.52934,1.79168,4.8755,2.83985,4.02929,1.47083,3.47319,2.65356,3.63182,1.34285,3.30006,2.78032,3.31631,1.41856,2.79391,2.21857,3.28052,1.27885,-0.39987
2022-08-29,4.87461,3.76941,4.52934,1.79168,4.73811,2.75983,3.91575,1.42938,3.23864,2.47401,3.38662,1.25272,3.29178,2.77335,3.30799,1.415,2.75381,2.20455,3.20215,1.25963,1.38033
2022-08-30,4.87461,3.76941,4.52934,1.79168,4.72851,2.75424,3.90782,1.42648,3.33199,2.54548,3.48421,1.28859,3.55182,2.99244,3.56931,1.52678,2.82363,2.22856,3.335,1.29209,-2.66729
2022-08-31,4.87461,3.76941,4.52934,1.79168,5.07028,2.9533,4.19026,1.52958,4.19783,3.20825,4.38935,1.62127,4.60182,3.87707,4.62448,1.97813,5.49023,2.95257,5.48742,1.77563,-0.84548
2022-09-01,4.87461,3.76941,4.52934,1.79168,4.96352,2.89112,4.10203,1.49738,3.94411,3.01403,4.12411,1.52379,3.48031,2.93219,3.49745,1.49604,3.28392,2.34744,3.9084,1.42653,0.7108
2022-09-02,4.87461,3.76941,4.52934,1.79168,4.8468,2.82313,4.00557,1.46217,3.688,2.81799,3.85638,1.42538,3.45303,2.9092,3.47003,1.48431,2.8528,2.23802,3.38568,1.30433,-0.6486
2022-09-05,4.87461,3.76941,4.52934,1.79168,4.72856,2.75426,3.90786,1.4265,3.46656,2.64848,3.62489,1.3403,3.43414,2.89328,3.45105,1.47619,2.77529,2.21214,3.24486,1.27013,-0.30347
2022-09-06,4.87461,3.76941,4.52934,1.79168,4.59113,2.67421,3.79428,1.38504,3.2205,2.46013,3.36766,1.24576,3.29974,2.78005,3.31599,1.41842,2.74808,2.20249,3.19046,1.25675,-1.02273
2022-09-07,4.87461,3.76941,4.52934,1.79168,4.52806,2.63748,3.74215,1.36601,3.18812,2.43534,3.3338,1.23331,3.31414,2.79218,3.33046,1.42461,2.77473,2.21195,3.24377,1.26986,-2.6921
2022-09-08,4.87461,3.76941,4.52934,1.79168,4.9042,2.91573,4.06287,1.47948,4.12601,3.15328,4.31427,1.59368,4.54906,3.83261,4.57146,1.95545,5.35034,2.87587,5.36301,1.74783,1.06117
2022-09-09,4.87461,3.76941,4.52934,1.79168,4.83224,2.87295,4.00325,1.45777,3.93041,3.00355,4.10979,1.51852,3.56728,3.00546,3.58485,1.53343,3.41043,2.37206,4.01157,1.44994,0.99421
2022-09-12,4.87461,3.76941,4.52934,1.79168,4.75407,2.82647,3.93849,1.43419,3.74738,2.86344,3.91845,1.4482,3.56122,3.00035,3.57875,1.53082,2.91946,2.25849,3.49208,1.32977,-0.29221
2022-09-13,4.87461,3.76941,4.52934,1.79168,4.61534,2.744,3.82357,1.39234,3.46044,2.64448,3.61802,1.33803,3.34128,2.81505,3.35774,1.43628,2.77362,2.21156,3.2416,1.26933,1.06857
2022-09-14,4.87461,3.76941,4.52934,1.79168,4.55808,2.70995,3.77613,1.37507,3.38368,2.58572,3.53779,1.30854,3.55314,2.99354,3.57063,1.52734,2.78806,2.21657,3.26944,1.27615,0.99578
2022-09-15,4.87461,3.76941,4.52934,1.79168,4.49257,2.67101,3.72186,1.35531,3.29655,2.519,3.44671,1.27505,3.35014,2.82252,3.36664,1.44009,2.78534,2.21563,3.26426,1.27488,-1.10899
2022-09-16,4.87461,3.76941,4.52934,1.79168,4.44781,2.64439,3.68478,1.3418,3.28118,2.50724,3.43065,1.26915,3.40109,2.86544,3.41784,1.46199,2.79536,2.21907,3.28324,1.27952,-1.55392
2022-09-19,4.87461,3.76941,4.52934,1.79168,4.4931,2.67132,3.7223,1.35547,3.46677,2.64933,3.62464,1.34047,3.67022,3.09219,3.68829,1.57768,2.88571,2.24832,3.43978,1.3173,-0.12349
2022-09-20,4.87461,3.76941,4.52934,1.79168,4.35738,2.59063,3.60986,1.31452,3.20832,2.45145,3.35449,1.24115,3.19541,2.69216,3.21115,1.37357,2.76541,2.20867,3.22541,1.26536,-0.74344
2022-09-21,4.87461,3.76941,4.52934,1.79168,4.26754,2.53722,3.53544,1.28742,3.08891,2.36003,3.22968,1.19526,3.28881,2.77085,3.30501,1.41372,2.76066,2.20699,3.21595,1.26303,-0.90278
2022-09-22,4.87461,3.76941,4.52934,1.79168,4.20197,2.49823,3.48111,1.26764,3.03962,2.32229,3.17816,1.17632,3.3134,2.79156,3.32972,1.42429,2.76914,2.20998,3.23279,1.26717,-0.4861
2022-09-23,4.87461,3.76941,4.52934,1.79168,4.09303,2.43346,3.39086,1.23477,2.88762,2.20591,3.01928,1.1179,3.16562,2.66706,3.18121,1.36077,2.75113,2.20358,3.1967,1.25829,-4.50988
2022-09-26,4.87461,3.80062,4.65276,1.79168,5.94962,3.22379,4.92992,1.62896,5.48605,4.19539,5.7353,2.11647,6.39323,5.38634,6.42471,2.74818,10.29101,8.50233,10.34267,4.32502,-0.68539
2022-09-27,4.87461,3.80062,4.65276,1.79168,5.80087,3.14319,4.80666,1.58824,5.02427,3.84184,5.25263,1.93901,3.81882,3.21738,3.83762,1.64155,9.30823,7.36127,9.35023,3.40919,0.38794
2022-09-28,4.87461,3.80062,4.65276,1.79168,5.63486,3.05323,4.6691,1.54278,4.57897,3.50089,4.78717,1.76788,3.7523,3.16134,3.77077,1.61296,7.09417,4.66617,7.09542,2.21353,0.4249
2022-09-29,4.87461,3.80062,4.65276,1.79168,5.4764,2.96738,4.5378,1.4994,4.19376,3.20595,4.38453,1.61985,3.73257,3.14472,3.75095,1.60448,4.05766,2.48553,4.42937,1.54307,-0.53915
2022-09-30,4.87461,3.80062,4.65276,1.79168,5.33144,2.88882,4.41768,1.45971,3.88071,2.96627,4.05732,1.49955,3.72042,3.13448,3.73874,1.59925,2.91411,2.2569,3.48399,1.32785,-1.64759
2022-10-03,4.87461,3.80062,4.65276,1.79168,5.37508,2.91247,4.45385,1.47166,3.97268,3.03669,4.15345,1.53489,3.69616,3.11404,3.71436,1.58883,3.0016,2.28163,3.60742,1.35699,-0.8789
2022-10-04,4.87461,3.80062,4.65276,1.79168,5.27032,2.85571,4.36704,1.44298,3.76428,2.87712,3.93561,1.4548,3.33935,2.81343,3.35579,1.43545,2.8248,2.22894,3.33708,1.2926,-0.22988
2022-10-05,4.87461,3.80062,4.65276,1.79168,5.1139,2.77095,4.23743,1.40015,3.47214,2.65345,3.63025,1.34253,3.18792,2.68584,3.20361,1.37035,2.7562,2.2054,3.20699,1.26083,2.65138
2022-10-06,4.87461,3.80062,4.65276,1.79168,5.49632,2.97817,4.55431,1.50485,4.2384,3.24013,4.43119,1.637,4.58599,3.86373,4.60857,1.97133,5.08899,2.7587,5.14344,1.69937,4.62142
2022-10-07,4.87461,3.80062,4.65276,1.79168,6.74474,3.65462,5.58876,1.84666,6.2043,4.74533,6.48606,2.39249,6.70447,5.64856,6.73748,2.88197,10.3707,8.59375,10.42298,4.41437,-0.88674
2022-10-10,4.87461,3.80062,4.65276,1.79168,6.58721,3.56926,5.45823,1.80353,5.68349,4.34657,5.94168,2.19234,4.12443,3.47486,4.14474,1.77292,9.60802,7.71217,9.65335,3.65537,-0.34727
2022-10-11,4.87461,3.80062,4.65276,1.79168,6.39409,3.46462,5.29821,1.75066,5.15741,3.94378,5.39179,1.99017,3.99522,3.366,4.01489,1.71738,7.61923,5.3249,7.63337,2.41926,-0.70535
2022-10-12,4.87461,3.80062,4.65276,1.79168,6.23134,3.37643,5.16335,1.7061,4.7535,3.62999,4.97317,1.8327,4.06605,3.42567,4.08607,1.74782,4.93683,2.70285,5.02349,1.67309,0.99772
2022-10-13,4.87461,3.80062,4.65276,1.79168,6.10709,3.30911,5.06039,1.67208,4.45149,3.39906,4.65726,1.71675,4.00484,3.3741,4.02456,1.72151,3.20543,2.33091,3.83634,1.41006,-0.78401
2022-10-14,4.87461,3.80062,4.65276,1.79168,5.96244,3.23073,4.94054,1.63247,4.1535,3.1712,4.34556,1.60235,3.38074,2.8483,3.39739,1.45324,2.84934,2.23692,3.3798,1.30291,-1.77538
2022-10-17,4.87461,3.80062,4.65276,1.79168,5.99504,3.2484,4.96755,1.6414,4.2456,3.24162,4.44189,1.63771,3.91701,3.30011,3.9363,1.68376,3.02814,2.28867,3.64145,1.36496,0.17985
2022-10-18,4.87461,3.80062,4.65276,1.79168,5.81463,3.15064,4.81806,1.59201,3.89066,2.97022,4.07063,1.50144,3.33759,2.81194,3.35403,1.43469,2.78772,2.21645,3.2688,1.27599,-0.81276
2022-10-19,4.87461,3.80062,4.65276,1.79168,5.6842,3.07997,4.70998,1.55629,3.68215,2.81079,3.85252,1.42139,3.45575,2.91149,3.47276,1.48548,2.77023,2.21037,3.23494,1.2677,-1.0495
2022-10-20,4.87461,3.80062,4.65276,1.79168,5.59045,3.02917,4.6323,1.53062,3.57601,2.72962,3.74149,1.38064,3.54795,2.98917,3.56542,1.52512,2.78418,2.21523,3.26203,1.27434,-2.3911
2022-10-21,4.87461,3.80062,4.65276,1.79168,5.82701,3.15735,4.82832,1.59539,4.15814,3.17475,4.35041,1.60413,4.46204,3.7593,4.48401,1.91804,4.06115,2.48617,4.43149,1.54354,-3.58792
2022-10-24,4.87461,3.80062,4.65276,1.79168,6.49773,4.0009,5.46411,1.77903,5.3669,4.09902,5.6148,2.0682,5.63596,4.74833,5.66371,2.42266,9.79938,7.93481,9.84666,3.82683,2.47079
2022-10-25,4.87461,3.80062,4.65276,1.79168,6.67634,4.11088,5.61431,1.82794,5.50714,4.20625,5.76148,2.12204,4.91782,4.1433,4.94204,2.11397,10.0403,8.21369,10.08983,4.06002,2.2895
2022-10-26,4.87461,3.80062,4.65276,1.79168,6.78931,4.18044,5.7093,1.85886,5.53264,4.22575,5.78816,2.13183,4.83664,4.0749,4.86046,2.07907,10.05304,8.22839,10.10268,4.07292,1.62808
2022-10-27,4.87461,3.80062,4.65276,1.79168,6.74171,4.15113,5.66927,1.84583,5.2934,4.04281,5.53791,2.03998,4.50959,3.79936,4.5318,1.93849,9.55825,7.65409,9.60305,3.61267,-0.42347
2022-10-28,4.87461,3.76941,4.64755,1.79168,6.5473,3.54763,5.1067,1.7926,4.82959,3.68817,5.05276,1.86191,3.99565,3.36637,4.01533,1.71757,7.56233,5.25418,7.57519,2.39509,-2.12485
2022-10-31,4.87461,3.76941,4.64755,1.79168,6.62638,3.59048,5.16838,1.81425,4.93957,3.77226,5.1678,1.90414,4.49824,3.78979,4.52039,1.9336,7.93565,5.71536,7.95644,2.56285,-0.39162
2022-11-01,4.87461,3.76941,4.64755,1.79168,6.43406,3.48628,5.01838,1.7616,4.51631,3.44862,4.72506,1.74164,3.64216,3.06855,3.6601,1.56561,5.03607,2.73838,5.10107,1.69007,-1.67717
2022-11-02,4.87461,3.76941,4.64755,1.79168,6.41597,3.47648,5.00428,1.75665,4.49083,3.42913,4.69841,1.73186,4.04009,3.4038,4.05998,1.73667,4.41924,2.55895,4.65633,1.59289,0.76699
2022-11-03,4.87461,3.76941,4.64755,1.79168,6.25825,3.39101,4.88126,1.71346,4.17561,3.1881,4.36868,1.61084,3.59936,3.03248,3.61708,1.54721,3.00181,2.28169,3.60769,1.35705,-0.48088
2022-11-04,4.87461,3.76941,4.64755,1.79168,6.08283,3.29597,4.74443,1.66544,3.8617,2.94808,4.04033,1.49032,3.53525,2.97847,3.55265,1.51965,2.79341,2.2184,3.27958,1.27862,-2.0883
2022-11-07,4.87461,3.76941,4.64755,1.79168,6.18638,3.35207,4.8252,1.69379,4.18231,3.19322,4.37569,1.61341,4.22549,3.56,4.24629,1.81636,3.26635,2.34383,3.89288,1.42299,3.36834
2022-11-08,4.87461,3.76941,4.64755,1.79168,6.71239,3.63709,5.23547,1.8378,5.1943,3.96704,5.43425,2.00193,5.38242,4.53473,5.40892,2.31368,9.10193,7.11819,9.14139,3.25437,-4.23298
2022-11-09,4.87461,4.21727,4.72482,1.79168,7.52957,4.63625,5.98426,2.06154,6.49146,4.9589,6.7911,2.49994,6.42607,5.41401,6.45771,2.7623,10.37813,8.60227,10.43048,4.42284,-4.08892
2022-11-10,4.87461,4.21727,4.72482,1.79168,8.16547,5.02779,6.48965,2.23565,7.31408,5.59342,7.64758,2.81728,6.59715,5.55815,6.62964,2.83584,10.26995,8.50622,10.32156,4.34661,9.78513
2022-11-11,4.87461,4.21727,4.72482,1.79168,11.80304,7.26759,9.38067,3.23159,12.23891,9.36267,12.79639,4.70932,13.06886,11.0106,13.13321,5.61776,10.27175,8.50829,10.32337,4.34864,0.95177
2022-11-14,4.87461,4.21727,4.72482,1.79168,11.47511,7.06567,9.12004,3.1418,11.01909,8.42907,11.5211,4.24069,6.63861,5.59308,6.6713,2.85366,9.49571,7.6106,9.54017,3.58693,6.37577
2022-11-15,4.87461,4.21727,4.72482,1.79168,12.50256,7.69831,9.93662,3.42311,11.95114,9.14242,12.49553,4.59876,10.2033,8.59635,10.25354,4.38597,10.27175,8.50829,10.32337,4.34864,-0.95778
2022-11-16,4.63879,4.08892,4.42708,1.79168,9.2746,6.59908,8.46766,3.32711,10.76789,8.23681,11.25847,4.14418,6.91946,5.82969,6.95353,2.97439,9.48875,7.60247,9.53313,3.58102,-0.35617
2022-11-17,4.63879,4.08892,4.42708,1.79168,8.99535,6.40039,8.21271,3.22693,9.67178,7.3979,10.11251,3.72307,6.60061,5.56106,6.63311,2.83733,7.48095,5.18698,7.49299,2.36684,-0.49986
2022-11-18,4.63879,4.08892,4.42708,1.79168,8.72799,6.21016,7.96861,3.13102,8.70466,6.6577,9.1014,3.35152,4.99312,4.20674,5.01771,2.14633,4.66567,2.65051,4.82636,1.6303,-0.8261
2022-11-21,4.63879,4.08892,4.42708,1.79168,8.48088,6.03433,7.743,3.04238,7.87754,6.02466,8.23666,3.03375,5.0445,4.25003,5.06934,2.16842,3.14419,2.33877,3.75774,1.39267,0.46447
2022-11-22,4.63879,4.08892,4.42708,1.79168,8.22863,5.85485,7.5127,2.95189,7.10728,5.43514,7.43137,2.73782,4.08329,3.4402,4.10339,1.75523,2.883,2.26559,3.40258,1.30939,0.78462
2022-11-23,4.63879,4.08892,4.42708,1.79168,7.99592,5.68928,7.30024,2.86841,6.4588,4.93882,6.7534,2.48869,4.08661,3.44299,4.10673,1.75666,2.85563,2.25661,3.35548,1.2981,0.17781
2022-11-24,4.63879,4.08892,4.42708,1.79168,7.75329,5.51663,7.07871,2.78136,5.83584,4.46204,6.10212,2.24936,3.96043,3.33669,3.97993,1.70243,2.82536,2.24636,3.30065,1.28486,0.09022
2022-11-25,4.63879,4.08892,4.42708,1.79168,7.51734,5.34876,6.86329,2.69672,5.28306,4.03896,5.5242,2.03699,3.92636,3.30798,3.94569,1.68778,2.81866,2.24404,3.2881,1.28182,-0.30989
2022-11-28,4.63879,4.08892,4.42708,1.79168,7.2914,5.188,6.65701,2.61567,4.80742,3.67493,5.02692,1.85425,3.91472,3.29818,3.93399,1.68277,2.81983,2.24444,3.29029,1.28235,-1.77381
2022-11-29,4.63879,4.08892,4.42708,1.79168,7.17229,5.10324,6.54826,2.57294,4.76758,3.64444,4.98527,1.83895,4.47917,3.77373,4.50123,1.92541,3.04024,2.31211,3.6341,1.36404,0.76655
2022-11-30,4.63879,4.08892,4.42708,1.79168,6.97346,4.96177,6.36673,2.50161,4.41251,3.37268,4.61405,1.70253,4.06379,3.42377,4.0838,1.74685,2.88888,2.26748,3.41241,1.31174,4.9198
2022-12-01,4.63879,4.08892,4.42708,1.79168,7.54959,5.3717,6.89274,2.70829,6.55588,5.01312,6.8549,2.52599,7.31627,6.16401,7.3523,3.14496,10.25459,8.48861,10.30608,4.32938,-2.22817
2022-12-02,4.63879,4.08892,4.42708,1.79168,7.47605,5.31938,6.8256,2.68191,6.37682,4.87607,6.66769,2.45719,5.38633,4.53802,5.41285,2.31536,10.07827,8.28595,10.12831,4.13824,-6.38425
2022-12-05,4.87461,4.21727,4.80963,1.79168,8.4582,6.82376,7.92308,3.03424,8.88131,6.79291,9.28609,3.41938,9.27564,7.81479,9.32132,3.98721,10.27175,8.50829,10.32337,4.34864,-4.89102
2022-12-06,4.89102,4.23298,4.92192,1.79168,8.85449,7.14348,8.2943,3.1764,9.51946,7.28132,9.95326,3.66455,8.28308,6.97855,8.32387,3.56055,10.27165,8.50818,10.32327,4.34853,1.91697
2022-12-07,4.89102,4.23298,4.92192,1.79168,8.68396,7.0059,8.13456,3.11523,8.78345,6.71801,9.18378,3.38179,6.50263,5.47851,6.53465,2.79521,9.98355,8.17675,10.03276,4.0405,-1.14844
2022-12-08,4.89102,4.23298,4.92192,1.79168,8.45585,6.82187,7.92089,3.0334,7.99253,6.11267,8.35688,3.07792,5.85557,4.93336,5.8844,2.51707,9.01607,7.0472,9.05489,3.21234,1.58584
2022-12-09,4.89102,4.23298,4.92192,1.79168,8.26946,6.6715,7.74628,2.96653,7.40326,5.65292,7.74738,2.8484,5.91469,4.98316,5.94381,2.54248,8.19698,6.06683,8.22346,2.70428,0.70123
2022-12-12,4.89102,4.23298,4.92192,1.79168,8.03182,6.47978,7.52368,2.88128,6.70326,5.11799,7.01493,2.57977,4.87636,4.10836,4.90037,2.09614,5.77003,3.18057,5.75144,1.83655,9.59568
2022-12-13,4.89102,4.23298,4.92192,1.79168,10.1769,8.21035,9.53305,3.6508,11.85085,9.05169,12.40117,4.55518,12.57684,10.59608,12.63877,5.40626,10.27175,8.50829,10.32337,4.34864,2.75958
2022-12-14,4.89102,4.23298,4.92192,1.79168,10.04518,8.10408,9.40966,3.60354,11.01057,8.40957,11.52194,4.23272,6.89365,5.80795,6.9276,2.96329,10.2092,8.43651,10.26032,4.27899,-2.16008
2022-12-15,4.89102,4.23298,4.92192,1.79168,9.85022,7.94679,9.22703,3.5336,10.13797,7.74274,10.60888,3.89785,6.55538,5.52295,6.58766,2.81788,10.02271,8.22192,10.07227,4.0805,0.48068
2022-12-16,4.89102,4.23298,4.92192,1.79168,9.55578,7.70925,8.95122,3.42798,9.10578,6.95396,9.52884,3.50175,6.0526,5.09935,6.0824,2.60176,8.66069,6.6249,8.69463,2.97355,-1.0953
2022-12-19,4.89102,4.23298,4.92192,1.79168,9.29481,7.49871,8.70676,3.33436,8.26047,6.30799,8.64434,3.17736,6.17197,5.19993,6.20236,2.65307,6.89196,4.44525,6.88893,2.147,-1.94943
2022-12-20,4.89102,4.23298,4.92192,1.79168,9.10943,7.34915,8.53311,3.26786,7.71411,5.89047,8.07265,2.96769,4.92508,4.14941,4.94933,2.11709,6.80908,4.34006,6.80372,2.1196,-2.03327
2022-12-21,4.89102,4.23298,4.92192,1.79168,8.94037,7.21277,8.37475,3.20721,7.27505,5.55494,7.61323,2.7992,4.91297,4.13921,4.93716,2.11188,6.96946,4.54358,6.96858,2.17336,5.25471
2022-12-22,4.89102,4.23298,4.92192,1.79168,9.38127,7.56847,8.78776,3.36538,8.59952,6.56708,8.9991,3.30747,7.79108,6.56404,7.82944,3.34906,10.27118,8.50764,10.3228,4.348,3.85126
2022-12-23,4.89102,4.23298,4.92192,1.79168,9.468,7.63844,8.869,3.39649,8.73575,6.67119,9.14165,3.35975,6.87019,5.78818,6.90402,2.95321,10.26824,8.50427,10.31984,4.3447,0.49098
2022-12-27,4.89102,4.23298,4.92192,1.79168,9.18569,7.41068,8.60455,3.29521,7.86218,6.00362,8.22758,3.02451,5.26552,4.43624,5.29145,2.26343,9.29472,7.37538,9.33695,3.42207,-8.01247
2022-12-28,6.38425,4.50988,5.55184,1.79168,10.45211,8.60397,9.90497,3.74952,11.0946,8.47378,11.60987,4.26496,11.24885,9.47724,11.30424,4.83541,10.27175,8.50829,10.32337,4.34864,-4.32583
2022-12-29,6.38425,4.50988,5.55184,1.79168,10.55539,8.68899,10.00285,3.78657,10.96705,8.37631,11.4764,4.21602,8.36336,7.04619,8.40454,3.59506,10.27096,8.50738,10.32258,4.34775,-1.78924
2022-12-30,6.38425,4.50988,5.55184,1.79168,10.3065,8.48411,9.76699,3.69729,10.01695,7.65026,10.48225,3.85141,6.68025,5.62816,6.71314,2.87156,9.91795,8.101,9.96658,3.97475,-1.19104
2023-01-03,6.38425,4.50988,5.55184,1.79168,10.02556,8.25285,9.50076,3.59651,9.07677,6.93179,9.49849,3.49062,6.29715,5.30539,6.32816,2.70688,8.93532,6.95163,8.9731,3.15539,-0.4573
2023-01-04,6.38425,4.50988,5.55184,1.79168,9.72516,8.00556,9.21608,3.48874,8.16485,6.23491,8.54428,3.14066,6.09716,5.1369,6.12718,2.62091,6.59271,4.06665,6.58115,2.05175,-0.30777
2023-01-05,6.38425,4.50988,5.55184,1.79168,9.43123,7.7636,8.93754,3.3833,7.34752,5.61033,7.68906,2.82701,4.92016,4.14526,4.94438,2.11497,3.68248,2.44641,4.19781,1.49218,0.27105
2023-01-06,6.38425,4.50988,5.55184,1.79168,9.14579,7.52864,8.66704,3.2809,6.61989,5.05428,6.9277,2.54778,4.36166,3.67473,4.38314,1.8749,2.934,2.28159,3.48455,1.3289,-2.10187
2023-01-09,6.38425,4.50988,5.55184,1.79168,8.98257,7.39427,8.51236,3.22235,6.38257,4.87293,6.67938,2.45671,4.92932,4.15298,4.95359,2.11891,3.6011,2.43193,4.14368,1.48011,1.87043
2023-01-10,6.38425,4.50988,5.55184,1.79168,8.80207,7.24569,8.34131,3.1576,6.08783,4.64769,6.37097,2.3436,4.84626,4.08301,4.87013,2.08321,3.97594,2.49856,4.38117,1.5328,-2.26943
2023-01-11,6.38425,4.50988,5.55184,1.79168,8.67348,7.13983,8.21945,3.11147,6.05816,4.62082,6.34317,2.33052,5.19961,4.3807,5.22521,2.23509,5.55837,3.02926,5.55189,1.79062,1.37792
2023-01-12,6.38425,4.50988,5.55184,1.79168,8.46172,6.96552,8.01878,3.0355,5.66819,4.32308,5.9349,2.18097,4.80525,4.04846,4.82891,2.06558,4.17507,2.53637,4.50354,1.55971,0.53884
2023-01-13,6.38425,4.50988,5.55184,1.79168,8.21219,6.76011,7.78231,2.94599,5.16689,3.94035,5.4101,1.98872,4.5837,3.8618,4.60627,1.97034,3.00866,2.30341,3.59234,1.35428,0.46623
2023-01-16,6.38425,4.50988,5.55184,1.79168,7.96837,6.55941,7.55125,2.85852,4.71918,3.59853,4.94138,1.81703,4.08288,3.43985,4.10298,1.75506,2.86137,2.25852,3.36555,1.30052,0.23373
2023-01-17,6.38425,4.50988,5.55184,1.79168,7.72727,6.36094,7.32277,2.77203,4.30759,3.28429,4.51049,1.65918,3.93686,3.31683,3.95624,1.69229,2.8273,2.24703,3.30425,1.28573,-0.30427
2023-01-18,6.38425,4.50988,5.55184,1.79168,7.49475,6.16953,7.10242,2.68862,3.95565,3.01559,4.14205,1.52421,3.79294,3.19558,3.81162,1.63043,2.82149,2.24502,3.2934,1.2831,-1.94722
2023-01-19,6.38425,4.50988,5.55184,1.79168,7.38707,6.08089,7.00038,2.64999,4.18797,3.19296,4.38526,1.61331,4.44467,3.74466,4.46655,1.91058,3.16038,2.34268,3.77533,1.39672,-2.16316
2023-01-20,6.38425,4.50988,5.55184,1.79168,7.31275,6.01971,6.92995,2.62333,4.4788,3.41501,4.68973,1.72484,4.68112,3.94388,4.70417,2.01222,4.27995,2.55781,4.56929,1.57413,2.10712
2023-01-23,6.38425,4.50988,5.55184,1.79168,7.23449,5.95529,6.85579,2.59525,4.65066,3.54622,4.86966,1.79075,4.73816,3.99193,4.76149,2.03674,5.27901,2.87415,5.30376,1.73502,2.27081
2023-01-24,6.38425,4.50988,5.55184,1.79168,7.18343,5.91326,6.8074,2.57694,4.8665,3.71101,5.09561,1.87352,4.94282,4.16436,4.96716,2.12471,6.55915,4.02465,6.54664,2.04169,-1.00727
2023-01-25,6.38425,4.50988,5.55184,1.79168,6.99848,5.76101,6.63213,2.51059,4.56242,3.47885,4.77728,1.75691,4.26317,3.59175,4.28416,1.83256,4.31068,2.56434,4.58881,1.5784,-1.94053
2023-01-26,6.38425,4.50988,5.55184,1.79168,6.91344,5.69101,6.55154,2.48008,4.65279,3.54784,4.87188,1.79157,4.62337,3.89522,4.64613,1.98739,4.67992,2.65447,4.83643,1.6325,-2.81009
2023-01-27,6.38425,4.32583,5.46037,1.79168,6.97206,5.73926,6.60709,2.50111,5.1953,3.96204,5.43983,1.99962,5.2654,4.43613,5.29133,2.26338,7.92004,5.72932,7.94139,2.56347,0.71623
2023-01-30,6.38425,4.32583,5.46037,1.79168,6.77733,5.57896,6.42256,2.43126,4.77782,3.6433,5.00277,1.83951,3.85645,3.24909,3.87544,1.65773,5.43233,2.95373,5.43764,1.76486,-1.05734
2023-01-31,6.38425,4.32583,5.46037,1.79168,6.61041,5.44156,6.26438,2.37138,4.49992,3.43113,4.71184,1.73294,3.77101,3.1771,3.78958,1.621,3.53821,2.42053,4.10001,1.47034,-0.44284
2023-02-01,6.38425,4.32583,5.46037,1.79168,6.41616,5.28165,6.08029,2.30169,4.13823,3.15499,4.33319,1.59423,3.56871,3.00666,3.58628,1.53404,2.92887,2.28002,3.47662,1.32702,-1.11051
2023-02-02,6.38425,4.32583,5.46037,1.79168,6.26674,5.15866,5.9387,2.24809,3.97695,3.03186,4.16435,1.53238,3.68728,3.10656,3.70544,1.58501,2.90241,2.27179,3.43464,1.31705,0.19943
2023-02-03,6.38425,4.32583,5.46037,1.79168,6.07736,5.00276,5.75923,2.18015,3.6571,2.78766,3.8295,1.40972,3.23714,2.72731,3.25308,1.39151,2.8344,2.24946,3.31732,1.28889,-3.62218
2023-02-06,6.38425,4.32583,5.46037,1.79168,6.39025,5.26033,6.05574,2.2924,5.12464,3.9081,5.36587,1.97252,5.53529,4.66352,5.56255,2.37939,9.00272,7.03141,9.04137,3.20281,-2.42899
2023-02-07,6.38425,4.32583,5.46037,1.79168,6.41373,5.27966,6.078,2.30082,5.3317,4.06618,5.58264,2.05193,4.72217,3.97846,4.74542,2.02986,9.48594,7.59919,9.5303,3.57864,3.38028
2023-02-08,6.38425,4.32583,5.46037,1.79168,6.63289,5.46006,6.28568,2.37944,6.0103,4.58428,6.29306,2.31217,5.65955,4.76821,5.68741,2.4328,10.21125,8.43886,10.26239,4.28125,0.99734
2023-02-09,6.38425,4.32583,5.46037,1.79168,6.46678,5.32333,6.12827,2.31985,5.54059,4.2281,5.79955,2.1326,4.26148,3.59032,4.28246,1.83183,9.38202,7.47769,9.42523,3.49221,-0.06311
2023-02-10,6.38425,4.32583,5.46037,1.79168,6.26992,5.16128,5.94171,2.24923,5.02595,3.83497,5.26093,1.93516,4.08158,3.43876,4.10168,1.7545,7.20772,4.84473,7.21315,2.25912,0.1776
2023-02-13,6.38425,4.32583,5.46037,1.79168,6.08013,5.00504,5.76185,2.18115,4.57465,3.49024,4.78861,1.76203,3.74923,3.15875,3.76769,1.61164,4.19452,2.54025,4.51564,1.56237,0.62612
2023-02-14,6.38425,4.32583,5.46037,1.79168,5.91038,4.86531,5.60099,2.12025,4.22435,3.22264,4.42199,1.62764,3.66787,3.09021,3.68593,1.57666,3.02491,2.30792,3.61409,1.35937,-0.36476
2023-02-15,6.38425,4.32583,5.46037,1.79168,5.73574,4.72155,5.43549,2.0576,3.88935,2.96674,4.07139,1.49911,3.30038,2.78059,3.31663,1.4187,2.859,2.25773,3.3614,1.29952,0.23758
2023-02-16,6.38425,4.32583,5.46037,1.79168,5.56337,4.57966,5.27215,1.99577,3.58335,2.73299,3.75113,1.38172,3.25694,2.74399,3.27297,1.40002,2.82691,2.24689,3.30352,1.28556,0.31001
2023-02-17,6.38425,4.32583,5.46037,1.79168,5.39804,4.44356,5.11547,1.93646,3.32434,2.53513,3.48005,1.28235,3.26772,2.75308,3.28381,1.40466,2.82192,2.24517,3.29422,1.2833,-2.82245
2023-02-20,6.38425,4.32583,5.46037,1.79168,5.57715,4.591,5.28521,2.00071,4.31046,3.28842,4.51212,1.66067,4.7687,4.01766,4.79218,2.04986,5.88983,3.28151,5.86809,1.86412,-0.25009
2023-02-21,6.38425,4.32583,5.46037,1.79168,5.40995,4.45336,5.12676,1.94073,3.95368,3.01588,4.13872,1.52379,3.48001,2.93193,3.49715,1.49591,3.30509,2.37509,3.91633,1.42893,-1.57776
2023-02-22,6.38425,4.32583,5.46037,1.79168,5.35463,4.40783,5.07434,1.92089,4.00619,3.05599,4.19366,1.54394,3.96133,3.33745,3.98083,1.70281,3.23384,2.35965,3.85026,1.41389,-1.3286
2023-02-23,6.38425,4.32583,5.46037,1.79168,5.27018,4.33831,4.9943,1.89059,3.94474,3.00905,4.12936,1.52036,3.86645,3.25751,3.88549,1.66202,3.05436,2.31591,3.65208,1.36822,1.29837
2023-02-24,6.38425,4.32583,5.46037,1.79168,5.18597,4.26899,4.9145,1.86038,3.86953,2.9516,4.05064,1.49151,3.8964,3.28274,3.91559,1.6749,2.99072,2.29833,3.56765,1.3485,2.73674
2023-02-27,6.38425,4.32583,5.46037,1.79168,5.36401,4.41555,5.08322,1.92425,4.57842,3.49311,4.79255,1.76347,4.78115,4.02815,4.80469,2.05522,6.22888,3.62738,6.20825,1.9488,1.93083
2023-02-28,6.38425,4.32583,5.46037,1.79168,5.36511,4.41645,5.08427,1.92465,4.64401,3.54321,4.8612,1.78863,4.29853,3.62154,4.3197,1.84776,6.23479,3.63409,6.21427,1.95037,-0.22968
2023-03-01,6.38425,4.32583,5.46037,1.79168,5.20403,4.28386,4.93162,1.86686,4.24393,3.2376,4.44249,1.63515,3.62609,3.05501,3.64395,1.55871,3.44654,2.40339,4.03257,1.4552,1.20754
2023-03-02,6.38425,4.32583,5.46037,1.79168,5.11242,4.20845,4.84481,1.834,4.08453,3.11584,4.27566,1.57399,3.86641,3.25748,3.88545,1.66201,3.07006,2.32006,3.67161,1.37276,0.94118
2023-03-03,6.38425,4.32583,5.46037,1.79168,4.99817,4.11439,4.73653,1.79301,3.87152,2.95312,4.05272,1.49227,3.75034,3.15968,3.7688,1.61211,2.91676,2.27628,3.45765,1.32252,0.43976
2023-03-06,6.38425,4.32583,5.46037,1.79168,4.8552,3.9967,4.60104,1.74172,3.58817,2.73667,3.75618,1.38357,3.4181,2.87977,3.43493,1.4693,2.84347,2.25254,3.33381,1.29288,-1.43114
2023-03-07,6.38425,4.32583,5.46037,1.79168,4.80765,3.95756,4.55599,1.72467,3.65244,2.78577,3.82344,1.40822,3.72389,3.1374,3.74222,1.60074,2.93223,2.28104,3.48181,1.32825,-0.39481
2023-03-08,6.38425,4.32583,5.46037,1.79168,4.66898,3.84341,4.42457,1.67492,3.39813,2.5915,3.55728,1.31066,3.30424,2.78384,3.32051,1.42035,2.84405,2.25273,3.33486,1.29313,-0.49296
2023-03-09,6.38425,4.32583,5.46037,1.79168,4.53924,3.73661,4.30163,1.62838,3.19586,2.43699,3.34559,1.23306,3.25332,2.74094,3.26934,1.39847,2.83001,2.24795,3.30926,1.28694,-0.292
2023-03-10,6.38425,4.32583,5.46037,1.79168,4.40547,3.6265,4.17486,1.58039,2.99406,2.28244,3.1347,1.15546,3.12477,2.63264,3.14015,1.34321,2.8218,2.24513,3.294,1.28325,-0.77293
2023-03-13,6.38425,4.32583,5.46037,1.79168,4.30374,3.54276,4.07846,1.5439,2.92501,2.2297,3.06243,1.12897,3.24073,2.73033,3.25668,1.39305,2.83812,2.25072,3.32412,1.29054,-0.42252
2023-03-14,6.38425,4.32583,5.46037,1.79168,4.1826,3.44303,3.96365,1.50044,2.78346,2.12159,2.91427,1.07467,3.09692,2.60917,3.11217,1.33124,2.82652,2.24676,3.30279,1.28538,1.17084
2023-03-15,6.38425,4.32583,5.46037,1.79168,4.13323,3.4024,3.91687,1.48273,2.892,2.20449,3.02788,1.11631,3.38338,2.85052,3.40004,1.45437,2.87956,2.26448,3.3968,1.30801,-3.75173
2023-03-16,6.38425,4.32583,5.46037,1.79168,4.75617,3.92985,4.57419,1.7062,4.81958,3.67668,5.04546,1.85572,5.60171,4.71948,5.62929,2.40794,9.40209,7.50118,9.44553,3.50865,0.96843
2023-03-17,6.38425,4.32583,5.46037,1.79168,4.65845,3.84911,4.48021,1.67114,4.50458,3.4361,4.71575,1.73489,3.78126,3.18574,3.79988,1.62541,7.84178,5.63333,7.86158,2.52614,-0.7214
2023-03-20,6.38425,4.32583,5.46037,1.79168,4.54331,3.75398,4.36948,1.62984,4.1882,3.19446,4.3846,1.61353,3.70824,3.12422,3.7265,1.59402,5.31775,2.8931,5.33704,1.74241,-1.73893
2023-03-21,6.38425,4.32583,5.46037,1.79168,4.56213,3.76953,4.38758,1.63659,4.26292,3.25153,4.4628,1.64219,4.20841,3.54562,4.22913,1.80902,4.84625,2.70421,4.9574,1.65891,-2.81617
2023-03-22,6.38425,4.32583,5.46037,1.79168,4.82306,3.98512,4.63853,1.73019,4.91931,3.75285,5.14985,1.89398,5.04485,4.25032,5.06969,2.16857,8.02659,5.85957,8.04998,2.61601,1.80453
2023-03-23,6.38425,4.32583,5.46037,1.79168,4.83574,3.9956,4.65073,1.73474,4.86043,3.70788,5.08822,1.87139,4.15905,3.50403,4.17953,1.7878,7.56113,5.2867,7.57498,2.40049,0.5327
2023-03-24,6.38425,4.32583,5.46037,1.79168,4.70251,3.88552,4.5226,1.68695,4.46045,3.40239,4.66956,1.71796,3.63015,3.05843,3.64802,1.56045,4.80471,2.69113,4.92658,1.65218,-0.64615
2023-03-27,6.38425,4.32583,5.46037,1.79168,4.58056,3.78475,4.4053,1.6432,4.13597,3.15457,4.32993,1.59349,3.64467,3.07066,3.66262,1.56669,3.11665,2.33199,3.72687,1.38556,1.56019
2023-03-28,6.38425,4.32583,5.46037,1.79168,4.567,3.77355,4.39227,1.63834,4.12706,3.14777,4.32061,1.59007,3.98096,3.35398,4.00056,1.71125,3.13892,2.33749,3.75193,1.39134,-0.48697
2023-03-29,6.38425,4.32583,5.46037,1.79168,4.44034,3.6689,4.27045,1.5929,3.8217,2.91455,4.00099,1.47294,3.34352,2.81694,3.35999,1.43724,2.88235,2.26538,3.4015,1.30914,-0.92702
2023-03-30,6.38425,4.32583,5.46037,1.79168,4.35136,3.59537,4.18487,1.56098,3.65689,2.78868,3.82848,1.40972,3.37943,2.84719,3.39607,1.45267,2.86609,2.26007,3.37375,1.30249,0.76468
2023-03-31,6.38425,4.32583,5.46037,1.79168,4.25098,3.51244,4.08834,1.52497,3.46568,2.64264,3.62835,1.33637,3.33739,2.81177,3.35382,1.4346,2.85001,2.25474,3.34553,1.2957,2.60222
2023-04-03,6.38425,4.32583,5.46037,1.79168,4.48818,3.70843,4.31646,1.61006,4.2126,3.2131,4.41014,1.62288,4.55185,3.83497,4.57427,1.95665,5.15533,2.8183,5.19999,1.71209,0.90944
2023-04-04,6.38425,4.32583,5.46037,1.79168,4.39554,3.63188,4.22736,1.57683,3.97221,3.0295,4.15852,1.53067,3.54734,2.98866,3.56481,1.52486,3.31857,2.37791,3.9282,1.43162,0.69708
2023-04-05,6.38425,4.32583,5.46037,1.79168,4.28813,3.54313,4.12407,1.5383,3.71893,2.83605,3.89341,1.43351,3.49209,2.94211,3.50928,1.5011,2.92841,2.27988,3.47591,1.32686,0.40786
2023-04-06,6.38425,4.32583,5.46037,1.79168,4.16681,3.44289,4.00739,1.49478,3.45332,2.6332,3.61541,1.33163,3.40125,2.86557,3.418,1.46205,2.84449,2.25288,3.33564,1.29332,-0.07361
2023-04-10,6.38425,4.32583,5.46037,1.79168,4.04019,3.33827,3.88561,1.44935,3.19996,2.43969,3.35022,1.23444,3.35224,2.82429,3.36875,1.44099,2.82218,2.24526,3.29471,1.28342,-0.90785
2023-04-11,6.38425,4.32583,5.46037,1.79168,3.96586,3.27685,3.81412,1.42269,3.1418,2.39465,3.28981,1.21194,3.33985,2.81384,3.35629,1.43566,2.84769,2.25396,3.34139,1.2947,1.34224
2023-04-12,6.38425,4.32583,5.46037,1.79168,3.95276,3.26603,3.80153,1.41799,3.24598,2.47419,3.39887,1.2519,3.56299,3.00185,3.58054,1.53158,2.9184,2.27679,3.46024,1.32314,1.11372
2023-04-13,6.38425,4.32583,5.46037,1.79168,3.90707,3.22827,3.75758,1.4016,3.23387,2.46495,3.38619,1.24725,3.48265,2.93415,3.4998,1.49704,2.90282,2.27191,3.4353,1.3172,-2.17804
2023-04-14,6.38425,4.32583,5.46037,1.79168,4.06952,3.3625,3.91382,1.45987,3.79605,2.8942,3.9747,1.46286,4.21948,3.55494,4.24025,1.81378,3.70864,2.45102,4.21477,1.49595,-2.05892
2023-04-17,6.38425,4.32583,5.46037,1.79168,4.18853,3.46084,4.02828,1.50257,4.12534,3.14564,4.31942,1.58916,4.2518,3.58217,4.27273,1.82767,4.59877,2.63252,4.77969,1.62011,4.02747
2023-04-18,6.38425,4.32583,5.46037,1.79168,4.90447,4.05239,4.71682,1.7594,5.67128,4.32606,5.93777,2.18207,6.07742,5.12027,6.10735,2.61243,10.12573,8.34057,10.17617,4.18849,0.22061
2023-04-19,6.38425,4.32583,5.46037,1.79168,4.75744,3.93091,4.57542,1.70665,5.14984,3.9279,5.3919,1.98208,3.91045,3.29458,3.9297,1.68094,8.83529,6.83292,8.87171,3.08707,-1.32815
2023-04-20,6.38425,4.32583,5.46037,1.79168,4.70082,3.88412,4.52096,1.68634,4.89498,3.7333,5.1251,1.88433,4.20669,3.54417,4.22741,1.80828,7.49773,5.20788,7.51016,2.3738,-0.71921
2023-04-21,6.38425,4.32583,5.46037,1.79168,4.58399,3.78759,4.40861,1.64443,4.52762,3.4528,4.74053,1.74344,3.89026,3.27757,3.90942,1.67226,4.90268,2.72274,4.99993,1.66821,0.47492
2023-04-24,6.38425,4.32583,5.46037,1.79168,4.45616,3.68197,4.28567,1.59858,4.16545,3.17626,4.3614,1.60454,3.69819,3.11575,3.7164,1.5897,3.10162,2.3282,3.70947,1.38154,0.12635
2023-04-25,6.38425,4.32583,5.46037,1.79168,4.32127,3.57051,4.15594,1.55018,3.82197,2.914,4.00184,1.47281,3.17808,2.67755,3.19372,1.36612,2.86506,2.25974,3.37198,1.30206,-0.15933
2023-04-26,6.38425,4.32583,5.46037,1.79168,4.19104,3.46291,4.03069,1.50347,3.52547,2.6876,3.69145,1.35909,3.1778,2.67732,3.19344,1.366,2.82671,2.24682,3.30315,1.28546,-1.09641
2023-04-27,6.38425,4.32583,5.46037,1.79168,4.13175,3.41392,3.97367,1.4822,3.46744,2.64329,3.6307,1.33683,3.40069,2.8651,3.41743,1.46181,2.86746,2.26053,3.37611,1.30305,-0.22277
2023-04-28,6.38425,4.32583,5.46037,1.79168,4.00877,3.31231,3.85539,1.43808,3.22267,2.4564,3.37447,1.24296,3.14146,2.6467,3.15693,1.35038,2.82797,2.24725,3.30548,1.28603,2.11859
2023-05-01,6.38425,4.23298,5.39274,1.79168,3.76435,3.41384,3.86625,1.48772,3.72766,2.84198,3.9031,1.43663,4.08662,3.44301,4.10674,1.75667,3.41396,2.3971,4.00727,1.44951,-1.06627
2023-05-02,6.38425,4.23298,5.39274,1.79168,3.70902,3.36366,3.80942,1.46585,3.62301,2.76208,3.79355,1.3965,3.53885,2.98151,3.55628,1.52121,3.00909,2.30353,3.59294,1.35442,-2.52614
2023-05-03,6.38425,4.23298,5.39274,1.79168,3.92209,3.55689,4.02826,1.55006,4.28748,3.26944,4.48915,1.65134,4.56978,3.85007,4.59228,1.96436,5.3236,2.89603,5.3421,1.74353,-2.21325
2023-05-04,6.38425,4.23298,5.39274,1.79168,4.04246,3.66606,4.15189,1.59763,4.57651,3.49013,4.79172,1.76219,4.42592,3.72887,4.44771,1.90252,6.33396,3.74942,6.31553,1.97718,-0.72562
2023-05-05,6.38425,4.23298,5.39274,1.79168,3.94503,3.5777,4.05182,1.55912,4.25327,3.24332,4.45334,1.63822,3.73121,3.14357,3.74958,1.60389,3.75762,2.45964,4.24605,1.5029,-0.33589
2023-05-08,6.38425,4.23298,5.39274,1.79168,3.83051,3.47384,3.9342,1.51386,3.9149,2.98496,4.09912,1.50845,3.53628,2.97934,3.55369,1.5201,2.94365,2.28451,3.49925,1.33238,4.91758
2023-05-09,6.38425,4.23298,5.39274,1.79168,4.80437,4.35702,4.93442,1.89875,6.29361,4.80124,6.58924,2.42074,7.04079,5.93191,7.07546,3.02654,10.25607,8.4903,10.30757,4.33103,0.92576
2023-05-10,6.38425,4.23298,5.39274,1.79168,4.69321,4.25622,4.82026,1.85482,5.78473,4.41166,6.05736,2.22502,4.22611,3.56052,4.24692,1.81663,9.34387,7.45708,9.38723,3.50359,-1.56574
2023-05-11,6.38425,4.23298,5.39274,1.79168,4.65257,4.21936,4.77851,1.83875,5.50756,4.20007,5.76717,2.11874,4.41992,3.72381,4.44168,1.89994,8.54082,6.50743,8.57381,2.92862,-1.32553
2023-05-12,6.38425,4.23298,5.39274,1.79168,4.58504,4.15811,4.70915,1.81206,5.19988,3.9652,5.44503,2.00076,4.34314,3.65912,4.36452,1.86693,7.13411,4.78222,7.1392,2.24718,-1.38589
2023-05-15,6.38425,4.23298,5.39274,1.79168,4.52759,4.10601,4.65015,1.78936,4.95748,3.78016,5.19124,1.9078,4.41113,3.71641,4.43285,1.89616,5.64712,3.11862,5.63677,1.81808,3.85032
2023-05-16,6.38425,4.23298,5.39274,1.79168,4.9964,4.53117,5.13165,1.97464,6.05949,4.6214,6.34503,2.33038,5.91226,4.98112,5.94137,2.54143,10.00736,8.22689,10.05717,4.12255,0.28126
2023-05-17,6.38425,4.23298,5.39274,1.79168,4.84732,4.39597,4.97854,1.91572,5.49911,4.19362,5.75831,2.1155,3.90745,3.29206,3.92669,1.67965,8.68267,6.67677,8.71773,3.01845,0.4243
2023-05-18,6.38425,4.23298,5.39274,1.79168,4.707,4.26872,4.83442,1.86027,5.01443,3.82363,5.25086,1.92964,3.78934,3.19255,3.808,1.62888,6.28357,3.7231,6.26617,1.97426,0.29549
2023-05-19,6.38425,4.23298,5.39274,1.79168,4.56728,4.14201,4.69092,1.80505,4.57759,3.49016,4.7935,1.76213,3.72974,3.14233,3.7481,1.60326,3.5743,2.44677,4.12136,1.47975,0.69573
2023-05-22,6.38425,4.23298,5.39274,1.79168,4.44909,4.03482,4.56953,1.75834,4.24422,3.23568,4.44447,1.6343,3.75537,3.16392,3.77386,1.61428,3.00961,2.31872,3.57326,1.35335,-0.68675
2023-05-23,6.38425,4.23298,5.39274,1.79168,4.3345,3.93091,4.45184,1.71305,3.96135,3.01975,4.14831,1.52583,3.35668,2.82802,3.37321,1.4429,2.91384,2.28937,3.42775,1.31865,-0.42516
2023-05-24,6.38425,4.23298,5.39274,1.79168,4.21071,3.81864,4.32469,1.66412,3.67361,2.80009,3.84705,1.4155,3.30202,2.78197,3.31828,1.4194,2.88084,2.27851,3.37183,1.30515,0.93333
2023-05-25,6.38425,4.23298,5.39274,1.79168,4.12322,3.73929,4.23483,1.62955,3.52739,2.68848,3.69396,1.35943,3.46093,2.91586,3.47797,1.48771,2.90657,2.28701,3.4157,1.31575,-1.28386
2023-05-26,6.38425,4.23298,5.39274,1.79168,4.07603,3.6965,4.18637,1.6109,3.54195,2.6996,3.70921,1.36501,3.65597,3.08018,3.67397,1.57155,2.96063,2.3041,3.50178,1.33638,-3.6778
2023-05-30,6.38425,4.23298,5.39274,1.79168,4.56214,4.13735,4.68564,1.80301,5.089,3.88056,5.32894,1.95824,5.65634,4.76551,5.6842,2.43143,9.17408,7.25805,9.21551,3.36774,2.02056
2023-05-31,6.38425,4.23298,5.39274,1.79168,4.59703,4.16899,4.72147,1.8168,5.09167,3.88259,5.33173,1.95926,4.52128,3.80921,4.54354,1.94351,9.05227,7.11471,9.09223,3.27529,-0.60624
2023-06-01,6.38425,4.23298,5.39274,1.79168,4.4728,4.05632,4.59387,1.7677,4.6827,3.5704,4.90355,1.80244,3.92976,3.31085,3.94911,1.68924,6.95932,4.56165,6.95984,2.1841,-3.23914
2023-06-02,6.38425,4.23298,5.39274,1.79168,4.7787,4.33374,4.90806,1.8886,5.48245,4.1809,5.74087,2.10911,5.56641,4.68974,5.59382,2.39277,9.65618,7.82093,9.70278,3.77639,0.15422
2023-06-05,6.38425,4.23298,5.39274,1.79168,4.63411,4.20261,4.75955,1.83146,4.98346,3.79999,5.21844,1.91777,4.08316,3.44009,4.10327,1.75518,7.85562,5.67824,7.87686,2.5538,2.65032
2023-06-06,6.38425,4.23298,5.39274,1.79168,4.7838,4.31642,4.90964,1.89062,5.32081,4.05752,5.57165,2.04713,4.9674,4.18507,4.99186,2.13528,9.17252,7.25622,9.21393,3.36653,0.21986
2023-06-07,6.38425,4.23298,5.39274,1.79168,4.64007,4.18673,4.76212,1.83381,4.84326,3.69297,5.07165,1.86401,3.83373,3.22995,3.85261,1.64796,6.96493,4.56874,6.9656,2.18606,2.66583
2023-06-08,6.38425,4.23298,5.39274,1.79168,4.79253,4.32429,4.9186,1.89407,5.22445,3.98396,5.47076,2.01018,5.05533,4.25915,5.08022,2.17307,8.73972,6.74468,8.77558,3.0559,-0.8915
2023-06-09,6.38425,4.23298,5.39274,1.79168,4.67927,4.2221,4.80236,1.8493,4.85167,3.69925,5.08057,1.86716,3.8058,3.20642,3.82454,1.63596,6.76862,4.32038,6.76391,2.11965,-3.38623
2023-06-12,6.38425,4.23298,5.39274,1.79168,4.99866,4.51028,5.13015,1.97553,5.69104,4.33997,5.9594,2.18902,5.58062,4.70171,5.6081,2.39888,9.77426,7.9578,9.82199,3.88788,-0.5359
2023-06-13,6.38425,4.23298,5.39274,1.79168,4.85775,4.38314,4.98553,1.91984,5.20236,3.96694,5.44774,2.00163,3.88013,3.26903,3.89923,1.6679,8.23056,6.13436,8.25861,2.74743,2.18803
2023-06-14,6.38425,4.23298,5.39274,1.79168,4.90112,4.42227,5.03004,1.93698,5.25724,4.00884,5.50521,2.02268,4.69148,3.9526,4.71458,2.01667,8.55507,6.52447,8.58827,2.93744,0.06817
2023-06-15,6.38425,4.23298,5.39274,1.79168,4.752,4.28772,4.877,1.87805,4.78625,3.64931,5.01207,1.84208,3.77645,3.18168,3.79504,1.62334,5.95801,3.37614,5.93777,1.88993,2.53313
2023-06-16,6.38425,4.23298,5.39274,1.79168,4.86739,4.39184,4.99543,1.92365,5.10656,3.89382,5.34744,1.9649,4.84519,4.08211,4.86905,2.08275,7.8043,5.61533,7.82454,2.52928,-0.05699
2023-06-19,6.38425,4.23298,5.39274,1.79168,4.71924,4.25817,4.84338,1.8651,4.65351,3.54798,4.87309,1.79118,3.57733,3.01392,3.59494,1.53774,4.94773,2.76357,5.03643,1.68274,0.21821
2023-06-20,6.38425,4.23298,5.39274,1.79168,4.57748,4.13025,4.69788,1.80907,4.25862,3.24655,4.45964,1.63976,3.57821,3.01466,3.59583,1.53812,3.13237,2.35217,3.72946,1.39,2.42707
2023-06-21,6.38425,4.23298,5.39274,1.79168,4.68604,4.2282,4.8093,1.85198,4.65394,3.54831,4.87354,1.79134,4.57283,3.85264,4.59535,1.96567,5.22904,2.87771,5.26351,1.7332,-0.70857
2023-06-22,6.38425,4.23298,5.39274,1.79168,4.56446,4.1185,4.68452,1.80393,4.32161,3.29463,4.52559,1.66391,3.73244,3.14461,3.75082,1.60442,3.28907,2.38937,3.89194,1.42756,-0.98836
2023-06-23,6.38425,4.23298,5.39274,1.79168,4.4676,4.03111,4.58512,1.76565,4.10008,3.12554,4.29365,1.57897,3.67492,3.09614,3.69301,1.57969,3.00893,2.31852,3.57229,1.35312,-0.64947
2023-06-26,6.38425,4.23298,5.39274,1.79168,4.35016,3.92515,4.46459,1.71924,3.83206,2.92095,4.01304,1.4762,3.58708,3.02214,3.60474,1.54194,2.91103,2.28846,3.42312,1.31753,4.53315
2023-06-27,6.38425,4.23298,5.39274,1.79168,5.06778,4.57265,5.20109,2.00285,5.91336,4.50968,6.19217,2.27427,6.63799,5.59255,6.67068,2.8534,10.10288,8.33675,10.15348,4.22463,0.2223
2023-06-28,6.38425,4.23298,5.39274,1.79168,4.91533,4.43509,5.04462,1.9426,5.37105,4.09571,5.62436,2.06632,3.99112,3.36255,4.01077,1.71562,8.91916,6.95752,8.95743,3.17882,1.04183
2023-06-29,6.38425,4.23298,5.39274,1.79168,4.80913,4.33927,4.93564,1.90063,5.00351,3.81516,5.23955,1.92539,4.11611,3.46785,4.13638,1.76934,7.26184,4.94264,7.27011,2.29584,-2.71157
2023-06-30,6.38425,4.23298,5.39274,1.79168,4.95626,4.47203,5.08664,1.95877,5.38768,4.10841,5.64178,2.0727,5.1525,4.34101,5.17787,2.21484,8.92031,6.95888,8.95859,3.17963,1.19314
2023-07-03,6.38425,4.23298,5.39274,1.79168,4.86184,4.38683,4.98973,1.92146,5.05433,3.85394,5.29275,1.94487,4.35847,3.67204,4.37993,1.87353,7.47721,5.21142,7.49052,2.38312,-0.67559
2023-07-04,6.38425,4.23298,5.39274,1.79168,4.73229,4.26994,4.85677,1.87026,4.66391,3.55593,4.88399,1.79517,3.6615,3.08484,3.67953,1.57393,4.89972,2.74688,4.99964,1.67461,-0.57367
2023-07-05,6.38425,4.23298,5.39274,1.79168,4.60188,4.15227,4.72294,1.81872,4.30757,3.28392,4.51089,1.65853,3.64769,3.0732,3.66565,1.56799,3.17156,2.36199,3.77347,1.40023,3.03118
2023-07-06,6.38425,4.23298,5.39274,1.79168,4.84109,4.36811,4.96844,1.91326,5.06059,3.85873,5.29932,1.94728,5.15886,4.34637,5.18426,2.21758,7.62506,5.39463,7.64161,2.44706,-1.42251
2023-07-07,6.38425,4.23298,5.39274,1.79168,4.7757,4.30911,4.90133,1.88742,4.85392,3.70097,5.08293,1.86803,4.02862,3.39414,4.04846,1.73174,6.24587,3.6796,6.22774,1.96399,0.73004
2023-07-10,6.38425,4.23298,5.39274,1.79168,4.65227,4.19774,4.77465,1.83863,4.50126,3.43105,4.71419,1.73273,3.72228,3.13604,3.74061,1.60005,3.80367,2.48861,4.27384,1.514,0.31896
2023-07-11,6.38425,4.23298,5.39274,1.79168,4.51487,4.07377,4.63364,1.78433,4.13681,3.1529,4.33257,1.593,3.63234,3.06027,3.65023,1.56139,2.99628,2.31482,3.55438,1.34888,0.89253
2023-07-12,6.38425,4.23298,5.39274,1.79168,4.41215,3.98108,4.52821,1.74373,3.91222,2.98149,4.0974,1.50689,3.71502,3.12993,3.73331,1.59693,2.93366,2.2957,3.45983,1.32635,0.1519
2023-07-13,6.38425,4.23298,5.39274,1.79168,4.27877,3.86073,4.39133,1.69102,3.61015,2.75095,3.7811,1.39108,3.31295,2.79119,3.32927,1.4241,2.8792,2.27796,3.36896,1.30446,-0.06961
2023-07-14,6.38425,4.23298,5.39274,1.79168,4.14865,3.74332,4.25778,1.6396,3.3448,2.54844,3.50325,1.28935,3.2214,2.71405,3.23727,1.38475,2.86784,2.27412,3.34889,1.29959,-0.49023
2023-07-17,6.38425,4.23298,5.39274,1.79168,4.03372,3.63962,4.13983,1.59418,3.15762,2.40558,3.30725,1.21759,3.26156,2.74789,3.27762,1.40201,2.87334,2.27599,3.35865,1.30196,-0.58466
2023-07-18,6.38425,4.23298,5.39274,1.79168,3.92759,3.54386,4.03091,1.55223,3.01695,2.29822,3.15995,1.16365,3.25461,2.74203,3.27063,1.39902,2.8783,2.27766,3.36738,1.30408,1.12249
2023-07-19,6.38425,4.23298,5.39274,1.79168,3.87097,3.49277,3.9728,1.52986,3.05474,2.32706,3.19952,1.17814,3.45476,2.91066,3.47177,1.48506,2.92835,2.29402,3.45134,1.32431,-0.28651
2023-07-20,6.38425,4.23298,5.39274,1.79168,3.75725,3.39016,3.85608,1.48491,2.87955,2.19336,3.01608,1.11098,3.22524,2.71728,3.24112,1.38639,2.87994,2.27821,3.37025,1.30477,1.08621
2023-07-21,6.38425,4.23298,5.39274,1.79168,3.70447,3.34254,3.80192,1.46405,2.93111,2.23271,3.07006,1.13074,3.44947,2.9062,3.46646,1.48278,2.92392,2.29261,3.4442,1.3226,0.47978
2023-07-24,6.38425,4.23298,5.39274,1.79168,3.60391,3.2518,3.69871,1.42431,2.79733,2.13061,2.92998,1.07945,3.26194,2.74821,3.278,1.40217,2.88625,2.28032,3.38121,1.30743,1.35261
2023-07-25,6.38425,4.23298,5.39274,1.79168,3.59328,3.24221,3.6878,1.42011,2.98498,2.27382,3.12647,1.1514,3.61435,3.04511,3.63214,1.55366,2.97402,2.30817,3.52191,1.34117,0.13443
2023-07-26,6.38425,4.23298,5.39274,1.79168,3.48481,3.14434,3.57648,1.37724,2.80455,2.13612,2.93754,1.08222,3.22906,2.7205,3.24496,1.38804,2.88628,2.28033,3.38126,1.30744,-0.8276
2023-07-27,6.38425,4.23298,5.39274,1.79168,3.41737,3.08348,3.50726,1.35058,2.79011,2.1251,2.92242,1.07668,3.2684,2.75365,3.2845,1.40495,2.89584,2.2835,3.39764,1.3114,-0.97171
2023-07-28,6.38425,4.23298,5.39274,1.79168,3.36755,3.03854,3.45613,1.3309,2.82965,2.15528,2.96383,1.09184,3.31809,2.79552,3.33443,1.42631,2.91138,2.28857,3.42369,1.31767,0.78199
2023-07-31,6.38425,4.23298,5.39274,1.79168,3.30074,2.97825,3.38756,1.30449,2.78489,2.12111,2.91695,1.07468,3.26042,2.74693,3.27648,1.40152,2.90144,2.28533,3.4071,1.31368,1.05398
2023-08-01,6.38425,4.23298,5.39274,1.79168,3.26618,2.94707,3.35209,1.29083,2.84334,2.16572,2.97816,1.09709,3.30344,2.78317,3.3197,1.42001,2.92683,2.29354,3.44891,1.32373,-1.17013
2023-08-02,6.38425,4.23298,5.39274,1.79168,3.24866,2.93126,3.33412,1.28391,2.95279,2.24926,3.09276,1.13905,3.39341,2.85897,3.41011,1.45868,2.94752,2.30005,3.48163,1.33157,-1.36186
2023-08-03,6.38425,4.23298,5.39274,1.79168,3.26083,2.94225,3.34661,1.28872,3.1252,2.38084,3.2733,1.20515,3.52621,2.97086,3.54357,1.51577,2.99573,2.31465,3.55358,1.34869,0.74975
2023-08-04,6.38425,4.23298,5.39274,1.79168,3.19546,2.88326,3.27952,1.26289,3.02065,2.30104,3.16382,1.16507,3.26668,2.7522,3.28277,1.40421,2.9188,2.29097,3.43589,1.3206,1.31262
2023-08-07,6.38425,4.23298,5.39274,1.79168,3.20315,2.8902,3.28741,1.26593,3.13774,2.39041,3.28643,1.20996,3.48366,2.93501,3.50081,1.49748,2.9795,2.30982,3.53002,1.3431,0.95072
2023-08-08,6.38425,4.23298,5.39274,1.79168,3.16098,2.85215,3.24413,1.24926,3.08464,2.35114,3.22968,1.19073,3.30751,2.7866,3.32379,1.42176,2.93648,2.29659,3.46432,1.32742,1.29993
2023-08-09,6.38425,4.23298,5.39274,1.79168,3.16882,2.85922,3.25217,1.25236,3.1806,2.42443,3.33012,1.22754,3.47523,2.92791,3.49234,1.49386,2.98411,2.3112,3.53677,1.3447,1.83164
2023-08-10,6.38425,4.23298,5.39274,1.79168,3.27532,2.95531,3.36147,1.29444,3.5205,2.68401,3.6859,1.35792,3.83127,3.22787,3.85013,1.6469,3.29715,2.39116,3.89944,1.42928,-1.15995
2023-08-11,6.38425,4.23298,5.39274,1.79168,3.2559,2.93779,3.34155,1.28677,3.48797,2.65917,3.65185,1.34544,3.49505,2.9446,3.51226,1.50238,3.05275,2.33097,3.63162,1.36711,-1.86619
2023-08-14,6.38425,4.23298,5.39274,1.79168,3.36194,3.03348,3.45038,1.32868,3.78735,2.88781,3.96522,1.46028,3.93638,3.31643,3.95576,1.69209,3.37534,2.40783,3.96842,1.44506,0.99311
2023-08-15,6.38425,4.23298,5.39274,1.79168,3.31713,2.99305,3.40439,1.31097,3.64049,2.77565,3.81149,1.40394,3.50299,2.95129,3.52024,1.50579,3.03468,2.32591,3.60766,1.36147,-1.37353
2023-08-16,6.38425,4.23298,5.39274,1.79168,3.32684,3.00181,3.41436,1.31481,3.66847,2.79702,3.84078,1.41468,3.68138,3.10159,3.69951,1.58247,3.03607,2.3263,3.60954,1.36192,-1.44867
2023-08-17,6.38425,4.23298,5.39274,1.79168,3.34813,3.02102,3.4362,1.32322,3.72251,2.83829,3.89735,1.43541,3.6945,3.11264,3.71269,1.58811,3.06324,2.33386,3.64521,1.37031,0.52473
2023-08-18,6.38425,4.23298,5.39274,1.79168,3.26239,2.94365,3.3482,1.28933,3.47928,2.65253,3.64276,1.34211,3.318,2.79544,3.33434,1.42627,2.91553,2.28991,3.43052,1.31932,-0.86155
2023-08-21,6.38425,4.23298,5.39274,1.79168,3.20776,2.89436,3.29214,1.26774,3.35601,2.55839,3.51373,1.29482,3.33287,2.80796,3.34928,1.43266,2.90627,2.28691,3.4152,1.31563,1.4467
2023-08-22,6.38425,4.23298,5.39274,1.79168,3.23671,2.92048,3.32185,1.27919,3.45806,2.63633,3.62054,1.33397,3.62386,3.05312,3.6417,1.55774,3.00943,2.31867,3.573,1.35329,-0.26075
2023-08-23,6.38425,4.23298,5.39274,1.79168,3.14227,2.83526,3.22493,1.24186,3.22232,2.45629,3.37379,1.24354,3.17977,2.67898,3.19543,1.36685,2.89406,2.28291,3.39461,1.31066,-0.41677
2023-08-24,6.38425,4.23298,5.39274,1.79168,3.05747,2.75875,3.1379,1.20835,3.0392,2.31643,3.18211,1.1733,3.13207,2.63879,3.14749,1.34635,2.87653,2.27706,3.36427,1.30332,-1.38297
2023-08-25,6.38425,4.23298,5.39274,1.79168,3.08577,2.78428,3.16694,1.21953,3.20149,2.44038,3.35198,1.23555,3.53335,2.97687,3.55074,1.51884,2.96844,2.30648,3.51357,1.33918,0.60911
2023-08-28,6.38425,4.23298,5.39274,1.79168,3.01549,2.72087,3.09481,1.19176,3.04961,2.32439,3.19301,1.17729,3.22124,2.71392,3.2371,1.38468,2.9023,2.28562,3.40855,1.31403,1.53461
2023-08-29,6.38425,4.23298,5.39274,1.79168,3.07445,2.77407,3.15532,1.21506,3.26469,2.48865,3.41814,1.2598,3.61726,3.04756,3.63507,1.55491,3.03675,2.32649,3.61045,1.36213,-0.93579
2023-08-30,6.38425,4.23298,5.39274,1.79168,3.03669,2.74,3.11657,1.20014,3.20087,2.4399,3.35133,1.23531,3.36324,2.83355,3.3798,1.44571,2.94476,2.29919,3.47733,1.33054,0.03575
2023-08-31,6.38425,4.23298,5.39274,1.79168,2.94427,2.65661,3.02171,1.16361,2.98638,2.2761,3.12683,1.15304,3.17623,2.676,3.19187,1.36533,2.88021,2.2783,3.37072,1.30489,1.78285
2023-09-01,6.38425,4.23298,5.39274,1.79168,3.06098,2.76192,3.1415,1.20974,3.3523,2.55555,3.50984,1.2934,3.81772,3.21646,3.83652,1.64108,3.14225,2.35468,3.74079,1.39264,1.7757
2023-09-04,6.38425,4.23298,5.39274,1.79168,3.16523,2.85598,3.24849,1.25094,3.61669,2.75748,3.78659,1.39482,3.89058,3.27784,3.90974,1.6724,3.39583,2.41205,3.98553,1.44896,-0.12225
2023-09-05,6.38425,4.23298,5.39274,1.79168,3.06974,2.76982,3.15048,1.2132,3.35015,2.55392,3.50759,1.29258,3.2461,2.73487,3.26209,1.39537,2.9448,2.2992,3.47739,1.33055,-0.44213
2023-09-06,6.38425,4.23298,5.39274,1.79168,2.98881,2.6968,3.06743,1.18121,3.14714,2.40164,3.29298,1.21576,3.24963,2.73783,3.26563,1.39688,2.88761,2.28077,3.38356,1.30799,-0.73872
2023-09-07,6.38425,4.23298,5.39274,1.79168,2.9337,2.64708,3.01088,1.15944,3.04389,2.32269,3.18498,1.17612,3.33369,2.80865,3.3501,1.43301,2.88995,2.28155,3.38759,1.30897,-0.61837
2023-09-08,6.38425,4.23298,5.39274,1.79168,2.87004,2.58963,2.94553,1.13427,2.92706,2.23336,3.06277,1.13127,3.20951,2.70403,3.22531,1.37963,2.88367,2.27946,3.37675,1.30635,0.99547
2023-09-11,6.38425,4.23298,5.39274,1.79168,2.85018,2.57172,2.92516,1.12643,2.93233,2.23739,3.06828,1.13329,3.25375,2.74131,3.26977,1.39865,2.914,2.28942,3.42801,1.31871,-0.44909
2023-09-12,6.38425,4.23298,5.39274,1.79168,2.77734,2.50599,2.8504,1.09764,2.79768,2.13445,2.92743,1.0816,3.08951,2.60293,3.10472,1.32805,2.88169,2.2788,3.3733,1.30551,2.66156
2023-09-13,6.38425,4.23298,5.39274,1.79168,3.15785,2.84932,3.24091,1.24802,3.81609,2.91311,3.99274,1.47257,4.47954,3.77405,4.5016,1.92557,5.40718,2.96794,5.41752,1.76783,0.35438
2023-09-14,6.38425,4.23298,5.39274,1.79168,3.06952,2.76962,3.15026,1.21311,3.53722,2.69989,3.70103,1.36551,3.28912,2.7711,3.30531,1.41385,3.24689,2.37987,3.85153,1.41827,0.74168
2023-09-15,6.38425,4.08892,5.32258,1.79168,2.89379,2.67645,2.81213,1.1901,3.36248,2.56629,3.51825,1.29843,3.37027,2.83948,3.38687,1.44874,2.96711,2.30608,3.51157,1.33871,-0.32636
2023-09-18,6.38425,4.08892,5.32258,1.79168,2.81236,2.60113,2.733,1.15661,3.14619,2.40092,3.292,1.2154,3.24478,2.73375,3.26076,1.3948,2.88816,2.28095,3.38451,1.30822,-1.57717
2023-09-19,6.38425,4.08892,5.32258,1.79168,2.88396,2.66735,2.80258,1.18606,3.37781,2.578,3.53428,1.30431,3.76634,3.17317,3.78488,1.61899,3.03074,2.32479,3.60236,1.36022,-0.99854
2023-09-20,6.38425,4.08892,5.32258,1.79168,2.85865,2.64395,2.77799,1.17565,3.31357,2.52889,3.46709,1.27965,3.323,2.79965,3.33936,1.42842,2.95189,2.3014,3.4884,1.33318,2.58018
2023-09-21,6.38425,4.08892,5.32258,1.79168,3.16911,2.93109,3.07968,1.30333,4.07977,3.11472,4.26857,1.5738,4.46379,3.76077,4.48576,1.9188,5.34675,2.9355,5.36441,1.75584,-0.29026
2023-09-22,6.38425,4.08892,5.32258,1.79168,3.07742,2.84629,2.99058,1.26562,3.76444,2.87362,3.93871,1.45274,3.34763,2.8204,3.36411,1.43901,3.21658,2.37283,3.82109,1.41125,-0.47988
2023-09-25,6.38425,4.08892,5.32258,1.79168,2.99733,2.77221,2.91275,1.23268,3.51375,2.68195,3.67648,1.3565,3.38005,2.84771,3.39669,1.45294,2.9356,2.29631,3.46291,1.32709,-0.1831
2023-09-26,6.38425,4.08892,5.32258,1.79168,2.90807,2.68965,2.826,1.19597,3.26351,2.49061,3.41471,1.26043,3.25796,2.74485,3.274,1.40046,2.87952,2.27807,3.36951,1.30459,0.09557
2023-09-27,6.38425,4.08892,5.32258,1.79168,2.82005,2.60824,2.74047,1.15978,3.0408,2.32033,3.18175,1.17493,3.22097,2.71369,3.23683,1.38456,2.86825,2.27426,3.34961,1.29977,2.19294
2023-09-28,6.38425,4.08892,5.32258,1.79168,3.0301,2.80251,2.94459,1.24616,3.64004,2.7785,3.80859,1.40498,4.05006,3.4122,4.07,1.74095,3.65868,2.46234,4.17948,1.49284,-0.776
2023-09-29,6.38425,4.08892,5.32258,1.79168,2.97392,2.75056,2.89,1.22306,3.46733,2.64645,3.62792,1.33868,3.31251,2.79081,3.32882,1.42391,3.02826,2.32409,3.59899,1.35943,-0.82575
2023-10-02,6.38425,4.08892,5.32258,1.79168,2.92497,2.70528,2.84243,1.20293,3.33508,2.54534,3.48958,1.28791,3.34535,2.81848,3.36183,1.43803,2.93005,2.29456,3.45407,1.32497,0.31962
2023-10-03,6.38425,4.08892,5.32258,1.79168,2.84224,2.62877,2.76204,1.1689,3.11742,2.37892,3.2619,1.20435,3.21396,2.70778,3.22979,1.38155,2.88192,2.27887,3.3737,1.30561,-0.54486
2023-10-04,6.38425,4.08892,5.32258,1.79168,2.7747,2.5663,2.6964,1.14113,2.9726,2.26819,3.11041,1.14875,3.24583,2.73464,3.26182,1.39525,2.87852,2.27773,3.36777,1.30417,0.39546
2023-10-05,6.38425,4.08892,5.32258,1.79168,2.70046,2.49764,2.62426,1.1106,2.82093,2.15167,2.95218,1.09032,3.06845,2.58519,3.08356,1.319,2.87367,2.2761,3.35924,1.30211,-0.76645
2023-10-06,6.38425,4.08892,5.32258,1.79168,2.6577,2.45808,2.5827,1.09301,2.78327,2.12288,2.91277,1.07586,3.16115,2.66329,3.17672,1.35885,2.88826,2.28099,3.38468,1.30826,3.69436
2023-10-09,6.38425,4.08892,5.32258,1.79168,3.38839,3.1339,3.29278,1.39351,4.63387,3.53747,4.84887,1.78618,5.49284,4.62776,5.51989,2.36114,9.18133,7.26656,9.22284,3.37336,-0.99875
2023-10-10,6.38425,4.08892,5.32258,1.79168,3.33859,3.08784,3.24438,1.37303,4.37058,3.33622,4.57342,1.68512,3.71024,3.1259,3.72851,1.59488,7.55452,5.30735,7.56954,2.41613,2.33351
2023-10-11,6.38425,4.08892,5.32258,1.79168,3.52266,3.25808,3.42325,1.44873,4.67426,3.56835,4.89113,1.80168,4.55864,3.84069,4.58109,1.95957,8.35983,6.29026,8.39001,2.82048,-1.53766
2023-10-12,6.38425,4.08892,5.32258,1.79168,3.536,3.27042,3.43622,1.45422,4.57207,3.49023,4.78422,1.76246,4.15355,3.4994,4.174,1.78544,7.3006,4.99119,7.30981,2.31106,-0.965
2023-10-13,6.38425,4.08892,5.32258,1.79168,3.47613,2.8355,3.31478,1.4296,4.3093,3.28937,4.50931,1.6616,3.89993,3.28572,3.91913,1.67642,5.06766,2.80857,5.13082,1.70365,0.8235
2023-10-16,6.38425,4.08892,5.32258,1.79168,3.40573,2.77808,3.24765,1.40065,4.04206,3.0851,4.22972,1.55903,3.5141,2.96065,3.53141,1.51057,3.30873,2.39369,3.91006,1.43171,-0.74155
2023-10-17,6.38425,4.08892,5.32258,1.79168,3.33139,2.71744,3.17676,1.37007,3.80342,2.90268,3.98006,1.46743,3.47744,2.92977,3.49457,1.49481,2.973,2.30786,3.52039,1.34081,-0.75018
2023-10-18,6.38425,4.08892,5.32258,1.79168,3.26066,2.65974,3.10931,1.34098,3.60138,2.74824,3.76868,1.38988,3.3417,2.8154,3.35815,1.43646,2.91084,2.2884,3.4228,1.31746,0.94822
2023-10-19,6.38425,4.08892,5.32258,1.79168,3.21138,2.61954,3.06232,1.32071,3.47182,2.64921,3.63314,1.34015,3.35579,2.82728,3.37232,1.44252,2.91693,2.29036,3.43282,1.31987,-0.4261
2023-10-20,6.38425,4.08892,5.32258,1.79168,3.12387,2.54816,2.97887,1.28473,3.25564,2.48396,3.40696,1.25717,3.18463,2.68307,3.20031,1.36894,2.8815,2.27873,3.37297,1.30543,-2.40247
2023-10-23,6.38425,4.08892,5.32258,1.79168,3.34972,2.73238,3.19424,1.37761,3.94174,3.00841,4.12476,1.52052,4.29502,3.61859,4.31617,1.84625,4.24305,2.57268,4.54716,1.57477,-1.06499
2023-10-24,6.38425,4.08892,5.32258,1.79168,3.30904,2.6992,3.15544,1.36088,3.80314,2.90246,3.97976,1.46732,3.53754,2.9804,3.55496,1.52064,3.20834,2.37088,3.8126,1.40929,2.41029
2023-10-25,6.38425,4.08892,5.32258,1.79168,3.51477,2.86702,3.35163,1.44549,4.30051,3.28266,4.50012,1.65823,4.45975,3.75737,4.48171,1.91706,5.31135,2.91739,5.3337,1.74893,0.36059
2023-10-26,6.38425,4.08892,5.32258,1.79168,3.41446,2.7852,3.25597,1.40423,3.96302,3.02468,4.14703,1.52869,3.50534,2.95328,3.5226,1.5068,3.22409,2.37459,3.82874,1.41302,-0.76257
2023-10-27,6.38425,4.08892,5.32258,1.79168,3.34145,2.72564,3.18636,1.37421,3.7404,2.85451,3.91413,1.44324,3.60276,3.03535,3.6205,1.54868,2.96153,2.30437,3.50315,1.3367,3.91508
2023-10-30,6.38425,4.08892,5.32258,1.79168,3.9916,3.25597,3.80633,1.64159,5.32224,4.06366,5.56905,2.0504,5.88253,4.95608,5.9115,2.52866,9.67327,7.84078,9.72004,3.79224,-2.28931
2023-10-31,6.38425,3.75173,5.24237,1.79168,4.10318,3.15562,3.79087,1.68748,5.41011,4.13082,5.66098,2.08412,4.72703,3.98255,4.7503,2.03195,9.69182,7.86229,9.73877,3.80954,1.58102
2023-11-01,6.38425,3.6778,5.17385,1.79168,4.08811,3.08078,3.73463,1.68128,5.18693,3.96023,5.42749,1.99846,4.26192,3.5907,4.28291,1.83202,9.05491,7.11782,9.0949,3.27725,-1.51289
2023-11-02,6.38425,3.6778,5.17385,1.79168,4.06471,3.06314,3.71325,1.67166,4.99001,3.8097,5.22147,1.92288,4.2887,3.61326,4.30982,1.84353,8.0939,5.96882,8.11958,2.67382,0.07504
2023-11-03,6.38425,3.6778,5.17385,1.79168,3.94113,2.97002,3.60036,1.62083,4.56344,3.48264,4.77599,1.75861,3.90845,3.2929,3.9277,1.68008,5.15782,2.86931,5.20446,1.72455,-1.66263
2023-11-06,6.38425,3.6778,5.17385,1.79168,3.94731,2.97467,3.606,1.62337,4.53072,3.45764,4.74175,1.74606,4.065,3.42479,4.08501,1.74737,4.51195,2.65279,4.72086,1.61719,-2.13259
2023-11-07,6.38425,3.6778,5.17385,1.79168,4.03233,3.03875,3.68368,1.65834,4.71468,3.59822,4.93425,1.81665,4.34464,3.66039,4.36603,1.86758,5.36912,2.97296,5.3848,1.76521,-7.63407
2023-11-08,7.63407,3.75173,5.83323,1.79168,6.24003,4.61173,6.617,2.46614,9.04448,6.90688,9.46487,3.47819,10.09971,8.50908,10.14944,4.34145,10.08337,8.34113,10.13409,4.26309,1.48706
2023-11-09,7.63407,3.75173,5.83323,1.79168,6.11974,4.52282,6.48944,2.4186,8.3099,6.34554,8.69622,3.1963,5.33502,4.49479,5.36129,2.2933,9.56271,7.74026,9.60881,3.73648,6.31506
2023-11-10,7.63407,3.75173,5.83323,1.79168,7.108,5.2532,7.5374,2.80917,9.96094,7.6072,10.42383,3.82987,9.32784,7.85877,9.37377,4.00965,10.08337,8.34113,10.13409,4.26309,-0.58723
2023-11-13,7.63407,3.75173,5.83323,1.79168,6.90106,5.10027,7.31796,2.72738,9.01082,6.88116,9.42965,3.46527,5.88049,4.95436,5.90945,2.52778,9.10917,7.21072,9.15041,3.35308,0.59951
2023-11-14,7.63407,3.75173,5.83323,1.79168,6.70114,4.95251,7.10596,2.64837,8.16099,6.23175,8.5404,3.13915,5.8099,4.89488,5.83851,2.49743,7.14792,4.8343,7.15485,2.26407,0.75894
2023-11-15,7.63407,3.75173,5.83323,1.79168,6.514,4.81421,6.90752,2.57441,7.41902,5.66476,7.76401,2.85442,4.76405,4.01374,4.78751,2.04787,4.71543,2.70881,4.86278,1.64859,1.19124
2023-11-16,7.63407,3.75173,5.83323,1.79168,6.35857,4.69933,6.74269,2.51298,6.82616,5.21172,7.14365,2.62692,4.86612,4.09974,4.89008,2.09174,3.4749,2.44127,4.03984,1.46503,-0.68824
2023-11-17,7.63407,3.75173,5.83323,1.79168,6.1796,4.56707,6.55291,2.44225,6.23168,4.75744,6.5216,2.39879,3.83295,3.22929,3.85183,1.64763,3.01501,2.33021,3.56182,1.3543,-1.59348
2023-11-20,7.63407,3.75173,5.83323,1.79168,6.0722,4.48769,6.43903,2.39981,5.90162,4.50523,6.17624,2.27213,4.23015,3.56393,4.25097,1.81836,3.129,2.36221,3.70988,1.38911,-0.79953
2023-11-21,7.63407,3.75173,5.83323,1.79168,5.90804,4.36636,6.26494,2.33493,5.43258,4.1468,5.68544,2.09214,3.93358,3.31407,3.95295,1.69088,2.97013,2.31652,3.49569,1.33858,1.81492
2023-11-22,7.63407,3.75173,5.83323,1.79168,5.83746,4.3142,6.1901,2.30704,5.28882,4.03695,5.53502,2.03697,4.40436,3.71071,4.42605,1.89325,3.2578,2.3943,3.84966,1.42152,0.06656
2023-11-23,7.63407,3.75173,5.83323,1.79168,5.65978,4.18289,6.00169,2.23681,4.82226,3.68043,5.04682,1.85794,3.84212,3.23701,3.86104,1.65157,2.9513,2.31058,3.46645,1.33159,0.27825
2023-11-24,7.63407,3.6778,5.38215,1.79168,5.49007,3.97584,5.62352,2.16974,4.4175,3.37112,4.62328,1.70261,3.8166,3.21551,3.83539,1.6406,2.90595,2.29575,3.39205,1.31371,-0.96406
2023-11-27,7.63407,3.62218,5.17068,1.79168,5.35625,3.87893,5.48645,2.11686,4.17889,3.18878,4.37361,1.61104,3.92401,3.306,3.94333,1.68677,2.93273,2.30459,3.43667,1.32445,0.03995
2023-11-28,7.63407,3.62218,5.17068,1.79168,5.19314,3.7608,5.31938,2.05239,3.84262,2.93182,4.02174,1.482,3.74613,3.15614,3.76457,1.6103,2.89914,2.29346,3.38037,1.31088,0.77704
2023-11-29,7.63407,3.62218,5.17068,1.79168,5.05791,3.66288,5.18086,1.99895,3.63384,2.77228,3.80328,1.40189,3.70768,3.12374,3.72593,1.59378,2.91737,2.29956,3.41134,1.31836,-0.15758
2023-11-30,7.63407,3.62218,5.17068,1.79168,4.9048,3.55199,5.02403,1.93844,3.37048,2.57103,3.5277,1.30082,3.57729,3.01389,3.5949,1.53773,2.8968,2.29267,3.37632,1.30991,-0.38229
2023-12-01,7.63407,3.62218,5.17068,1.79168,4.76128,3.44806,4.87702,1.88172,3.1639,2.41317,3.31154,1.22155,3.58916,3.02389,3.60683,1.54283,2.89677,2.29266,3.37627,1.30989,-1.46841
2023-12-04,7.63407,3.62218,5.17068,1.79168,4.70509,3.40737,4.81947,1.85951,3.31588,2.52623,3.47299,1.27845,3.97222,3.34662,3.99177,1.70749,3.01442,2.33003,3.56098,1.3541,-1.24068
2023-12-05,7.63407,3.62218,5.17068,1.79168,4.62611,3.35017,4.73857,1.8283,3.35681,2.55747,3.51585,1.29415,3.9155,3.29884,3.93478,1.68311,3.01016,2.32876,3.5549,1.35266,1.41511
2023-12-06,7.63407,3.62218,5.17068,1.79168,4.57013,3.30963,4.68123,1.80617,3.44791,2.627,3.61125,1.32908,4.02297,3.38938,4.04278,1.72931,3.06493,2.34469,3.62992,1.37037,-0.74508
2023-12-07,7.63407,3.62218,5.17068,1.79168,4.45491,3.22619,4.5632,1.76063,3.29887,2.51325,3.45519,1.27194,3.77447,3.18002,3.79306,1.62249,2.95143,2.31062,3.46664,1.33164,-2.11906
2023-12-08,7.63407,3.62218,5.17068,1.79168,4.51446,3.26932,4.62421,1.78417,3.80285,2.89789,3.98291,1.46516,4.27208,3.59926,4.29311,1.83639,3.59407,2.46463,4.12842,1.4851,1.2683
2023-12-11,7.63407,3.62218,5.17068,1.79168,4.44696,3.22043,4.55506,1.75749,3.74518,2.85387,3.92253,1.44305,3.78816,3.19155,3.80681,1.62837,3.20411,2.38139,3.79443,1.40876,-1.63198
2023-12-12,7.63407,3.62218,5.17068,1.79168,4.42855,3.2071,4.5362,1.75022,3.86745,2.94719,4.05055,1.48993,3.81678,3.21566,3.83557,1.64067,3.26771,2.39661,3.85944,1.42378,-1.5566
2023-12-13,7.63407,3.62218,5.17068,1.79168,4.4007,3.18693,4.50767,1.73921,3.92904,2.99419,4.11504,1.51354,3.7965,3.19857,3.81519,1.63196,3.2457,2.39144,3.83756,1.41873,0.1685
2023-12-14,7.63407,3.62218,5.17068,1.79168,4.26791,3.09077,4.37166,1.68673,3.62161,2.75956,3.79313,1.39567,3.34133,2.81509,3.35778,1.4363,2.95132,2.31058,3.46647,1.3316,1.19676
2023-12-15,7.63407,3.62218,5.17068,1.79168,4.20385,3.04437,4.30604,1.66141,3.5713,2.72117,3.74045,1.37638,3.52574,2.97046,3.5431,1.51557,2.98418,2.32088,3.51693,1.34364,0.47881
2023-12-18,4.32583,3.38623,4.39964,1.79168,4.08657,2.95731,4.02428,1.61506,3.34207,2.54622,3.50041,1.28849,3.24672,2.73538,3.2627,1.39563,2.9193,2.30019,3.41454,1.31913,1.65105
2023-12-19,3.75173,3.23914,4.21853,1.79168,4.09209,2.96131,4.02972,1.61724,3.54896,2.70412,3.71706,1.36782,3.72877,3.14151,3.74713,1.60284,3.10547,2.35591,3.68143,1.38246,-1.00118
2023-12-20,3.75173,3.23914,4.21853,1.79168,4.01566,2.906,3.95445,1.58704,3.45732,2.63418,3.6211,1.33268,3.36331,2.83361,3.37987,1.44575,2.99187,2.32323,3.52833,1.34635,0.44591
2023-12-21,3.75173,3.23914,4.21853,1.79168,3.90313,2.82456,3.84363,1.54256,3.23942,2.46788,3.39294,1.24914,3.2059,2.70099,3.22168,1.37808,2.91936,2.30021,3.41465,1.31916,-0.07547
2023-12-22,3.75173,3.23914,4.21853,1.79168,3.78451,2.73872,3.72682,1.49568,3.02175,2.30175,3.16501,1.16569,3.10193,2.6134,3.1172,1.33339,2.89658,2.2926,3.37595,1.30981,0.55584
2023-12-26,3.75173,3.23914,4.21853,1.79168,3.68536,2.66697,3.62918,1.4565,2.88857,2.20011,3.02555,1.11463,3.1695,2.67033,3.18511,1.36244,2.90394,2.29508,3.38862,1.31288,1.34596
2023-12-27,3.75173,3.23914,4.21853,1.79168,3.66918,2.65526,3.61325,1.4501,3.05465,2.32686,3.19946,1.1783,3.44907,2.90587,3.46606,1.48261,2.99509,2.32422,3.53308,1.34748,0.06071
2023-12-28,3.75173,3.23914,4.21853,1.79168,3.5576,2.57452,3.50337,1.40601,2.86167,2.17959,2.99739,1.10432,3.04955,2.56927,3.06456,1.31087,2.91077,2.29736,3.40024,1.31568,-1.7054
2023-12-29,3.75173,3.23914,4.21853,1.79168,3.60754,2.61066,3.55255,1.42574,3.24625,2.47309,3.40008,1.25176,3.70695,3.12313,3.72521,1.59347,3.1108,2.35735,3.68795,1.38398,0.63086
2024-01-02,3.75173,3.23914,4.21853,1.79168,3.51943,2.54689,3.46578,1.39092,3.09336,2.35641,3.23999,1.19314,3.2445,2.73351,3.26047,1.39467,2.95335,2.31123,3.46967,1.33236,-0.61049
2024-01-03,3.75173,3.23914,4.21853,1.79168,3.43313,2.48444,3.3808,1.35681,2.96876,2.26131,3.10952,1.14537,3.24333,2.73252,3.2593,1.39417,2.91796,2.29975,3.41232,1.3186,1.45325
2024-01-04,3.75173,3.23914,4.21853,1.79168,3.44825,2.49539,3.39569,1.36279,3.16042,2.40992,3.30838,1.21989,3.59157,3.02592,3.60926,1.54387,3.03,2.33464,3.58285,1.35927,2.57515
2024-01-05,3.75173,3.23914,4.21853,1.79168,3.70465,2.68093,3.64818,1.46412,3.97861,3.03498,4.16465,1.53381,4.50374,3.79443,4.52591,1.93597,5.41476,2.99838,5.42518,1.7744,-0.41886
2024-01-08,3.75173,3.23914,4.21853,1.79168,3.60116,2.60604,3.54627,1.42322,3.69191,2.81595,3.8646,1.42381,3.3539,2.82569,3.37042,1.4417,3.29079,2.40193,3.88172,1.4289,-1.35256
2024-01-09,3.75173,3.23914,4.21853,1.79168,3.59068,2.59846,3.53595,1.41908,3.70122,2.82307,3.87435,1.42738,3.69972,3.11704,3.71794,1.59036,3.14096,2.36536,3.72397,1.39239,5.00715
2024-01-10,3.75173,3.23914,4.21853,1.79168,4.66374,3.37499,4.59265,1.84317,6.23056,4.75537,6.52139,2.39781,7.0619,5.9497,7.09667,3.03561,10.07196,8.32803,10.12258,4.25042,-0.75079
2024-01-11,3.75173,3.23914,4.21853,1.79168,4.54554,3.28946,4.47626,1.79645,5.70704,4.35543,5.97351,2.19695,4.16616,3.51002,4.18667,1.79086,9.14289,7.2503,9.18452,3.37945,-0.92164
2024-01-12,3.75173,3.23914,4.21853,1.79168,4.44393,3.21593,4.3762,1.7563,5.27816,4.02778,5.52467,2.0324,4.06987,3.42889,4.08991,1.74947,7.47131,5.2377,7.4858,2.39468,80.40911
2024-01-15,3.75173,3.23914,4.21853,1.79168,50.02275,36.1998,49.26026,19.7696,84.20385,64.32362,88.12315,32.31384,99.9387,84.19904,100.4308,42.95948,10.08337,8.34113,10.13409,4.26309,0.04068
2024-01-16,3.75173,3.23914,4.21853,1.79168,48.49886,35.09701,47.7596,19.16734,75.55566,57.71677,79.07252,28.99579,39.09763,32.94002,39.29015,16.80644,9.00808,7.09183,9.04811,3.27595,-19.17944
2024-01-17,7.63407,3.38623,6.87524,1.79168,48.5007,35.09834,47.76141,19.16807,70.7071,54.01268,73.99833,27.13554,45.72798,38.52614,45.95315,19.65655,10.08337,8.34113,10.13409,4.26309,-2.49372
2024-01-18,7.63407,3.38623,6.87524,1.79168,47.04856,34.04748,46.33141,18.59417,63.5008,48.50737,66.45668,24.3707,40.2397,33.90222,40.43784,17.29737,9.95549,8.19419,10.00516,4.12424,0.54121
2024-01-19,7.63407,3.38623,6.87524,1.79168,45.61651,33.01115,44.92118,18.0282,56.98369,43.52858,59.6363,21.87028,40.14192,33.81985,40.33958,17.25534,8.77754,6.81946,8.81463,3.11037,-1.88454
2024-01-22,7.63407,3.38623,6.87524,1.79168,44.24227,32.01666,43.56789,17.48508,51.17294,39.08942,53.55515,19.64086,18.5229,15.60567,18.6141,7.96222,8.39054,6.35805,8.42207,2.86187,-2.48212
2024-01-23,7.63407,3.38623,6.87524,1.79168,42.92205,31.06126,42.26779,16.96332,45.99563,35.13418,48.13692,17.65449,18.65252,15.71487,18.74436,8.01794,9.06659,7.16068,9.10733,3.32025,-2.59046
2024-01-24,7.63407,3.38623,6.87524,1.79168,41.64543,30.13741,41.01064,16.45878,41.36676,31.59792,43.29264,15.87852,16.66609,14.04129,16.74815,7.16406,9.55914,7.73612,9.60521,3.73321,3.96342
2024-01-25,7.63407,3.38623,6.87524,1.79168,40.4514,29.27333,39.83481,15.98689,37.35268,28.53134,39.09177,14.33844,17.08752,14.39635,17.17166,7.34521,10.07389,8.33025,10.12453,4.25257,2.67737
2024-01-26,7.63407,3.23914,6.8114,1.79168,39.25418,28.40694,38.65583,15.51373,33.63863,25.69396,35.20489,12.91347,16.80534,14.15861,16.88809,7.22391,9.99627,8.2411,10.04628,4.16781,-1.91326
2024-01-29,7.63407,3.23914,6.8114,1.79168,38.0768,27.55492,37.49641,15.04842,30.25979,23.11267,31.66881,11.61711,16.67095,14.04539,16.75304,7.16615,9.66858,7.86302,9.7157,3.83554,-0.43014
2024-01-30,7.63407,3.23914,6.8114,1.79168,36.91779,26.71618,36.35506,14.59036,27.16589,20.74906,28.43094,10.43007,16.4986,13.90018,16.57984,7.09206,8.06864,5.96989,8.09487,2.68025,-0.92105
2024-01-31,7.63407,3.23914,6.8114,1.79168,35.79768,25.90559,35.25202,14.14768,24.40704,18.64142,25.54371,9.37158,16.48758,13.8909,16.56877,7.08733,5.95972,3.41123,5.94134,1.89671,-1.71958
2024-02-01,7.63407,3.23914,6.8114,1.79168,34.7235,25.12824,34.19422,13.72315,21.9887,16.79391,23.01283,8.44374,16.49797,13.89965,16.57921,7.09179,5.31962,2.94669,5.34156,1.75541,-1.48015
2024-02-02,7.63407,3.23914,6.8114,1.79168,33.67818,24.37178,33.16483,13.31003,18.62956,14.09636,19.60023,7.11046,10.64897,8.97183,10.70141,4.57755,4.21622,2.58439,4.52799,1.57446,-1.92165
2024-02-05,7.63407,3.23914,6.8114,1.79168,32.67392,23.64503,32.17588,12.91313,16.74853,12.67259,17.62129,6.39323,10.6481,8.97109,10.70053,4.57717,4.50982,2.65225,4.71942,1.61687,1.7805
2024-02-06,7.63407,3.23914,6.8114,1.79168,31.69776,22.93861,31.21459,12.52734,15.06479,11.39815,15.84991,5.75123,10.65901,8.98029,10.71149,4.58186,4.41112,2.62799,4.65357,1.60229,-0.17811
2024-02-07,7.63407,3.23914,6.8114,1.79168,30.73231,22.23995,30.26387,12.14578,13.44847,10.17474,14.14945,5.13494,10.65964,8.98082,10.71213,4.58214,3.0803,2.349,3.64983,1.37505,-1.83727
2024-02-08,7.63407,3.23914,6.8114,1.79168,29.81784,21.57818,29.36333,11.78437,12.17771,9.21289,12.81255,4.6504,10.65794,8.97939,10.71042,4.58141,3.36594,2.4186,3.95012,1.44458,-1.5182
2024-02-09,7.63407,3.23914,6.8114,1.79168,28.92477,20.9319,28.48388,11.43142,11.00888,8.32819,11.58288,4.20473,10.64611,8.96942,10.69853,4.57632,3.26328,2.39558,3.85508,1.42277,0.2131
2024-02-12,7.63407,3.23914,6.8114,1.79168,28.04392,20.29445,27.61645,11.0833,9.84751,7.44914,10.36106,3.76191,10.63368,8.95895,10.68604,4.57098,2.95486,2.31171,3.47204,1.33293,0.2494
2024-02-13,7.63407,3.23914,6.8114,1.79168,27.19003,19.67652,26.77558,10.74583,8.81921,6.67081,9.27923,3.36983,10.62033,8.9477,10.67263,4.56524,2.90599,2.29576,3.39211,1.31372,-1.77333
2024-02-14,7.63407,3.23914,6.8114,1.79168,26.38461,19.09367,25.98244,10.42752,8.13961,6.15642,8.56426,3.1107,5.48925,4.62473,5.51628,2.3596,3.14299,2.36589,3.72634,1.39294,-2.22141
2024-02-15,7.63407,3.23914,6.8114,1.79168,25.61786,18.53879,25.22737,10.12449,7.69595,5.82061,8.09751,2.94153,5.50295,4.63627,5.53004,2.36549,4.30284,2.60314,4.58317,1.5867,1.24988
2024-02-16,7.63407,3.23914,6.8114,1.79168,24.84951,17.98276,24.47073,9.82083,7.03936,5.32363,7.40674,2.69118,5.06113,4.26404,5.08605,2.17557,3.38557,2.4228,3.96703,1.44845,0.91563
2024-02-19,7.63407,3.23914,6.8114,1.79168,24.09918,17.43977,23.73184,9.52429,6.40667,4.84473,6.74111,2.44994,5.06319,4.26577,5.08812,2.17645,3.04176,2.33807,3.59899,1.36309,-0.1885
2024-02-20,7.63407,3.23914,6.8114,1.79168,23.36531,16.9087,23.00916,9.23426,5.77981,4.37026,6.08163,2.21092,5.06483,4.26716,5.08977,2.17716,2.92,2.30042,3.41572,1.31941,-1.17393
2024-02-21,7.63407,3.23914,6.8114,1.79168,22.66519,16.40204,22.31971,8.95756,5.3816,4.06885,5.66269,2.05908,5.04303,4.24878,5.06786,2.16779,2.96373,2.31451,3.48585,1.33623,1.44426
2024-02-22,7.63407,3.23914,6.8114,1.79168,21.99294,15.91556,21.65771,8.69188,5.11372,3.86609,5.38087,1.95694,5.01097,4.22178,5.03564,2.15401,3.05155,2.34088,3.6122,1.3662,0.7927
2024-02-23,7.63407,3.23914,6.8114,1.79168,21.32861,15.4348,21.0035,8.42933,4.71629,3.56527,4.96275,1.8054,4.99902,4.21171,5.02364,2.14887,2.95593,2.31205,3.47372,1.33333,-2.34052
2024-02-26,7.63407,3.23914,6.8114,1.79168,20.72967,15.00137,20.41369,8.19262,4.99542,3.77655,5.25641,1.91184,5.0132,4.22366,5.03789,2.15497,4.20142,2.58128,4.51865,1.57239,2.78787
2024-02-27,7.63407,3.23914,6.8114,1.79168,20.1723,14.59802,19.86482,7.97234,5.4375,4.11116,5.7215,2.0804,5.07506,4.27578,5.10005,2.18156,7.45606,5.2188,7.47022,2.38818,-1.0986
2024-02-28,7.63407,3.23914,6.8114,1.79168,19.56962,14.16188,19.27133,7.73415,5.07074,3.83356,5.33565,1.94055,5.08843,4.28704,5.11348,2.1873,5.49135,3.04379,5.49407,1.79017,1.17117
2024-02-29,7.63407,3.23914,6.8114,1.79168,18.98733,13.7405,18.69791,7.50402,4.7696,3.60562,5.01884,1.82573,5.0833,4.28272,5.10833,2.1851,3.84283,2.51122,4.29418,1.52237,0.64751
2024-03-01,7.63407,3.23914,6.8114,1.79168,18.41327,13.32507,18.13261,7.27715,4.39405,3.32137,4.62374,1.68254,5.08355,4.28293,5.10859,2.18521,3.06177,2.3438,3.62576,1.3694,-2.00758
2024-03-04,7.63407,3.23914,6.8114,1.79168,17.89564,12.95048,17.62286,7.07258,4.38374,3.31216,4.61405,1.67809,5.07019,4.27167,5.09515,2.17946,3.59038,2.46392,4.12579,1.48451,-1.10888
2024-03-05,7.63407,3.23914,6.8114,1.79168,17.36407,12.5658,17.0994,6.86249,4.16073,3.14343,4.37937,1.59308,5.01593,4.22596,5.04063,2.15614,3.12393,2.36087,3.70383,1.3877,0.37476
2024-03-06,7.63407,2.81617,6.65548,1.79168,15.19173,11.46716,15.68514,6.65407,3.78859,2.86188,3.98776,1.45122,5.00659,4.21808,5.03124,2.15212,2.93999,2.30695,3.44842,1.32727,3.03777
2024-03-07,7.63407,2.81617,6.65548,1.79168,14.82658,11.19153,15.30812,6.49413,4.8933,3.69769,5.15027,1.87233,5.0591,4.26232,5.08401,2.1747,6.97061,4.61123,6.97304,2.19871,-1.32158
2024-03-08,7.63407,2.81617,6.65548,1.79168,14.39389,10.86492,14.86138,6.30461,4.64803,3.51212,4.89217,1.77884,5.09326,4.29111,5.11834,2.18938,5.37036,2.97363,5.38588,1.76546,-0.67925
2024-03-11,7.63407,2.81617,6.65548,1.79168,13.96056,10.53783,14.41398,6.11481,4.25402,3.21402,4.47754,1.62864,5.06165,4.26448,5.08658,2.17579,3.35561,2.41636,3.94107,1.44251,0.19511
2024-03-12,7.63407,2.71157,6.63804,1.79168,13.5357,10.21714,13.97532,5.92872,3.85035,2.90861,4.05275,1.47477,5.0502,4.25483,5.07507,2.17087,2.96636,2.31534,3.48991,1.3372,0.19287
2024-03-13,7.63407,2.71157,6.63804,1.79168,13.12379,9.90622,13.55004,5.7483,3.5118,2.65246,3.69649,1.34571,5.04923,4.25401,5.0741,2.17046,2.90709,2.29613,3.39398,1.31417,-3.80658
2024-03-14,7.63407,3.23914,6.82054,1.79168,12.90084,9.73793,13.31984,5.65064,5.44745,4.11695,5.73341,2.08357,5.06773,4.2696,5.09268,2.17841,9.21439,7.33412,9.25684,3.43644,0.46539
2024-03-15,7.63407,3.23914,6.82054,1.79168,12.51053,9.44331,12.91686,5.47969,4.88517,3.69153,5.14171,1.86923,5.09101,4.28921,5.11608,2.18841,7.23571,4.94429,7.24478,2.29803,2.47049
2024-03-18,7.63407,3.23914,6.82054,1.79168,12.20784,9.21483,12.60434,5.34711,5.20606,3.93431,5.47938,1.99155,5.12787,4.32027,5.15312,2.20426,8.37666,6.3414,8.40797,2.85359,3.64411
2024-03-19,7.63407,3.23914,6.82054,1.79168,12.01011,9.06558,12.40018,5.2605,6.24342,4.71916,6.57102,2.38699,5.23681,4.41205,5.2626,2.25109,10.00552,8.25173,10.05561,4.17778,0.32926
2024-03-20,7.63407,3.23914,6.82054,1.79168,11.64569,8.7905,12.02392,5.10088,5.55122,4.19546,5.84261,2.12313,5.27217,4.44184,5.29813,2.26629,8.83379,6.88608,8.87162,3.14949,-0.00909
2024-03-21,7.63407,3.23914,6.82054,1.79168,11.29091,8.52271,11.65763,4.94549,4.94689,3.73823,5.20666,1.89276,5.14067,4.33105,5.16599,2.20976,6.45478,3.96444,6.44333,2.03082,-0.71008
2024-03-22,7.63407,3.23914,6.82054,1.79168,10.95415,8.26851,11.30992,4.79798,4.50983,3.40756,4.74674,1.72616,5.14139,4.33166,5.16671,2.21007,3.96414,2.53405,4.37045,1.53941,-1.33448
2024-03-25,7.63407,3.23914,6.82054,1.79168,10.64663,8.03638,10.99242,4.66329,4.34778,3.28496,4.57621,1.66439,5.09772,4.29487,5.12283,2.1913,3.32804,2.41031,3.91639,1.43686,-0.24491
2024-03-26,7.63407,3.23914,6.82054,1.79168,10.3232,7.79225,10.65848,4.52162,3.93569,2.97317,4.14256,1.5073,4.97791,4.19393,5.00243,2.1398,2.96348,2.31443,3.48547,1.33614,0.42079
2024-03-27,7.63407,3.23914,6.82054,1.79168,10.01148,7.55695,10.33664,4.38509,3.60719,2.72464,3.79687,1.38208,4.97475,4.19126,4.99925,2.13844,2.91271,2.29801,3.40351,1.31647,-0.72007
2024-03-28,7.63407,3.23914,6.82054,1.79168,9.71484,7.33304,10.03036,4.25516,3.41022,2.57561,3.5896,1.30699,4.97395,4.19059,4.99844,2.13809,2.91499,2.29877,3.40735,1.3174,2.6627
2024-04-01,7.63407,3.23914,6.82054,1.79168,9.53587,7.19795,9.84558,4.17677,4.36655,3.29916,4.59596,1.67154,5.02174,4.23085,5.04647,2.15864,5.36994,2.9734,5.38551,1.76537,1.96878
2024-04-02,7.63407,3.23914,6.82054,1.79168,9.31069,7.02798,9.61309,4.07814,4.53153,3.42398,4.76957,1.73443,5.05201,4.25636,5.07689,2.17165,5.60062,3.11507,5.59463,1.81344,0.56278
2024-04-03,7.63407,3.23914,6.82054,1.79168,9.03254,6.81802,9.3259,3.9563,4.13077,3.11928,4.34896,1.58148,5.05942,4.2626,5.08434,2.17484,3.40011,2.42588,3.97934,1.45126,2.49157
2024-04-04,7.63407,3.23914,6.82054,1.79168,8.86753,6.69346,9.15553,3.88403,4.68945,3.54179,4.93701,1.79439,5.10076,4.29743,5.12588,2.1926,5.78257,3.25266,5.76754,1.85428,-0.33111
2024-04-05,7.63407,3.23914,6.82054,1.79168,8.59938,6.49106,8.87868,3.76658,4.23892,3.20107,4.4628,1.6227,5.11301,4.30774,5.13818,2.19787,3.38964,2.42367,3.9705,1.44924,-3.31508
2024-04-08,7.63407,3.31508,6.8332,1.79168,8.54104,6.44702,8.81844,3.74103,5.40336,4.08169,5.68846,2.06646,5.12619,4.31885,5.15143,2.20354,8.51218,6.50368,8.54556,2.93624,2.40775
2024-04-09,7.63407,3.31508,6.8332,1.79168,8.3896,6.33272,8.66209,3.6747,5.54506,4.18886,5.83761,2.12046,5.15587,4.34386,5.18126,2.21629,9.07304,7.16826,9.11385,3.32518,0.64831
2024-04-10,7.63407,3.31508,6.8332,1.79168,8.1421,6.14589,8.40654,3.56629,5.00224,3.77834,5.26625,1.91359,5.17059,4.35626,5.19605,2.22262,7.12751,4.80868,7.13394,2.25633,1.6545
2024-04-11,7.63407,3.31508,6.8332,1.79168,7.9481,5.99945,8.20624,3.48131,4.8588,3.66987,5.11527,1.85893,5.13384,4.32529,5.15912,2.20682,6.31189,3.79242,6.29704,1.98961,-4.34643
2024-04-12,7.63407,3.38623,7.00509,1.79168,8.08023,6.09919,8.34267,3.53919,6.62258,5.00374,6.97178,2.5311,5.27303,4.44257,5.299,2.26666,10.05076,8.3037,10.10121,4.22705,-4.06726
2024-04-15,7.63407,3.6778,7.1186,1.79168,8.1576,6.15759,8.42254,3.57308,7.50268,5.66933,7.89816,2.8665,5.33898,4.49813,5.36527,2.29501,10.08062,8.33798,10.13132,4.26003,1.38666
2024-04-16,7.63407,3.6778,7.1186,1.79168,7.94701,5.99863,8.20512,3.48084,6.81782,5.15139,7.17729,2.6055,5.33534,4.49506,5.36161,2.29344,9.50398,7.67203,9.5495,3.68317,-0.69056
2024-04-17,7.63407,3.6778,7.1186,1.79168,7.71458,5.82319,7.96514,3.37903,6.09913,4.60787,6.42081,2.33161,5.3398,4.49882,5.36609,2.29536,7.88814,5.75035,7.9111,2.58733,1.16157
2024-04-18,7.63407,3.6778,7.1186,1.79168,7.50772,5.66704,7.75156,3.28843,5.58047,4.21563,5.87488,2.13395,5.32225,4.48404,5.34846,2.28782,6.14163,3.59863,6.12387,1.94322,1.78719
2024-04-19,7.63407,3.6778,7.1186,1.79168,7.3473,5.54596,7.58593,3.21816,5.37381,4.05935,5.65736,2.0552,5.16935,4.35521,5.1948,2.22209,5.73127,3.21134,5.71816,1.84249,-2.23453
2024-04-22,7.63407,3.6778,7.1186,1.79168,7.23225,5.45911,7.46714,3.16777,5.44863,4.11593,5.73611,2.08371,5.06065,4.26363,5.08556,2.17536,6.58559,4.12636,6.5776,2.07047,3.87682
2024-04-23,7.63407,3.6778,7.1186,1.79168,7.33945,4.66229,7.43154,3.21472,6.56317,4.95881,6.90925,2.50845,5.16411,4.3508,5.18954,2.21983,9.96971,8.21055,10.0195,4.13935,-0.83692
2024-04-24,7.63407,3.6778,7.1186,1.79168,7.13124,4.53002,7.22071,3.12353,5.90687,4.46248,6.21844,2.25834,5.20506,4.38529,5.23068,2.23744,8.94169,7.01357,8.9809,3.22683,-0.097
2024-04-25,7.63407,3.6778,7.1186,1.79168,6.91421,4.39216,7.00096,3.02846,5.26251,3.97517,5.5402,2.01278,5.1936,4.37565,5.21918,2.23251,6.63266,4.18524,6.62595,2.0852,-1.43561
2024-04-26,7.63407,3.6778,7.1186,1.79168,6.75148,4.28878,6.83619,2.95719,4.99251,3.77098,5.25601,1.90989,5.17897,4.36332,5.20448,2.22623,5.26778,2.92054,5.29693,1.74533,-1.28153
2024-04-29,7.63407,3.6778,7.1186,1.79168,6.58492,4.18298,6.66753,2.88423,4.71744,3.56296,4.96647,1.80506,5.15033,4.33918,5.17569,2.21391,3.81962,2.5069,4.27939,1.51905,2.44236
2024-04-30,7.63407,3.6778,7.1186,1.79168,6.52878,4.14732,6.6107,2.85965,5.06471,3.82558,5.332,1.9374,5.05786,4.26128,5.08276,2.17416,6.00763,3.45829,5.98909,1.90867,1.69922
2024-05-01,7.63407,3.6778,7.1186,1.79168,6.40082,4.06604,6.48113,2.8036,4.92768,3.72196,5.18777,1.88518,5.08408,4.28337,5.10911,2.18543,5.38477,2.98154,5.39859,1.76834,-1.08883
2024-05-02,7.63407,3.6778,7.1186,1.79168,6.23563,3.9611,6.31386,2.73124,4.61071,3.48507,4.85184,1.76528,5.09786,4.29498,5.12296,2.19136,3.20487,2.46061,4.23906,1.61339,0.01495
2024-05-03,7.63407,3.6778,7.1186,1.79168,6.04567,3.84043,6.12152,2.64804,4.15427,3.1396,4.37162,1.59125,5.08175,4.28141,5.10678,2.18443,3.10931,2.43458,4.04289,1.56193,-0.07592
2024-05-06,7.63407,3.6778,7.1186,1.79168,5.86165,3.72353,5.93519,2.56744,3.76884,2.84788,3.96612,1.44429,5.06246,4.26516,5.08739,2.17614,3.09847,2.43141,4.01837,1.5554,3.4262
2024-05-07,7.63407,3.6778,7.1186,1.79168,5.99739,3.80976,6.07264,2.62689,5.19365,3.92629,5.46514,1.98755,5.0914,4.28954,5.11647,2.18858,10.24264,6.49329,10.23659,3.08734,1.12183
2024-05-08,7.63407,3.6778,7.1186,1.79168,5.84843,3.71514,5.92181,2.56165,4.81891,3.64266,5.07088,1.84467,5.09884,4.29581,5.12395,2.19178,5.57539,2.76394,5.94477,2.01694,1.21995
2024-05-09,7.63407,3.6778,7.1186,1.79168,5.71116,3.62794,5.78282,2.50152,4.54323,3.434,4.78084,1.73955,5.09826,4.29531,5.12336,2.19153,3.40971,2.50631,4.56118,1.69506,0.17703
2024-05-10,7.63407,3.6778,7.1186,1.79168,5.53806,3.51798,5.60754,2.4257,4.10086,3.09918,4.31543,1.57088,5.1023,4.29872,5.12742,2.19327,3.12932,2.44031,4.0869,1.5736,0.66938
2024-05-13,7.63407,3.6778,7.1186,1.79168,5.38238,3.41909,5.44991,2.35752,3.79539,2.86798,3.99406,1.45442,5.10379,4.29998,5.12892,2.19391,3.11423,2.43601,4.05387,1.56485,0.27633
2024-05-14,7.63407,3.6778,7.1186,1.79168,5.2207,3.31638,5.2862,2.2867,3.47743,2.62732,3.65953,1.33318,4.98313,4.19832,5.00767,2.14204,3.10122,2.43222,4.02462,1.55707,0.3354
2024-05-15,7.63407,3.6778,7.1186,1.79168,5.06513,3.21756,5.12868,2.21856,3.21941,2.43203,3.38807,1.2348,4.9613,4.17993,4.98573,2.13265,3.10054,2.43202,4.02308,1.55665,0.46424
2024-05-16,7.63407,3.6778,7.1186,1.79168,4.91768,3.12389,4.97938,2.15398,3.02789,2.28708,3.18658,1.16178,4.94771,4.16848,4.97208,2.12682,3.10327,2.43282,4.02928,1.55831,2.22287
2024-05-17,7.63407,3.38623,7.07,1.79168,4.03583,3.079,4.68104,2.15817,3.78306,2.85865,3.98108,1.44971,4.98412,4.19916,5.00866,2.14247,3.60503,2.53982,4.7806,1.74894,1.61338
2024-05-20,7.63407,3.38623,7.07,1.79168,3.98206,3.03798,4.61868,2.12942,3.90425,2.95037,4.10858,1.49592,5.01191,4.22257,5.03659,2.15441,3.36856,2.49811,4.50538,1.68115,0.75467
2024-05-21,7.63407,3.38623,7.07,1.79168,3.87619,2.95722,4.49589,2.07281,3.65415,2.76107,3.84545,1.40056,5.02054,4.22984,5.04526,2.15812,3.14875,2.44573,4.12806,1.58444,-0.23786
2024-05-22,7.63407,3.38623,7.07,1.79168,3.75969,2.80379,4.21405,2.01051,3.35948,2.53805,3.53544,1.28821,5.01822,4.22789,5.04293,2.15712,3.10436,2.43314,4.03174,1.55896,-0.62893
2024-05-23,7.63407,3.38623,7.07,1.79168,3.65652,2.72685,4.09841,1.95534,3.18792,2.4082,3.35494,1.22279,5.00941,4.22046,5.03408,2.15334,3.10759,2.43408,4.03902,1.5609,0.43692
2024-05-24,7.63407,3.38623,7.07,1.79168,3.55077,2.64799,3.97988,1.89879,2.99714,2.2638,3.15423,1.15005,4.96456,4.18268,4.98901,2.13406,3.10353,2.4329,4.02988,1.55847,-3.22131
2024-05-28,7.63407,3.38623,7.07,1.79168,3.7455,2.85751,4.29893,2.00292,4.63904,3.50651,4.88164,1.77608,5.01649,4.22643,5.04119,2.15638,8.6602,4.4192,8.59797,2.60077,1.56348
2024-05-29,7.63407,3.38623,7.07,1.79168,3.70134,2.82382,4.24825,1.9793,4.53494,3.42772,4.77212,1.73639,5.05644,4.26009,5.08134,2.17355,5.42464,2.74283,5.85442,1.99698,-1.43962
2024-05-30,7.63407,3.38623,7.07,1.79168,3.64867,2.78363,4.1878,1.95114,4.41574,3.3375,4.64671,1.69094,5.07659,4.27706,5.10159,2.18221,3.49338,2.52167,4.6635,1.72035,-4.52307
2024-05-31,7.63407,3.80658,7.25948,1.79168,5.08203,3.12764,4.8833,2.19226,6.54269,4.94734,6.88444,2.50191,5.22021,4.39807,5.24592,2.24395,14.79711,12.00721,14.87037,5.93248,-1.21294
2024-06-03,7.63407,3.80658,7.25948,1.79168,4.97512,3.06184,4.78057,2.14614,5.9817,4.51881,6.29722,2.28739,5.27713,4.44601,5.30311,2.26842,12.17528,8.90235,12.21391,3.95967,10.00863
2024-06-04,7.63407,3.80658,7.25948,1.79168,7.45425,4.58757,7.16275,3.21558,12.58198,9.51041,13.24446,4.80275,5.85071,4.92926,5.87952,2.51498,15.14746,12.41169,15.22384,6.29603,0.00265
2024-06-05,7.63407,3.80658,7.25948,1.79168,7.22716,4.44782,6.94454,3.11762,11.06582,8.36379,11.6486,4.22494,6.06706,5.11154,6.09694,2.60798,12.04661,8.74573,12.0829,3.88942,-2.48512
2024-06-06,7.63407,3.80658,7.25948,1.79168,7.14768,4.3989,6.86817,3.08333,10.15433,7.67446,10.6892,3.87758,6.0881,5.12927,6.11808,2.61702,12.09142,8.80032,12.12853,3.91366,0.55671
2024-06-07,7.63407,3.80658,7.25948,1.79168,6.93714,4.26933,6.66586,2.99251,8.97031,6.77902,9.44294,3.42635,5.9369,5.00188,5.96614,2.55203,6.63526,2.97455,6.68121,2.17631,1.58462
2024-06-10,7.63407,3.80658,7.25948,1.79168,6.78573,4.17614,6.52037,2.92719,8.11784,6.13431,8.54565,3.10147,5.94069,5.00507,5.96994,2.55365,4.06046,2.59581,5.11804,1.8294,2.50437
2024-06-11,7.63407,3.80658,7.25948,1.79168,6.73094,4.14243,6.46773,2.90356,7.71783,5.8318,8.12461,2.94903,5.1309,4.32282,5.15617,2.20556,6.3772,2.91014,6.48441,2.13418,0.86449
2024-06-12,7.63407,3.80658,7.25948,1.79168,6.54433,4.02758,6.28841,2.82306,6.89941,5.21285,7.26318,2.63713,5.15331,4.3417,5.17869,2.21519,3.36466,2.49731,4.49989,1.67977,1.14588
2024-06-13,7.63407,3.80658,7.25948,1.79168,6.37824,3.92536,6.12881,2.75141,6.25639,4.72656,6.58635,2.39208,5.10744,4.30305,5.13259,2.19548,3.18939,2.45662,4.20958,1.60574,-0.34351
2024-06-14,7.63407,3.80658,7.25948,1.79168,6.18701,3.80767,5.94506,2.66892,5.58354,4.2177,5.87813,2.13566,5.10897,4.30434,5.13413,2.19613,3.11067,2.43498,4.04593,1.56274,-0.58899
2024-06-17,7.63407,3.80658,7.25948,1.79168,6.00784,3.69741,5.7729,2.59163,5.03722,3.80453,5.30309,1.92745,5.0884,4.28701,5.11345,2.18729,3.10714,2.43395,4.03803,1.56064,-1.27538
2024-06-18,7.63407,3.80658,7.25948,1.79168,5.86967,3.61237,5.64013,2.53203,4.75607,3.5919,5.00716,1.82031,5.04235,4.24821,5.06718,2.16749,3.15271,2.44682,4.13627,1.5866,-0.58572
2024-06-19,7.63407,3.80658,7.25948,1.79168,5.70056,3.5083,5.47764,2.45908,4.33628,3.27443,4.56531,1.66033,5.03913,4.2455,5.06395,2.16611,3.1127,2.43556,4.05045,1.56394,-0.25062
2024-06-20,7.63407,3.80658,7.25948,1.79168,5.52873,3.32599,5.29977,2.38496,3.93612,2.9718,4.14411,1.50783,5.0265,4.23486,5.05125,2.16068,3.10015,2.43191,4.0222,1.55642,-0.08803
2024-06-21,7.63407,3.80658,7.25948,1.79168,5.36054,3.2248,5.13854,2.3124,3.58791,2.70846,3.77759,1.37512,5.02525,4.23381,5.04999,2.16014,3.09738,2.43109,4.01586,1.55473,-0.60039
2024-06-24,7.63407,3.80658,7.25948,1.79168,5.2084,3.13328,4.99271,2.24677,3.36861,2.54261,3.54676,1.29155,5.02459,4.23325,5.04933,2.15986,3.10564,2.43351,4.03463,1.55973,1.90193
2024-06-25,7.63407,3.80658,7.25948,1.79168,5.16393,3.10653,4.95007,2.22759,3.77747,2.85182,3.97712,1.44737,5.03634,4.24315,5.06114,2.16491,3.32427,2.48876,4.44074,1.66491,-0.12596
2024-06-26,7.63407,3.80658,7.25948,1.79168,5.00713,3.0122,4.79976,2.15995,3.4564,2.609,3.63917,1.32501,5.04318,4.24891,5.06801,2.16785,3.1212,2.43801,4.06923,1.56892,-1.09599
2024-06-27,7.63407,3.80658,7.25948,1.79168,4.89432,2.94433,4.69163,2.11128,3.4283,2.58775,3.60959,1.3143,5.04461,4.25012,5.06945,2.16847,3.13731,2.44256,4.104,1.57811,1.17603
2024-06-28,7.63407,3.80658,7.25948,1.79168,4.79198,2.88277,4.59352,2.06714,3.42349,2.58411,3.60453,1.31247,5.05631,4.25997,5.0812,2.1735,3.15246,2.44675,4.13576,1.58647,-1.47567
2024-07-01,7.63407,3.80658,7.25948,1.79168,4.72095,2.84004,4.52544,2.0365,3.58695,2.70773,3.77658,1.37476,5.07116,4.27249,5.09613,2.17988,3.19515,2.45811,4.22064,1.60861,-0.84292
2024-07-02,7.63407,3.80658,7.25948,1.79168,4.60209,2.76853,4.4115,1.98523,3.43508,2.58969,3.61936,1.31583,5.03743,4.24407,5.06224,2.16538,3.13066,2.44069,4.08978,1.57436,-2.55075
2024-07-03,7.63407,3.80658,7.25948,1.79168,4.69109,2.82208,4.49682,2.02362,4.33125,3.26659,4.56333,1.65711,5.0853,4.2844,5.11034,2.18596,4.58931,2.64781,5.40157,1.89508,0.17712
2024-07-04,7.63407,3.80658,7.25948,1.79168,4.54929,2.73677,4.36089,1.96245,3.91626,2.95313,4.1262,1.49907,5.02802,4.23614,5.05277,2.16133,3.18394,2.45519,4.19899,1.60299,-0.0255
2024-07-05,7.63407,3.80658,7.25948,1.79168,4.41073,2.65341,4.22806,1.90268,3.5639,2.68699,3.75505,1.36489,5.01506,4.22522,5.03975,2.15576,3.10703,2.43392,4.03776,1.56057,-0.53075
2024-07-08,7.63407,3.80658,7.25948,1.79168,4.28697,2.57896,4.10943,1.84929,3.33073,2.51087,3.50944,1.2761,4.99248,4.2062,5.01706,2.14606,3.10489,2.4333,4.03295,1.55929,0.93625
2024-07-09,7.63407,3.80658,7.25948,1.79168,4.19023,2.52077,4.0167,1.80756,3.25243,2.45172,3.42696,1.24628,4.99275,4.20642,5.01733,2.14617,3.12492,2.43906,4.07735,1.57107,3.49353
2024-07-10,7.63407,3.80658,7.25948,1.79168,4.52104,2.71978,4.33381,1.95026,5.00586,3.77614,5.27391,1.91401,5.0211,4.23031,5.04582,2.15836,10.78339,7.18065,10.7921,3.2956,0.1416
2024-07-11,7.63407,3.80658,7.25948,1.79168,4.38405,2.63736,4.20249,1.89117,4.48549,3.3831,4.72579,1.71585,5.05104,4.25554,5.07592,2.17123,4.74003,2.66295,5.4791,1.91277,-1.43572
2024-07-12,7.63407,3.80658,7.25948,1.79168,4.32797,2.60363,4.14873,1.86698,4.37595,3.30035,4.6104,1.67413,5.06551,4.26773,5.09045,2.17745,3.40706,2.50579,4.5577,1.6942,-1.17743
2024-07-15,7.63407,3.80658,7.25948,1.79168,4.24905,2.55615,4.07308,1.83293,4.18345,3.15495,4.40764,1.60082,5.07775,4.27804,5.10276,2.18271,3.19445,2.45794,4.21931,1.60827,-0.47156
2024-07-16,7.63407,3.80658,7.25948,1.79168,4.1283,2.48351,3.95733,1.78084,3.8297,2.88776,4.03503,1.46611,5.07494,4.27567,5.09993,2.18151,3.11427,2.43602,4.05395,1.56487,-1.06898
2024-07-17,7.63407,3.80658,7.25948,1.79168,4.0483,2.43539,3.88065,1.74633,3.70932,2.79683,3.90823,1.42027,4.96848,4.18598,4.99295,2.13574,3.13368,2.44154,4.09625,1.57607,0.18111
2024-07-18,7.63407,3.80658,7.25948,1.79168,3.92632,2.362,3.76372,1.69372,3.39581,2.56002,3.57799,1.30088,4.97071,4.18786,4.99519,2.1367,3.10237,2.43256,4.02724,1.55776,0.11271
2024-07-19,7.63407,3.80658,7.25948,1.79168,3.80725,2.29037,3.64958,1.64235,3.13251,2.36115,3.30066,1.20061,4.95098,4.17123,4.97536,2.12822,3.09797,2.43127,4.01721,1.55509,-2.81755
2024-07-22,7.63407,3.80658,7.25948,1.79168,4.02307,2.51691,3.94931,1.73545,4.37681,3.301,4.61131,1.67446,4.99611,4.20925,5.02071,2.14762,5.97,2.82764,6.19735,2.07219,4.52537
2024-07-23,7.63407,3.80658,7.25948,1.79168,4.67088,2.92219,4.58524,2.0149,6.52136,4.92086,6.87024,2.49114,5.1634,4.3502,5.18883,2.21953,14.98006,12.21868,15.05498,6.11869,-2.16571
2024-07-24,7.63407,3.80658,7.25948,1.79168,4.69259,2.93578,4.60655,2.02427,6.30419,4.75682,6.64148,2.40843,5.24118,4.41573,5.26699,2.25297,14.07897,11.17128,14.14489,5.27204,-1.42708
2024-07-25,7.63407,3.80658,7.25948,1.79168,4.62124,2.89114,4.53651,1.99349,5.83608,4.40324,6.14841,2.23017,5.2654,4.43613,5.29132,2.26337,11.27233,7.79267,11.29275,3.5062,0.54204
2024-07-26,7.63407,3.80658,7.25948,1.79168,4.49102,2.80967,4.40867,1.93731,5.22635,3.94269,5.50616,1.99797,5.27276,4.44233,5.29872,2.26654,5.59748,2.76717,5.95829,2.01992,-0.4127
2024-07-29,7.63407,3.80658,7.25948,1.79168,4.36051,2.72802,4.28055,1.88101,4.69748,3.54322,4.94909,1.79657,5.20216,4.38286,5.22778,2.23619,3.23498,2.46815,4.29408,1.62757,-1.71765
2024-07-30,7.63407,3.80658,7.25948,1.79168,4.33871,2.71438,4.25916,1.87161,4.67175,3.52378,4.92198,1.78678,5.03318,4.24049,5.05797,2.16356,3.28961,2.48106,4.38656,1.6512,-1.3771
2024-07-31,7.63407,3.80658,7.25948,1.79168,4.2786,2.67678,4.20015,1.84568,4.50796,3.39809,4.75127,1.72325,5.00532,4.21702,5.02997,2.15158,3.20931,2.46174,4.24737,1.61554,3.21774
2024-08-01,7.63407,3.80658,7.25948,1.79168,4.53282,2.83582,4.44971,1.95535,5.47816,4.13042,5.77361,2.09257,5.06617,4.26829,5.09112,2.17774,9.35564,5.33869,9.32057,2.79437,-0.88566
2024-08-02,7.63407,3.80658,7.25948,1.79168,4.42342,2.66105,4.32459,1.90815,5.00088,3.77015,5.27068,1.91089,5.0936,4.29139,5.11868,2.18953,4.20136,2.61004,5.19834,1.84817,-1.61009
2024-08-05,7.63407,3.80658,7.25948,1.79168,4.38503,2.63796,4.28706,1.89159,4.85875,3.66287,5.12091,1.85678,5.11274,4.30751,5.13791,2.19775,3.44587,2.51315,4.60712,1.70645,-0.879
2024-08-06,7.63407,3.80658,7.25948,1.79168,4.28064,2.57516,4.18501,1.84656,4.48379,3.37984,4.72579,1.71405,5.09803,4.29513,5.12314,2.19143,3.16361,2.44978,4.15858,1.59245,0.38107
2024-08-07,7.63407,3.80658,7.25948,1.79168,4.15588,2.5001,4.06303,1.79274,4.06704,3.06527,4.28665,1.55541,5.08338,4.28278,5.10841,2.18513,3.10929,2.43458,4.04285,1.56192,2.63495
2024-08-08,7.63407,3.80658,7.25948,1.79168,4.2981,2.58566,4.20207,1.85409,4.75984,3.58821,5.01668,1.81913,5.03643,4.24323,5.06123,2.16495,5.16068,2.70931,5.70361,1.96341,-1.5757
2024-08-09,7.63407,3.80658,7.25948,1.79168,4.26214,2.56403,4.16691,1.83858,4.65453,3.50872,4.90572,1.77905,5.05855,4.26186,5.08345,2.17446,3.56088,2.53294,4.73665,1.73825,1.53241
2024-08-12,7.63407,3.80658,7.25948,1.79168,4.22292,2.54043,4.12857,1.82166,4.53597,3.41922,4.78078,1.73391,5.05813,4.26151,5.08304,2.17428,3.32154,2.48817,4.43659,1.66386,3.47297
2024-08-13,7.63407,3.80658,7.25948,1.79168,4.54446,2.73387,4.44293,1.96036,5.69574,4.29465,6.00288,2.1754,5.14258,4.33266,5.1679,2.21058,11.2483,7.76278,11.26817,3.49531,-0.12692
2024-08-14,7.63407,3.80658,7.25948,1.79168,4.40661,2.65094,4.30815,1.9009,5.08085,3.83052,5.35494,1.94133,5.1734,4.35863,5.19888,2.22383,5.23204,2.71798,5.7435,1.97232,-0.49893
2024-08-15,7.63407,3.80658,7.25948,1.79168,4.28175,2.57582,4.18608,1.84704,4.59143,3.46109,4.83922,1.75502,5.1111,4.30614,5.13627,2.19705,3.22342,2.46529,4.27331,1.62223,0.58687
2024-08-16,7.63407,3.80658,7.25948,1.79168,4.16466,2.50539,4.07161,1.79653,4.1879,3.1565,4.41401,1.60142,5.09046,4.28875,5.11553,2.18818,3.12307,2.43854,4.07331,1.57,-2.605
2024-08-19,7.63407,3.80658,7.25948,1.79168,4.30021,2.68978,4.22127,1.855,4.84498,3.65248,5.1064,1.85154,5.1182,4.31212,5.1434,2.2001,4.84137,2.67348,5.53181,1.92473,0.08365
2024-08-20,7.63407,3.80658,7.25948,1.79168,4.16948,2.60801,4.09294,1.79861,4.35272,3.2809,4.58768,1.66416,5.02439,4.23308,5.04913,2.15977,3.19136,2.45713,4.21338,1.60673,1.03544
2024-08-21,7.63407,3.80658,7.25948,1.79168,4.08499,2.55516,4.01001,1.76216,4.10412,3.09326,4.32572,1.56952,5.02691,4.23521,5.05166,2.16086,3.14814,2.44556,4.12679,1.58411,-2.10068
2024-08-22,7.63407,3.80658,7.25948,1.79168,4.13628,2.58724,4.06035,1.78428,4.44889,3.35349,4.68902,1.70076,5.04636,4.25159,5.07121,2.16922,3.47137,2.51779,4.63792,1.71406,-1.80309
2024-08-23,7.63407,3.80658,7.25948,1.79168,4.1389,2.58888,4.06293,1.78542,4.52777,3.41304,4.77214,1.73079,5.07588,4.27646,5.10087,2.18191,3.42178,2.50863,4.57682,1.69895,-0.48914
2024-08-26,7.63407,3.80658,7.25948,1.79168,4.02242,2.51602,3.94858,1.73517,4.1244,3.10856,4.34709,1.57724,5.02168,4.2308,5.04641,2.15861,3.13742,2.44259,4.10423,1.57817,5.95964
2024-08-27,7.63407,3.80658,7.25948,1.79168,5.16344,3.22973,5.06866,2.22738,7.77934,5.86742,8.19847,2.96856,5.27433,4.44366,5.3003,2.26721,15.14533,12.40924,15.2217,6.29374,-4.15797
2024-08-28,7.63407,4.06726,7.31804,1.79168,5.53497,4.05066,5.59921,2.38765,8.38068,6.32133,8.83213,3.19746,5.47539,4.61306,5.50235,2.35364,15.13584,12.3983,15.21212,6.2835,-0.47105
2024-08-29,7.63407,4.06726,7.31804,1.79168,5.37301,3.93214,5.43538,2.31778,7.42611,5.60022,7.82671,2.83394,5.48209,4.6187,5.50908,2.35652,12.15646,8.87947,12.19475,3.94927,-0.06684
2024-08-30,7.63407,4.06726,7.31804,1.79168,5.20947,3.81245,5.26993,2.24723,6.57962,4.96134,6.93468,2.51173,5.45339,4.59452,5.48024,2.34418,6.35268,2.90457,6.46632,2.1303,-0.05253
2024-09-02,7.63407,4.06726,7.31804,1.79168,5.05086,3.69637,5.10948,2.17881,5.84785,4.40902,6.16352,2.23318,5.44516,4.58758,5.47197,2.34065,3.2639,2.4751,4.34416,1.6404,0.7419
2024-09-03,7.63407,4.06726,7.31804,1.79168,4.91507,3.597,4.97212,2.12024,5.28225,3.98214,5.56749,2.01789,5.13025,4.32227,5.15552,2.20528,3.13591,2.44217,4.10102,1.57733,-1.73701
2024-09-04,7.63407,4.06726,7.31804,1.79168,4.86635,3.56134,4.92283,2.09922,5.14112,3.87562,5.41877,1.96417,4.99005,4.20415,5.01462,2.14501,3.25609,2.47325,4.33088,1.63701,1.31897
2024-09-05,7.63407,4.06726,7.31804,1.79168,4.77717,3.49608,4.83262,2.06075,4.84525,3.65231,5.10698,1.85155,5.00866,4.21983,5.03332,2.15301,3.19855,2.45899,4.22711,1.61029,-0.31316
2024-09-06,7.63407,4.06726,7.31804,1.79168,4.63505,3.39207,4.68885,1.99944,4.37507,3.29744,4.61151,1.67258,5.01412,4.22443,5.03881,2.15536,3.11113,2.43511,4.04696,1.56301,0.34306
2024-09-09,7.63407,4.06726,7.31804,1.79168,4.49807,3.29183,4.55028,1.94035,3.97621,2.9964,4.19118,1.52076,5.01072,4.22156,5.03539,2.1539,3.10196,2.43244,4.02632,1.55752,0.2169
2024-09-10,7.63407,4.06726,7.31804,1.79168,4.36278,3.19282,4.41342,1.88199,3.62906,2.73438,3.82535,1.38861,5.00457,4.21638,5.02921,2.15126,3.09886,2.43153,4.01926,1.55564,-0.16341
2024-09-11,7.63407,4.06726,7.31804,1.79168,4.23089,3.09629,4.28,1.8251,3.33736,2.51423,3.51796,1.27758,4.97472,4.19123,4.99921,2.13842,3.09761,2.43116,4.01639,1.55487,1.14958
2024-09-12,7.63407,4.06726,7.31804,1.79168,4.15361,3.03974,4.20182,1.79176,3.34783,2.52213,3.52899,1.28157,4.96003,4.17886,4.98445,2.13211,3.14109,2.44361,4.112,1.58022,-0.04302
2024-09-13,7.63407,4.06726,7.31804,1.79168,4.02715,2.94719,4.07389,1.73721,3.0976,2.33326,3.2653,1.18632,4.96284,4.18123,4.98728,2.13332,3.1022,2.43251,4.02687,1.55766,1.23786
2024-09-16,7.63407,4.06726,7.31804,1.79168,3.96723,2.90334,4.01328,1.71136,3.20868,2.4171,3.38235,1.2286,4.97284,4.18965,4.99733,2.13762,3.1517,2.44654,4.13419,1.58605,0.7677
2024-09-17,7.63407,4.06726,7.31804,1.79168,3.871,2.83292,3.91593,1.66985,3.10215,2.3367,3.27009,1.18805,4.98083,4.19638,5.00535,2.14105,3.12225,2.4383,4.07153,1.56953,1.66707
2024-09-18,7.63407,4.06726,7.31804,1.79168,3.87061,2.83263,3.91554,1.66968,3.45352,2.6019,3.64037,1.3218,4.99818,4.211,5.02279,2.14851,3.24044,2.46948,4.30373,1.63005,-0.40547
2024-09-19,7.63407,4.06726,7.31804,1.79168,3.75976,2.7515,3.80339,1.62186,3.22132,2.42664,3.39567,1.23341,4.99467,4.20804,5.01926,2.147,3.11764,2.43698,4.06139,1.56684,-0.54186
2024-09-20,7.63407,4.06726,7.31804,1.79168,3.65818,2.67717,3.70064,1.57805,3.06008,2.30495,3.22576,1.17204,4.99656,4.20964,5.02117,2.14781,3.10665,2.43381,4.03692,1.56034,-0.55238
2024-09-23,7.63407,4.06726,7.31804,1.79168,3.56058,2.60574,3.60191,1.53594,2.93308,2.20909,3.09193,1.1237,4.9822,4.19754,5.00673,2.14164,3.10546,2.43346,4.03424,1.55963,1.64942
2024-09-24,7.63407,4.06726,7.31804,1.79168,3.57691,2.61769,3.61842,1.54299,3.32684,2.50628,3.50687,1.27358,4.99529,4.20856,5.01988,2.14727,3.22835,2.46651,4.28221,1.62452,2.78207
2024-09-25,7.63407,4.06726,7.31804,1.79168,3.8108,2.78886,3.85504,1.64388,4.41305,3.32611,4.65153,1.68704,5.03295,4.2403,5.05773,2.16346,6.60279,2.96581,6.65579,2.17088,-1.26781
2024-09-26,7.63407,4.06726,7.31804,1.79168,3.76419,2.75475,3.80788,1.62378,4.25406,3.20611,4.48398,1.62652,5.04174,4.2477,5.06656,2.16723,3.56574,2.53371,4.74163,1.73946,-0.55275
2024-09-27,7.63407,4.06726,7.31804,1.79168,3.66299,2.68069,3.70551,1.58012,3.90804,2.94429,4.11972,1.49509,5.0254,4.23394,5.05015,2.16021,3.15128,2.44643,4.13333,1.58583,-0.23014
2024-09-30,7.63407,4.06726,7.31804,1.79168,3.55381,2.60079,3.59506,1.53302,3.57388,2.69211,3.76755,1.36791,5.02362,4.23244,5.04836,2.15945,3.10457,2.4332,4.03221,1.55909,0.95631
2024-10-01,7.63407,4.06726,7.31804,1.79168,3.48807,2.55268,3.52856,1.50467,3.45405,2.60169,3.64127,1.3223,5.00473,4.21652,5.02938,2.15133,3.12625,2.43944,4.08024,1.57184,0.3766
2024-10-02,7.63407,4.06726,7.31804,1.79168,3.38857,2.47986,3.4279,1.46174,3.20999,2.41751,3.38406,1.22941,4.93457,4.15741,4.95887,2.12117,3.10457,2.4332,4.03223,1.55909,1.31675
2024-10-03,7.63407,4.06726,7.31804,1.79168,3.36935,2.46579,3.40845,1.45345,3.33162,2.5093,3.51225,1.2757,4.93203,4.15527,4.95632,2.12008,3.16237,2.44945,4.15607,1.59179,1.45193
2024-10-04,7.63407,4.06726,7.31804,1.79168,3.36913,2.46564,3.40824,1.45336,3.49168,2.63009,3.68093,1.33662,4.94766,4.16844,4.97202,2.12679,3.20101,2.45963,4.23179,1.6115,-2.52404
2024-10-07,7.63407,4.06726,7.31804,1.79168,3.56709,2.63982,3.6188,1.53875,4.3397,3.27005,4.57465,1.65939,4.99884,4.21156,5.02346,2.14879,4.74902,2.66387,5.48375,1.91383,1.3265
2024-10-08,7.63407,4.06726,7.31804,1.79168,3.5395,2.6194,3.59081,1.52685,4.20135,3.16564,4.42884,1.60673,5.02084,4.23009,5.04557,2.15825,3.37415,2.49925,4.51319,1.6831,-1.16475
2024-10-09,7.63407,4.06726,7.31804,1.79168,3.49483,2.58634,3.54549,1.50758,4.04357,3.04657,4.26256,1.54668,5.03422,4.24136,5.05901,2.164,3.18785,2.45622,4.2066,1.60497,-0.71157
2024-10-10,7.63407,4.06726,7.31804,1.79168,3.41237,2.52532,3.46183,1.47201,3.77045,2.84046,3.97472,1.44272,5.02533,4.23387,5.05007,2.16018,3.12245,2.43836,4.07197,1.56965,-0.75725
2024-10-11,7.63407,4.06726,7.31804,1.79168,3.33624,2.44156,3.34298,1.43917,3.56036,2.68192,3.75332,1.36276,5.01101,4.22181,5.03568,2.15402,3.11542,2.43635,4.05649,1.56554,0.0662
2024-10-14,7.63407,4.06726,7.31804,1.79168,3.23482,2.36734,3.24136,1.39542,3.27258,2.46474,3.45002,1.25323,4.95119,4.17142,4.97557,2.12831,3.09932,2.43166,4.0203,1.55591,0.56061
2024-10-15,7.63407,4.06726,7.31804,1.79168,3.15239,2.30702,3.15876,1.35986,3.09644,2.33181,3.26439,1.18619,4.93667,4.15918,4.96098,2.12207,3.10589,2.43359,4.03519,1.55988,-1.03704
2024-10-16,7.63407,4.06726,7.31804,1.79168,3.11257,2.27787,3.11886,1.34268,3.13253,2.35905,3.30243,1.19992,4.9315,4.15482,4.95578,2.11985,3.12956,2.44038,4.0874,1.57373,-1.8531
2024-10-17,7.63407,4.06726,7.31804,1.79168,3.19594,2.33889,3.2024,1.37865,3.62237,2.72871,3.81866,1.38636,4.95473,4.1744,4.97913,2.12983,3.29721,2.48278,4.39872,1.65428,-0.26633
2024-10-18,7.63407,4.06726,7.31804,1.79168,3.10226,2.27033,3.10853,1.33824,3.33988,2.51553,3.52095,1.27884,4.95768,4.17688,4.98209,2.1311,3.12041,2.43778,4.06749,1.56846,-4.71762
2024-10-21,7.63407,4.15797,7.42643,1.79168,6.12499,2.98073,4.56544,1.73747,6.24802,4.71016,6.5858,2.38572,5.11935,4.31309,5.14456,2.2006,14.87213,12.09399,14.94608,6.00789,-0.02092
2024-10-22,7.63407,4.15797,7.42643,1.79168,5.93843,2.88993,4.42638,1.68454,5.55402,4.18643,5.85441,2.12158,5.177,4.36166,5.20249,2.22538,11.26888,7.78838,11.28922,3.50463,0.39588
2024-10-23,7.63407,4.15797,7.42643,1.79168,5.76766,2.80683,4.29909,1.6361,4.97729,3.7512,5.2466,1.90207,5.16807,4.35413,5.19352,2.22154,5.43428,2.74413,5.8601,1.99824,1.28054
2024-10-24,7.63407,4.15797,7.42643,1.79168,5.70023,2.77402,4.24883,1.61697,4.69419,3.53756,4.94824,1.79431,5.14686,4.33627,5.17221,2.21242,3.42318,2.50889,4.57862,1.69939,1.4259
2024-10-25,7.63407,4.15797,7.42643,1.79168,5.66208,2.75545,4.22039,1.60615,4.52245,3.40796,4.76725,1.72895,5.16023,4.34753,5.18563,2.21817,3.25752,2.47359,4.33334,1.63764,-0.78234
2024-10-28,7.63407,4.15797,7.42643,1.79168,5.531,2.69166,4.12269,1.56897,4.18712,3.15371,4.41491,1.60074,4.9546,4.17428,4.979,2.12978,3.17694,2.46144,4.1603,1.59389,-0.49879
2024-10-29,4.71762,4.06726,6.83197,1.79168,3.53769,2.58899,3.27061,1.52607,3.84649,2.89675,4.05583,1.47112,4.95797,4.17712,4.98238,2.13122,3.14869,2.45363,4.10182,1.57854,-2.44053
2024-10-30,4.71762,4.06726,6.83197,1.79168,3.6993,2.70726,3.42001,1.59578,4.49757,3.38789,4.74216,1.71888,5.00091,4.2133,5.02554,2.14968,4.13695,2.61574,5.15724,1.83947,3.19865
2024-10-31,4.71762,4.06726,6.83197,1.79168,4.02028,2.94217,3.71677,1.73425,5.44744,4.10442,5.74347,2.08032,5.07582,4.27641,5.10081,2.18188,10.40103,6.72762,10.40094,3.1536,-2.11372
2024-11-01,4.71762,4.06726,6.83197,1.79168,4.07842,2.98471,3.77051,1.75933,5.4472,4.10424,5.74322,2.08023,5.1171,4.3112,5.1423,2.19963,9.05281,4.97184,9.00826,2.71055,-5.45892
2024-11-04,5.45892,4.15797,7.06391,1.79168,6.72503,3.71826,5.15303,2.16737,7.9295,5.97673,8.35993,3.02481,5.33121,4.49159,5.35747,2.29167,15.02026,12.2895,15.09581,6.209,-0.21342
2024-11-05,5.45892,4.15797,7.06391,1.79168,6.52217,3.6061,4.99759,2.102,7.01673,5.28819,7.39773,2.67747,5.40602,4.55461,5.43264,2.32382,11.82748,8.50695,11.86055,3.7887,4.60163
2024-11-06,5.45892,4.15797,7.06391,1.79168,7.22622,3.99537,5.53707,2.3289,8.13043,6.12831,8.57174,3.10127,5.49273,4.62766,5.51977,2.36109,14.99866,12.26461,15.07403,6.18604,2.73342
2024-11-07,5.45892,4.15797,7.06391,1.79168,7.30762,4.04037,5.59944,2.35513,7.82576,5.89848,8.25057,2.98533,5.50735,4.63998,5.53447,2.36738,14.64989,11.86151,14.72209,5.83055,-3.55426
2024-11-08,5.45892,4.15797,7.06391,1.79168,7.58252,4.19237,5.81008,2.44373,8.03579,6.05692,8.47198,3.06525,5.57074,4.69339,5.59817,2.39463,14.91981,12.17365,14.99449,6.10316,-5.51579
2024-11-11,5.51579,4.34643,7.29021,1.79168,8.46284,4.73673,6.7308,2.72744,9.51024,7.16915,10.02626,3.62631,5.54868,4.6748,5.57601,2.38515,15.02367,12.29343,15.09926,6.21264,0.62466
2024-11-12,5.51579,4.34643,7.29021,1.79168,8.21875,4.60011,6.53667,2.64878,8.41131,6.34018,8.86783,3.20815,5.627,4.74078,5.65471,2.41881,12.10118,8.84082,12.13937,3.93509,12.94276
2024-11-13,5.51579,4.34643,7.29021,1.79168,12.65944,7.08561,10.06851,4.07995,16.53103,12.46521,17.42721,6.29789,6.47513,5.45534,6.50702,2.78339,15.02382,12.2936,15.09941,6.2128,1.96068
2024-11-14,5.51579,4.34643,7.29021,1.79168,12.36392,6.9202,9.83347,3.9847,14.66974,11.06116,15.46514,5.58962,6.79742,5.72687,6.83089,2.92193,13.87247,10.955,13.93649,5.13311,0.59219
2024-11-15,5.51579,4.34643,7.29021,1.79168,11.99571,6.71411,9.54062,3.86604,12.89321,9.72106,13.59241,4.91361,6.71823,5.66015,6.75131,2.88789,9.50652,5.57134,9.47863,2.84542,-6.67375
2024-11-18,6.67375,4.52307,7.6781,1.79168,12.68825,7.10173,10.09142,4.08923,13.66799,10.30551,14.40915,5.20844,6.7453,5.68296,6.77851,2.89952,15.0238,12.29358,15.09939,6.21278,7.79058
2024-11-19,6.67375,4.52307,7.6781,1.79168,13.65255,7.64146,10.85836,4.40001,14.93114,11.25835,15.74069,5.68909,7.15225,6.02582,7.18747,3.07446,15.02382,12.2936,15.09941,6.2128,0.45923
2024-11-20,6.67375,4.52307,7.6781,1.79168,13.24124,7.41124,10.53123,4.26745,13.11429,9.88783,13.82546,4.99774,6.07112,5.11496,6.10101,2.60972,11.97334,8.68514,12.00918,3.86561,2.25726
2024-11-21,6.67375,4.52307,7.6781,1.79168,12.95198,7.24934,10.30118,4.17423,11.80043,8.89673,12.44047,4.49779,6.07232,5.11597,6.10222,2.61024,11.27004,7.81991,11.29155,3.51657,6.17094
2024-11-22,6.67375,4.52307,7.6781,1.79168,13.40471,7.50274,10.66124,4.32013,12.53206,9.44863,13.21171,4.77619,6.30626,5.31307,6.33731,2.7108,15.02374,12.29351,15.09933,6.21271,-3.20515
2024-11-25,6.67375,4.52307,7.6781,1.79168,13.22268,7.40086,10.51647,4.26147,11.61271,8.75513,12.24258,4.42635,6.11228,5.14964,6.14238,2.62741,14.87301,12.11962,14.94727,6.05467,2.85593
2024-11-26,6.67375,4.52307,7.6781,1.79168,13.00233,7.27752,10.34122,4.19045,10.81496,8.15314,11.40178,4.12281,5.73696,4.83343,5.76521,2.46608,14.67684,11.89272,14.74929,5.85701,3.3301
2024-11-27,6.67375,4.52307,7.6781,1.79168,12.85779,7.19663,10.22627,4.14387,10.25392,7.72994,10.81035,3.90932,5.82534,4.90789,5.85402,2.50407,14.86612,12.11167,14.94032,6.04758,1.77086
2024-11-28,6.67375,4.52307,7.6781,1.79168,12.53854,7.01794,9.97235,4.04098,9.24939,6.9722,9.75141,3.52708,5.83061,4.91232,5.85931,2.50633,13.35346,10.3431,13.41106,4.73149,-0.00338
2024-11-29,6.67375,4.52307,7.6781,1.79168,12.15657,6.80414,9.66855,3.91788,8.15251,6.14479,8.59513,3.10969,5.51501,4.64643,5.54216,2.37067,8.21667,3.91707,8.14071,2.49412,-0.6389
2024-12-02,6.67375,4.52307,7.6781,1.79168,11.79623,6.60246,9.38196,3.80174,7.2413,5.45745,7.63457,2.76296,5.42201,4.56808,5.4487,2.33069,3.6111,2.5512,4.77447,1.74836,-1.98635
2024-12-03,6.67375,4.52307,7.6781,1.79168,11.53608,6.45685,9.17506,3.7179,6.81886,5.13879,7.18924,2.60221,5.37505,4.52852,5.40152,2.31051,3.70927,2.56562,4.86398,1.76998,-0.26817
2024-12-04,6.67375,4.52307,7.6781,1.79168,11.1865,6.26119,8.89703,3.60524,6.05727,4.5643,6.38641,2.31242,5.26846,4.43871,5.2944,2.26469,3.18798,2.46442,4.18234,1.59964,-2.53064
2024-12-05,6.67375,4.52307,7.6781,1.79168,11.01494,6.16516,8.76058,3.54995,6.14461,4.63018,6.47848,2.34565,5.28466,4.45236,5.31068,2.27165,4.66885,2.66879,5.43948,1.90464,1.95234
2024-12-06,6.67375,4.52307,7.6781,1.79168,10.78198,6.03477,8.57529,3.47487,5.90559,4.44988,6.22651,2.2547,5.31524,4.47812,5.34141,2.2848,4.19703,2.62186,5.19122,1.8474,-1.01695
2024-12-09,6.67375,4.52307,7.6781,1.79168,10.48205,5.8669,8.33675,3.37821,5.39651,4.06587,5.68985,2.06098,5.3244,4.48584,5.35061,2.28874,3.2769,2.48686,4.34471,1.6415,2.01144
2024-12-10,6.67375,4.52307,7.6781,1.79168,10.27707,5.75217,8.17372,3.31214,5.34579,4.02761,5.63639,2.04168,5.31183,4.47525,5.33798,2.28333,3.56385,2.54366,4.72674,1.73675,-1.05333
2024-12-11,6.67375,4.52307,7.6781,1.79168,9.9961,5.59491,7.95025,3.22159,4.94017,3.72164,5.2088,1.88734,5.31097,4.47453,5.33712,2.28297,3.23341,2.47622,4.26854,1.62197,0.99787
2024-12-12,6.67375,4.52307,7.6781,1.79168,9.7212,5.44105,7.73162,3.133,4.57747,3.44805,4.82645,1.74932,5.26288,4.43401,5.28879,2.26229,3.18738,2.46426,4.18116,1.59933,1.95888
2024-12-13,6.67375,4.52307,7.6781,1.79168,9.54192,5.3407,7.58904,3.07522,4.69565,3.5372,4.95104,1.79429,5.15196,4.34056,5.17733,2.21461,3.44668,2.52298,4.59227,1.7037,0.69267
2024-12-16,6.67375,4.52307,7.6781,1.79168,9.26621,5.18638,7.36975,2.98636,4.29868,3.23776,4.53257,1.64324,5.15407,4.34234,5.17945,2.21552,3.18949,2.46482,4.18533,1.60042,-2.38171
2024-12-17,6.67375,4.52307,7.6781,1.79168,9.16448,5.12944,7.28884,2.95357,4.77809,3.59939,5.03795,1.82566,5.15799,4.34564,5.18339,2.21721,4.06316,2.60804,5.11393,1.82933,-0.29746
2024-12-18,6.67375,4.52307,7.6781,1.79168,8.88816,4.97479,7.06908,2.86452,4.31356,3.24898,4.54826,1.6489,5.13579,4.32694,5.16108,2.20766,3.20591,2.46916,4.21721,1.60871,1.27014
2024-12-19,6.67375,4.52307,7.6781,1.79168,8.6713,4.85341,6.8966,2.79463,4.16232,3.13489,4.38882,1.59135,5.09931,4.29621,5.12442,2.19198,3.215,2.47152,4.23447,1.61318,0.94335
2024-12-20,6.67375,4.52307,7.6781,1.79168,8.43765,4.72263,6.71077,2.71933,3.92394,2.95508,4.13753,1.50064,5.07417,4.27502,5.09915,2.18117,3.17953,2.46214,4.16551,1.59525,-0.48517
2024-12-23,6.67375,4.52307,7.6781,1.79168,8.18892,4.58341,6.51294,2.63916,3.62294,2.72803,3.82023,1.38611,5.07058,4.272,5.09555,2.17963,3.14863,2.45361,4.10169,1.5785,-1.47869
2024-12-24,6.67375,4.52307,7.6781,1.79168,8.0186,4.48808,6.37748,2.58427,3.74673,2.8214,3.95072,1.43321,5.00861,4.21979,5.03327,2.15299,3.22919,2.47515,4.26083,1.61999,1.02627
2024-12-26,6.67375,4.52307,7.6781,1.79168,7.81335,4.3732,6.21424,2.51812,3.60748,2.71765,3.80283,1.38075,5.00829,4.21952,5.03295,2.15285,3.18943,2.46481,4.18521,1.60039,-0.26096
2024-12-27,6.67375,4.52307,7.6781,1.79168,7.57792,4.24143,6.02699,2.44225,3.32562,2.50492,3.50579,1.27346,4.99112,4.20505,5.01569,2.14547,3.14511,2.45261,4.09419,1.57653,0.12525
2024-12-30,6.67375,4.52307,7.6781,1.79168,7.34768,4.11257,5.84388,2.36805,3.07857,2.31847,3.24543,1.17943,4.97567,4.19203,5.00017,2.13883,3.13874,2.4508,4.08048,1.57291,4.28009
2024-12-31,6.67375,4.52307,7.6781,1.79168,7.83143,4.38333,6.22862,2.52395,5.6936,4.29204,6.00129,2.17478,5.10438,4.30048,5.12952,2.19416,14.09043,11.21032,14.15691,5.31636,0.45416
2025-01-02,6.67375,4.52307,7.6781,1.79168,7.6007,4.25418,6.04511,2.44959,5.10082,3.84466,5.37658,1.94915,5.13702,4.32798,5.16232,2.20819,9.78204,5.93129,9.7634,2.93404,2.24711
2025-01-03,6.67375,4.52307,7.6781,1.79168,7.56448,4.23391,6.0163,2.43792,5.24305,3.95201,5.52648,2.00329,5.16344,4.35023,5.18886,2.21955,9.22559,5.20092,9.1876,2.76035,-1.32681
2025-01-06,6.67375,4.52307,7.6781,1.79168,7.40304,4.14355,5.8879,2.38589,4.94185,3.7247,5.20906,1.88865,5.18683,4.36994,5.21237,2.2296,5.10879,2.71688,5.67268,1.95739,4.37913
2025-01-07,5.51579,4.34643,5.20593,1.79168,7.91165,4.42823,6.29242,2.54981,6.70741,5.05716,7.06969,2.56067,5.3249,4.48626,5.35112,2.28895,14.69306,11.91152,14.76567,5.87302,-1.27009
2025-01-08,5.51579,4.34643,5.20593,1.79168,7.73113,4.32719,6.14885,2.49163,6.13064,4.62188,6.46187,2.34113,5.2187,4.39679,5.2444,2.2433,12.10578,8.84642,12.14405,3.93763,-0.84475
2025-01-09,5.51579,4.34643,5.20593,1.79168,7.52306,4.21073,5.98336,2.42457,5.5416,4.17733,5.84111,2.11693,5.22389,4.40116,5.24961,2.24553,7.10076,3.1461,7.06722,2.25972,0.92093
2025-01-10,5.51579,4.34643,5.20593,1.79168,7.32738,4.10121,5.82773,2.3615,5.05418,3.80947,5.32743,1.9314,5.18487,4.36829,5.2104,2.22876,3.52757,2.53758,4.68771,1.72721,3.0014
2025-01-13,5.51579,4.34643,5.20593,1.79168,7.46143,4.17623,5.93434,2.4047,5.6889,4.28849,5.99633,2.17299,5.23181,4.40784,5.25758,2.24894,8.59414,4.36921,8.53143,2.58701,2.20429
2025-01-14,5.51579,4.34643,5.20593,1.79168,7.42559,4.15617,5.90584,2.39315,5.6643,4.26993,5.97041,2.16363,5.11362,4.30826,5.1388,2.19813,8.01554,3.71407,7.93544,2.44763,-1.22472
2025-01-15,5.51579,4.34643,5.20593,1.79168,7.2593,4.0631,5.77358,2.33956,5.25146,3.95835,5.53534,2.00649,5.12235,4.31561,5.14757,2.20188,4.02015,2.60343,5.0877,1.82317,2.03922
2025-01-16,5.51579,4.34643,5.20593,1.79168,7.20678,4.0337,5.73181,2.32264,5.24446,3.95308,5.52797,2.00383,5.14711,4.33647,5.17245,2.21253,4.13806,2.61586,5.15788,1.83962,-1.37097
2025-01-17,5.51579,4.34643,5.20593,1.79168,7.0645,3.95407,5.61865,2.27678,4.95927,3.73784,5.22741,1.89528,5.16391,4.35063,5.18933,2.21975,3.3631,2.50621,4.47939,1.67557,31.63662
2025-01-20,5.51579,4.34643,5.20593,1.79168,25.00156,13.9936,19.88464,8.05762,36.81858,27.78206,38.80239,14.02183,9.95128,8.38402,10.00028,4.27764,15.02382,12.2936,15.09941,6.2128,0.40352
2025-01-21,5.51579,4.34643,5.20593,1.79168,24.24185,13.56839,19.28042,7.81278,32.19379,24.29174,33.92856,12.26151,11.28784,9.51008,11.34342,4.85217,11.93806,8.64211,11.97325,3.84678,-14.6306
2025-01-22,6.67375,4.52307,6.91996,1.79168,26.00111,15.64299,20.8695,8.37976,32.85451,24.79038,34.62486,12.51299,11.95502,10.07219,12.01389,5.13896,15.02382,12.2936,15.09941,6.2128,-3.04348
2025-01-23,6.67375,4.52307,6.91996,1.79168,25.31492,15.23016,20.31874,8.15861,28.94585,21.84052,30.50571,11.02525,12.2215,10.2967,12.28168,5.25351,14.81108,12.04806,14.88478,5.99131,-0.28472
2025-01-24,6.67375,4.52307,6.91996,1.79168,24.54468,14.76676,19.70051,7.91038,25.31729,19.10204,26.68175,9.64412,12.22526,10.29987,12.28546,5.25513,11.27637,7.82776,11.29802,3.51948,-0.51617
2025-01-27,6.67375,4.52307,6.91996,1.79168,23.80018,14.31885,19.10295,7.67044,22.44745,16.85733,23.72315,8.52997,7.45943,6.28462,7.49616,3.2065,5.61255,2.78396,5.96574,2.0225,-1.37223
2025-01-28,6.67375,4.52307,6.91996,1.79168,23.09869,13.89681,18.53991,7.44436,19.75357,14.8337,20.87631,7.50723,7.46733,6.29128,7.5041,3.20989,3.52399,2.53696,4.68375,1.72624,-1.88326
2025-01-29,6.67375,4.52307,6.91996,1.79168,22.4407,13.50095,18.01178,7.2323,17.47119,13.11919,18.46435,6.64072,5.91328,4.98198,5.9424,2.54187,3.54487,2.54051,4.70659,1.73183,-0.64571
2025-01-30,6.67375,4.52307,6.91996,1.79168,21.7626,13.09299,17.46751,7.01376,15.35534,11.52978,16.22836,5.83743,5.8487,4.92757,5.8775,2.51411,3.1927,2.46568,4.19163,1.60206,-1.94323
2025-01-31,6.67375,4.52307,6.91996,1.79168,21.15126,12.72518,16.97682,6.81673,13.67776,10.26958,14.45552,5.20053,5.8619,4.93869,5.89077,2.51979,3.41411,2.51666,4.55015,1.69325,-1.60017
2025-02-03,6.67375,4.52307,6.91996,1.79168,20.54294,12.3592,16.48856,6.62068,12.1681,9.13554,12.86015,4.62739,5.88606,4.95904,5.91504,2.53017,3.33737,2.50066,4.44128,1.66599,3.82478
2025-02-04,6.67375,4.52307,6.91996,1.79168,20.12814,12.10965,16.15563,6.48699,11.57722,8.69167,12.23572,4.40306,5.96141,5.02252,5.99076,2.56256,12.84692,9.74012,12.89739,4.38229,-0.73465
2025-02-05,6.67375,4.52307,6.91996,1.79168,19.52294,11.74554,15.66987,6.29195,10.22762,7.67786,10.80949,3.89068,5.97744,5.03603,6.00687,2.56945,7.95282,3.65742,7.87215,2.43353,-0.74981
2025-02-06,6.67375,4.52307,6.91996,1.79168,18.93677,11.39289,15.19939,6.10303,9.05867,6.79975,9.57417,3.44688,5.96876,5.02872,5.99815,2.56572,3.59658,2.54893,4.76015,1.74488,0.46149
2025-02-07,6.67375,4.52307,6.91996,1.79168,18.36323,11.04783,14.73904,5.91819,8.01436,6.01527,8.47056,3.05041,5.93954,5.00411,5.96879,2.55316,3.18879,2.46464,4.18395,1.60006,0.27516
2025-02-10,6.67375,4.52307,6.91996,1.79168,17.80504,10.71201,14.29102,5.73829,7.09781,5.32676,7.50197,2.70244,5.91895,4.98676,5.94809,2.54431,3.14585,2.45282,4.09577,1.57694,1.67444
2025-02-11,6.67375,4.52307,6.91996,1.79168,17.30948,10.41386,13.89326,5.57858,6.58292,4.93998,6.95785,2.50696,5.81242,4.89701,5.84104,2.49852,3.28558,2.48891,4.35921,1.6452,1.40179
2025-02-12,6.67375,4.52307,6.91996,1.79168,16.81594,10.11694,13.49713,5.41952,6.06807,4.55323,6.41377,2.3115,5.82323,4.90611,5.8519,2.50316,3.25793,2.48229,4.31221,1.63319,1.59915
2025-02-13,6.67375,4.52307,6.91996,1.79168,16.3489,9.83596,13.12227,5.269,5.71032,4.28449,6.0357,2.17567,5.83707,4.91777,5.86581,2.50911,3.30393,2.49317,4.38914,1.6528,2.77862
2025-02-14,6.67375,4.52307,6.91996,1.79168,15.99092,9.62058,12.83493,5.15363,6.01913,4.51647,6.36205,2.29292,5.88806,4.96073,5.91705,2.53103,6.69943,3.01035,6.73171,2.1882,0.67262
2025-02-17,6.67375,4.52307,6.91996,1.79168,15.5122,9.33257,12.45069,4.99934,5.42071,4.06694,5.72965,2.06572,5.9109,4.97997,5.94,2.54085,3.39734,2.5133,4.52757,1.68763,-0.20614
2025-02-18,6.67375,4.52307,6.91996,1.79168,15.04045,9.04875,12.07205,4.84731,4.86127,3.64669,5.13844,1.85333,5.88806,4.96073,5.91706,2.53103,3.16515,2.45822,4.13626,1.58759,10.38458
2025-02-19,6.67375,4.52307,6.91996,1.79168,16.58121,9.97572,13.30873,5.34387,12.77767,9.59345,13.50433,4.85881,5.9745,5.03356,6.00392,2.56819,15.02382,12.2936,15.09941,6.2128,3.22512
2025-02-20,6.67375,4.52307,6.91996,1.79168,16.26189,9.7836,13.05242,5.24096,11.83454,8.88497,12.50765,4.50075,6.32138,5.32581,6.35251,2.7173,14.89115,12.14057,14.96557,6.0734,-5.34275
2025-02-21,6.67375,4.71762,7.05657,1.79168,16.28101,9.79511,13.06777,5.24712,12.12737,9.10494,12.81711,4.61193,6.34091,5.34226,6.37213,2.72569,15.02352,12.29326,15.0991,6.21248,-6.10297
2025-02-24,6.67375,5.34275,7.28746,1.79168,16.45243,9.89824,13.20536,5.30237,12.81336,9.62025,13.54204,4.87236,6.611,5.56981,6.64355,2.84179,15.02381,12.29359,15.0994,6.21278,-2.97966
2025-02-25,6.67375,5.34275,7.28746,1.79168,16.11119,9.69294,12.93146,5.19239,11.80271,8.84545,12.48729,4.48475,6.76226,5.69725,6.79555,2.90681,14.78155,12.01392,14.85498,5.96141,-0.6202
2025-02-26,6.67375,5.34275,7.28746,1.79168,15.62748,9.40193,12.54323,5.0365,10.35661,7.76105,10.95745,3.93622,5.95468,5.01686,5.984,2.55967,11.42907,8.01692,11.45405,3.59082,-0.20353
2025-02-27,6.67375,5.34275,7.28746,1.79168,15.1522,9.11598,12.16174,4.88332,9.08124,6.80468,9.60824,3.45246,5.86849,4.94424,5.89739,2.52262,5.5611,2.77634,5.93421,2.01555,0.81754
2025-02-28,6.67375,5.34275,7.28746,1.79168,14.70374,8.84618,11.80179,4.73879,8.03056,6.01679,8.49673,3.05392,5.62641,4.74029,5.65411,2.41856,3.33031,2.49911,4.43053,1.66328,-0.37689
2025-03-03,6.67375,5.34275,7.28746,1.79168,14.25868,8.57842,11.44457,4.59536,7.08524,5.30792,7.49667,2.69535,5.29374,4.46001,5.31981,2.27556,3.16246,2.45747,4.13069,1.58613,-1.02217
2025-03-04,6.67375,5.34275,7.28746,1.79168,13.84611,8.33021,11.11343,4.46239,6.37644,4.7764,6.74683,2.42649,5.21571,4.39427,5.24139,2.24202,3.17397,2.46064,4.1543,1.59232,3.95032
2025-03-05,6.67375,5.34275,7.28746,1.79168,13.75596,8.27597,11.04107,4.43334,7.30291,5.47114,7.72694,2.77791,5.31744,4.47998,5.34363,2.28575,13.07891,10.01702,13.13276,4.5373,-0.84265
2025-03-06,6.67375,5.34275,7.28746,1.79168,13.35226,8.03309,10.71705,4.30323,6.52367,4.88681,6.90259,2.48234,5.36399,4.5192,5.3904,2.30576,8.47621,4.22056,8.40894,2.55717,-0.08318
2025-03-07,6.67375,5.34275,7.28746,1.79168,12.94566,7.78847,10.39069,4.17219,5.77703,4.32692,6.11272,2.19913,5.3599,4.51575,5.38629,2.304,3.56068,2.54314,4.72341,1.73594,0.00693
2025-03-10,6.67375,5.34275,7.28746,1.79168,12.55128,7.5512,10.07414,4.04509,5.13799,3.84771,5.43667,1.95673,5.35828,4.51438,5.38466,2.3033,3.1761,2.46121,4.15861,1.59344,-1.15308
2025-03-11,6.67375,5.34275,7.28746,1.79168,12.20043,7.34012,9.79254,3.93201,4.79795,3.59273,5.07695,1.82775,5.35722,4.51349,5.3836,2.30284,3.18887,2.46466,4.1841,1.6001,2.01657
2025-03-12,6.67375,5.34275,7.28746,1.79168,11.92764,7.176,9.57359,3.8441,4.90601,3.67376,5.19126,1.86874,5.24357,4.41774,5.26939,2.25399,3.49409,2.53172,4.6497,1.71788,-1.58127
2025-03-13,6.67375,5.34275,7.28746,1.79168,11.62656,6.99486,9.33193,3.74706,4.78541,3.58333,5.06369,1.82299,5.26537,4.43611,5.2913,2.26336,3.34982,2.50337,4.45993,1.67068,-1.81584
2025-03-14,6.67375,5.34275,7.28746,1.79168,11.35654,6.83241,9.1152,3.66004,4.80949,3.60138,5.08915,1.83212,5.2942,4.4604,5.32026,2.27575,3.419,2.51763,4.55663,1.69486,0.06108
2025-03-17,6.67375,5.34275,7.28746,1.79168,11.01067,6.62433,8.83759,3.54857,4.31721,3.23223,4.56838,1.6454,5.30356,4.46828,5.32967,2.27978,3.16588,2.45842,4.13777,1.58799,1.97845
2025-03-18,6.67375,5.34275,7.28746,1.79168,10.78063,6.48592,8.65295,3.47443,4.5318,3.39315,4.79539,1.72679,5.31222,4.47558,5.33838,2.2835,3.44437,2.52254,4.58936,1.70298,-0.13748
2025-03-19,6.67375,5.34275,7.28746,1.79168,10.45273,6.28865,8.38976,3.36875,4.08716,3.05972,4.325,1.55814,5.28729,4.45458,5.31333,2.27279,3.1682,2.45906,4.14254,1.58924,0.16966
2025-03-20,6.67375,5.34275,7.28746,1.79168,10.13511,6.09757,8.13484,3.26639,3.71441,2.7802,3.93067,1.41674,5.26421,4.43513,5.29013,2.26286,3.14195,2.45172,4.0874,1.57473,0.73905
2025-03-21,6.67375,5.34275,7.28746,1.79168,9.8424,5.92146,7.89989,3.17206,3.50371,2.6222,3.70777,1.33683,5.16902,4.35493,5.19447,2.22194,3.15467,2.4553,4.11445,1.58186,-1.80526
2025-03-24,6.67375,5.34275,7.28746,1.79168,9.6407,5.80011,7.738,3.10705,3.87562,2.90109,4.10122,1.4779,5.18621,4.36942,5.21175,2.22934,3.32266,2.49741,4.41872,1.6603,0.86777
2025-03-25,6.67375,5.34275,7.28746,1.79168,9.37024,5.6374,7.52092,3.01989,3.67181,2.74826,3.8856,1.40059,5.14697,4.33636,5.17232,2.21247,3.18883,2.46465,4.18402,1.60008,-0.48307
2025-03-26,6.67375,5.34275,7.28746,1.79168,9.0922,5.47012,7.29776,2.93028,3.41148,2.55265,3.61057,1.30165,5.11857,4.31243,5.14377,2.20026,3.14974,2.45392,4.10404,1.57912,-0.43873
2025-03-27,6.67375,5.34275,7.28746,1.79168,8.82152,5.30727,7.0805,2.84304,3.19727,2.39205,3.38393,1.2204,5.11474,4.3092,5.13993,2.19861,3.14359,2.45218,4.09093,1.57567,0.33303
2025-03-28,6.67375,5.34275,7.28746,1.79168,8.55653,5.14784,6.8678,2.75764,2.99932,2.24363,3.1745,1.14533,5.11066,4.30576,5.13582,2.19686,3.14133,2.45154,4.08607,1.57438,-0.32382
2025-03-31,6.67375,5.34275,7.28746,1.79168,8.29951,4.99322,6.66151,2.67481,2.84542,2.12824,3.01167,1.08695,5.08028,4.28017,5.1053,2.1838,3.1402,2.45122,4.08363,1.57374,2.0908
2025-04-01,6.67375,5.34275,7.28746,1.79168,8.20208,4.9346,6.58331,2.64341,3.62638,2.71377,3.83793,1.38316,5.10293,4.29925,5.12805,2.19354,3.51524,2.53545,4.67394,1.72383,-1.27133
2025-04-02,6.67375,5.34275,7.28746,1.79168,8.01071,4.81946,6.4297,2.58173,3.65702,2.73674,3.87035,1.39478,5.1266,4.31919,5.15184,2.20371,3.26445,2.48388,4.32351,1.63608,1.02507
2025-04-03,6.67375,5.34275,7.28746,1.79168,7.80565,4.69609,6.26511,2.51564,3.55457,2.65993,3.76196,1.35592,5.13676,4.32775,5.16205,2.20808,3.19515,2.46633,4.19642,1.60331,-0.6692
2025-04-04,6.67375,5.34275,7.28746,1.79168,7.58493,4.5633,6.08796,2.44451,3.36765,2.51979,3.56419,1.28503,5.1324,4.32408,5.15767,2.2062,3.15728,2.45603,4.11992,1.5833,-3.28388
2025-04-07,6.67375,5.34275,7.28746,1.79168,7.76586,4.67216,6.23318,2.50282,4.97503,3.72492,5.26483,1.89468,5.20533,4.38553,5.23096,2.23756,9.10942,5.04695,9.06704,2.72666,-0.71504
2025-04-08,6.67375,5.34275,7.28746,1.79168,7.54887,4.54161,6.05902,2.43289,4.53852,3.39764,4.80299,1.72911,5.20375,4.38419,5.22937,2.23687,3.95579,2.59632,5.0468,1.81353,-1.10274
2025-04-09,6.67375,5.34275,7.28746,1.79168,7.36674,4.43203,5.91283,2.37419,4.29525,3.21525,4.54561,1.63685,5.19835,4.37965,5.22395,2.23456,3.2763,2.48671,4.34368,1.64124,-1.5758
2025-04-10,6.67375,5.34275,7.28746,1.79168,7.24204,4.35701,5.81274,2.334,4.31228,3.22802,4.56363,1.64331,5.20835,4.38807,5.234,2.23885,3.29061,2.49009,4.36751,1.64731,1.11914
2025-04-11,6.67375,5.34275,7.28746,1.79168,7.07275,4.25516,5.67686,2.27944,4.10599,3.07336,4.34537,1.56507,5.21831,4.39646,5.24401,2.24313,3.21043,2.47034,4.22583,1.61094,-1.20896
2025-04-14,6.67375,5.34275,7.28746,1.79168,6.91857,4.1624,5.55311,2.22975,3.99551,2.99052,4.22847,1.52316,5.12834,4.32066,5.15359,2.20446,3.20225,2.4682,4.21018,1.60688,0.87845
2025-04-15,6.67375,5.34275,7.28746,1.79168,6.74095,4.05554,5.41055,2.17251,3.7708,2.82205,3.99074,1.43793,5.13158,4.32339,5.15685,2.20585,3.17247,2.46022,4.15124,1.59152,-2.07921
2025-04-16,6.67375,5.34275,7.28746,1.79168,6.72393,4.0453,5.39689,2.16702,4.23759,3.17202,4.4846,1.61498,5.15194,4.34055,5.17731,2.2146,3.50148,2.53303,4.65826,1.71998,0.25966
2025-04-17,6.67375,5.34275,7.28746,1.79168,6.52208,3.92386,5.23487,2.10197,3.84599,2.87843,4.07029,1.46645,5.1409,4.33124,5.16622,2.20986,3.17512,2.46095,4.15663,1.59293,-1.15468
2025-04-21,6.67375,5.34275,7.28746,1.79168,6.384,3.84079,5.12405,2.05747,3.77089,2.82212,3.99083,1.43797,5.1382,4.32897,5.1635,2.2087,3.18885,2.46465,4.18406,1.60009,0.64899
2025-04-22,6.67375,5.34275,7.28746,1.79168,6.20914,3.73559,4.9837,2.00111,3.52552,2.63815,3.73122,1.3449,5.13159,4.3234,5.15686,2.20586,3.15721,2.45601,4.11978,1.58327,0.70995
2025-04-23,6.67375,5.34275,7.28746,1.79168,6.04412,3.63631,4.85125,1.94793,3.34444,2.50239,3.53964,1.27622,5.12872,4.32098,5.15397,2.20462,3.15555,2.45555,4.11631,1.58235,-1.27403
2025-04-24,6.67375,5.34275,7.28746,1.79168,5.93945,3.57334,4.76724,1.9142,3.44902,2.58079,3.65028,1.31589,5.09788,4.295,5.12298,2.19136,3.19873,2.46728,4.20339,1.60512,-0.99848
2025-04-25,6.67375,5.34275,7.28746,1.79168,5.80831,3.49444,4.66197,1.87193,3.39827,2.54417,3.59562,1.2963,5.10123,4.29782,5.12635,2.19281,3.21075,2.48656,4.20423,1.61491,-0.9688
2025-04-28,6.67375,5.34275,7.28746,1.79168,5.6793,3.41682,4.55842,1.83035,3.34776,2.50629,3.54219,1.27714,5.09808,4.29517,5.12318,2.19145,3.20493,2.48498,4.19248,1.61181,2.19652
2025-04-29,6.67375,5.34275,7.28746,1.79168,5.7538,3.46164,4.61822,1.85436,4.01351,3.00563,4.24639,1.5297,5.13008,4.32213,5.15534,2.20521,3.71177,2.58636,4.87986,1.78583,1.41052
2025-04-30,6.67375,5.34275,7.28746,1.79168,5.68059,3.4176,4.55946,1.83077,3.99738,2.99354,4.22933,1.52358,5.15514,4.34324,5.18052,2.21598,3.36932,2.52531,4.48136,1.6867,-1.98432
2025-05-01,6.67375,5.34275,7.28746,1.79168,5.7103,3.43547,4.58331,1.84034,4.32733,3.24101,4.57833,1.64874,5.173,4.35829,5.19847,2.22366,3.56702,2.56364,4.73671,1.75073,0.94721
2025-05-02,6.67375,5.34275,7.28746,1.79168,5.58295,3.35886,4.48109,1.7993,4.06068,3.04102,4.29629,1.54759,5.18014,4.36431,5.20565,2.22673,3.25493,2.49818,4.28943,1.63726,-0.2762
2025-05-05,6.67375,5.34275,7.28746,1.79168,5.41694,3.25898,4.34785,1.7458,3.70589,2.7749,3.921,1.413,5.17375,4.35892,5.19923,2.22398,3.18157,2.4785,4.14409,1.59898,0.30993
2025-05-06,6.67375,5.34275,7.28746,1.79168,5.2572,3.16288,4.21963,1.69431,3.41227,2.55467,3.61042,1.30161,5.12794,4.32032,5.15319,2.20429,3.17397,2.47635,4.12791,1.59467,-0.06418
2025-05-07,6.67375,5.34275,7.28746,1.79168,5.09728,3.06666,4.09127,1.64277,3.15502,2.36172,3.33831,1.20402,5.10889,4.30428,5.13405,2.1961,3.1701,2.47525,4.11956,1.59244,0.80987
2025-05-08,6.67375,5.34275,7.28746,1.79168,4.98018,2.99621,3.99728,1.60504,3.08565,2.30969,3.26494,1.17771,5.06842,4.27017,5.09337,2.1787,3.1903,2.48094,4.16242,1.60385,1.14122
2025-05-09,6.67375,5.34275,7.28746,1.79168,4.90575,2.95143,3.93754,1.58105,3.17188,2.37437,3.35615,1.21042,5.07062,4.27203,5.09559,2.17965,3.2207,2.48923,4.22401,1.62012,0.01721
2025-05-12,6.67375,5.34275,7.28746,1.79168,4.75632,2.86153,3.81761,1.53289,2.95736,2.21347,3.12925,1.12904,5.0736,4.27454,5.09858,2.18093,3.17573,2.47685,4.13166,1.59567,0.13184
2025-05-13,6.67375,5.34275,7.28746,1.79168,4.61251,2.77501,3.70218,1.48654,2.78705,2.08573,2.9491,1.06443,5.07118,4.27251,5.09615,2.17989,3.17088,2.47547,4.12126,1.59289,1.35325
2025-05-14,6.67375,5.34275,7.28746,1.79168,4.58875,2.76072,3.68311,1.47888,3.07318,2.30033,3.25175,1.17297,5.083,4.28246,5.10802,2.18497,3.24388,2.49534,4.26875,1.63186,0.2563
2025-05-15,6.67375,5.34275,7.28746,1.79168,4.45322,2.67918,3.57432,1.4352,2.89072,2.16349,3.05876,1.10376,5.08247,4.28202,5.1075,2.18474,3.18065,2.47824,4.14214,1.59846,-1.36727
2025-05-16,6.67375,5.34275,7.28746,1.79168,4.44085,2.67174,3.5644,1.43122,3.17538,2.377,3.35986,1.21175,5.08245,4.282,5.10747,2.18473,3.2423,2.49493,4.26576,1.63107,-1.16811
2025-05-19,6.67375,5.34275,7.28746,1.79168,4.39615,2.64484,3.52852,1.41681,3.26964,2.44769,3.45956,1.24751,5.09546,4.29296,5.12055,2.19033,3.2296,2.4916,4.24142,1.62469,-0.70824
2025-05-20,6.67375,5.34275,7.28746,1.79168,4.29608,2.58464,3.4482,1.38456,3.15377,2.36078,3.33699,1.20355,5.10338,4.29963,5.1285,2.19373,3.19179,2.48136,4.16552,1.60467,1.34031
2025-05-21,6.67375,5.34275,7.28746,1.79168,4.28796,2.40001,3.30776,1.38195,3.32397,2.48845,3.51703,1.26812,5.09889,4.29585,5.124,2.1918,3.24743,2.49626,4.27544,1.6336,-0.01638
2025-05-22,6.67375,5.34275,7.28746,1.79168,4.15735,2.32691,3.20701,1.33985,3.08155,2.30662,3.26061,1.17615,5.10416,4.30029,5.12929,2.19406,3.17874,2.4777,4.13809,1.59738,-1.48863
2025-05-23,6.67375,5.34275,7.28746,1.79168,4.18649,2.34322,3.22948,1.34924,3.38048,2.53083,3.5768,1.28955,5.10099,4.29762,5.12611,2.1927,3.26248,2.5001,4.30334,1.64088,-0.51966
2025-05-27,6.67375,5.34275,7.28746,1.79168,4.07812,2.28256,3.14588,1.31432,3.18618,2.3866,3.36993,1.2164,5.08718,4.28599,5.11223,2.18677,3.18838,2.48041,4.15841,1.60278,1.70271
2025-05-28,6.67375,5.34275,7.28746,1.79168,4.16028,2.32855,3.20927,1.3408,3.56052,2.66756,3.76573,1.35846,5.10251,4.2989,5.12764,2.19336,3.33161,2.51682,4.4223,1.67161,-0.64878
2025-05-29,6.67375,5.34275,7.28746,1.79168,4.06357,2.27442,3.13466,1.30963,3.36667,2.52207,3.56077,1.28489,5.09743,4.29462,5.12253,2.19117,3.20186,2.48414,4.18624,1.61016,-1.24837
2025-05-30,6.67375,5.34275,7.28746,1.79168,4.05242,2.26818,3.12606,1.30603,3.44961,2.58432,3.64845,1.31637,5.10643,4.30221,5.13158,2.19504,3.23094,2.49196,4.24401,1.62538,-0.97975
2025-06-02,6.67375,5.34275,7.28746,1.79168,3.99891,2.23823,3.08478,1.28879,3.39084,2.54021,3.58632,1.29406,5.09572,4.29318,5.12081,2.19044,3.20919,2.48613,4.20108,1.61408,1.82952
2025-06-03,6.67375,5.34275,7.28746,1.79168,4.1189,2.30539,3.17734,1.32746,3.78184,2.83367,3.99973,1.44244,5.11678,4.31092,5.14198,2.19949,3.39358,2.53056,4.51739,1.69585,-1.02678
2025-06-04,6.67375,5.34275,7.28746,1.79168,4.06896,2.27743,3.13881,1.31136,3.6673,2.74771,3.87863,1.39898,5.10699,4.30267,5.13214,2.19528,3.23835,2.4939,4.25825,1.62911,-0.47285
2025-06-05,6.67375,5.34275,7.28746,1.79168,3.96134,2.2172,3.0558,1.27668,3.41186,2.55599,3.60854,1.30204,5.10803,4.30355,5.13319,2.19573,3.18398,2.47918,4.14917,1.60033,0.75243
2025-06-06,6.67375,5.34275,7.28746,1.79168,3.883,2.17335,2.99537,1.25143,3.2671,2.44733,3.45548,1.24711,5.0976,4.29476,5.1227,2.19125,3.18938,2.48069,4.1605,1.60334,-0.93326
2025-06-09,6.67375,5.34275,7.28746,1.79168,3.83095,2.14422,2.95521,1.23466,3.23192,2.42094,3.41829,1.23376,5.09625,4.29363,5.12135,2.19067,3.19871,2.48327,4.17979,1.60845,4.46514
2025-06-10,6.67375,5.34275,7.28746,1.79168,5.03117,2.81599,3.88107,1.62147,6.00233,4.50027,6.34751,2.28509,5.20216,4.38286,5.22778,2.23619,14.5802,11.7326,14.65143,5.72238,-2.8493
2025-06-11,6.67375,5.34275,7.28746,1.79168,5.337,3.0225,4.12288,1.72003,6.29748,4.7218,6.65959,2.39709,5.31189,4.4753,5.33804,2.28336,14.59317,11.74767,14.66453,5.73459,0.88476
2025-06-12,6.67375,5.34275,7.28746,1.79168,5.21793,2.95506,4.03089,1.68166,5.67315,4.25321,5.99947,2.16017,5.34165,4.50038,5.36795,2.29615,11.2274,7.71142,11.24651,3.50352,1.58398
2025-06-13,6.67375,5.34275,7.28746,1.79168,5.20024,2.94505,4.01723,1.67596,5.37083,4.02629,5.67981,2.04544,5.35539,4.51196,5.38176,2.30206,8.01582,3.68711,7.93589,2.46639,-0.25873
2025-06-16,6.67375,5.34275,7.28746,1.79168,5.04565,2.8575,3.89781,1.62614,4.80385,3.60074,5.08033,1.83028,5.35491,4.51155,5.38128,2.30185,3.52264,2.55585,4.68629,1.73823,1.78394
2025-06-17,6.67375,5.34275,7.28746,1.79168,5.07636,2.87489,3.92153,1.63603,4.78071,3.58338,5.05586,1.8215,5.19024,4.37281,5.2158,2.23107,3.51084,2.55371,4.67227,1.73475,0.9143
2025-06-18,6.67375,5.34275,7.28746,1.79168,4.97053,2.81496,3.83978,1.60193,4.41907,3.31195,4.67349,1.68426,5.12813,4.32049,5.15338,2.20437,3.2451,2.49566,4.27106,1.63246,4.84914
2025-06-19,6.67375,5.34275,7.28746,1.79168,6.06688,3.43585,4.68671,1.95526,6.91336,5.18404,7.31076,2.63081,5.28061,4.44895,5.30661,2.26991,15.01176,12.23245,15.08706,6.14819,-0.63473
2025-06-20,6.67375,5.34275,7.28746,1.79168,5.90181,3.34236,4.55919,1.90206,6.15694,4.61631,6.51099,2.34376,5.33728,4.49669,5.36356,2.29427,11.86552,8.4995,11.89813,3.80987,-2.08
2025-06-23,6.67375,5.34275,7.28746,1.79168,5.93638,3.36194,4.5859,1.9132,5.98817,4.48964,6.33254,2.27971,5.36514,4.52016,5.39155,2.30625,10.33258,6.58256,10.32875,3.13952,0.51147
2025-06-24,6.67375,5.34275,7.28746,1.79168,5.76865,3.26695,4.45633,1.85915,5.34917,4.01004,5.65691,2.03722,5.35178,4.50891,5.37813,2.30051,4.66526,2.69062,5.46564,1.92449,-2.49511
2025-06-25,6.67375,5.34275,7.28746,1.79168,5.90567,3.34455,4.56218,1.90331,5.6147,4.2089,5.93802,2.13792,5.38162,4.53405,5.40812,2.31333,6.42207,2.95322,6.53407,2.16257,0.36585
2025-06-26,6.67375,5.34275,7.28746,1.79168,5.73251,3.24648,4.42841,1.8475,5.0193,3.76206,5.30845,1.91199,5.18412,4.36766,5.20965,2.22844,3.36266,2.52384,4.4712,1.68411,0.05639
2025-06-27,6.67375,5.34275,7.28746,1.79168,5.55804,3.14768,4.29363,1.79127,4.49775,3.37065,4.75697,1.71408,5.17893,4.36328,5.20443,2.22621,3.19081,2.48109,4.16348,1.60413,-0.12611
2025-06-30,6.67375,5.34275,7.28746,1.79168,5.38957,3.05227,4.16349,1.73698,4.06111,3.04296,4.29527,1.54838,5.13754,4.32841,5.16284,2.20841,3.17243,2.47591,4.12458,1.59378,0.40184
2025-07-01,6.67375,5.34275,7.28746,1.79168,5.2343,2.96433,4.04354,1.68693,3.71876,2.78603,3.93327,1.41847,5.13519,4.32643,5.16047,2.2074,3.17471,2.47656,4.12949,1.59509,-0.47308
2025-07-02,6.67375,5.34275,7.28746,1.79168,5.08756,2.88123,3.93019,1.63964,3.45546,2.58843,3.65487,1.31856,5.0767,4.27716,5.1017,2.18226,3.17576,2.47686,4.13174,1.59569,0.02532
2025-07-03,6.67375,5.34275,7.28746,1.79168,4.93261,2.79348,3.81048,1.58971,3.19022,2.38938,3.37441,1.21791,5.07401,4.27489,5.099,2.18111,3.17032,2.47531,4.12005,1.59257,0.87725
2025-07-04,6.67375,5.34275,7.28746,1.79168,4.8286,2.73458,3.73013,1.55618,3.13732,2.34967,3.31847,1.19784,5.0786,4.27875,5.1036,2.18308,3.19444,2.48209,4.17102,1.60613,-0.21656
2025-07-07,6.67375,5.34275,7.28746,1.79168,4.68439,2.65291,3.61873,1.50971,2.94323,2.20401,3.11324,1.12419,5.08127,4.28101,5.10629,2.18423,3.17362,2.47625,4.12716,1.59447,0.4321
2025-07-08,6.67375,5.34275,7.28746,1.79168,4.55355,2.5788,3.51765,1.46754,2.8149,2.10771,2.97755,1.07549,5.08079,4.2806,5.10581,2.18402,3.17562,2.47682,4.13144,1.59561,-0.21779
2025-07-09,6.67375,5.34275,7.28746,1.79168,4.41793,2.502,3.41289,1.42383,2.68476,2.01003,2.83993,1.0261,5.07903,4.27912,5.10404,2.18326,3.17129,2.47559,4.12213,1.59313,-0.71506
2025-07-10,6.67375,5.34275,7.28746,1.79168,4.31768,2.44523,3.33545,1.39152,2.70593,2.02592,2.86232,1.03414,5.06976,4.27131,5.09472,2.17928,3.18364,2.47908,4.14846,1.60014,-0.51525
2025-07-11,6.67375,5.34275,7.28746,1.79168,4.20442,2.38109,3.24795,1.35502,2.65778,1.98979,2.8114,1.01587,5.06061,4.2636,5.08552,2.17534,3.17813,2.47753,4.1368,1.59704,1.65219
2025-07-14,6.67375,5.34275,7.28746,1.79168,4.26537,2.4156,3.29504,1.37467,3.17922,2.38112,3.36278,1.21374,5.07938,4.27941,5.10439,2.18341,3.31121,2.51204,4.38869,1.66298,-0.73005
2025-07-15,6.67375,5.34275,7.28746,1.79168,4.17249,2.363,3.22329,1.34473,3.09063,2.31464,3.2691,1.18012,5.08901,4.28753,5.11407,2.18755,3.20369,2.48464,4.18997,1.61114,0.70662
2025-07-16,6.67375,5.34275,7.28746,1.79168,4.08087,2.31112,3.15251,1.3152,3.00155,2.24778,3.17491,1.14632,5.09377,4.29154,5.11885,2.1896,3.19002,2.48087,4.16184,1.60369,0.5794
2025-07-17,6.67375,5.34275,7.28746,1.79168,3.98099,2.25455,3.07535,1.28301,2.89511,2.1679,3.06236,1.10593,5.0908,4.28903,5.11586,2.18832,3.18252,2.47877,4.14611,1.59951,1.35298
2025-07-18,6.67375,5.34275,7.28746,1.79168,3.99434,2.26211,3.08567,1.28732,3.14635,2.35645,3.32802,1.20127,5.1014,4.29797,5.12652,2.19288,3.24699,2.49614,4.27462,1.63339,-0.21816
2025-07-21,6.67375,5.34275,7.28746,1.79168,3.87621,2.19521,2.9944,1.24924,2.95071,2.20963,3.12115,1.12702,5.06639,4.26847,5.09134,2.17783,3.17986,2.47802,4.14047,1.59802,-0.40471
2025-07-22,6.67375,5.34275,7.28746,1.79168,3.77069,2.13545,2.91289,1.21524,2.8231,2.11386,2.98622,1.0786,5.06225,4.26498,5.08718,2.17605,3.17483,2.4766,4.12973,1.59516,-2.26022
2025-07-23,6.67375,5.34275,7.28746,1.79168,4.03931,2.42124,3.14268,1.30181,3.77396,2.82746,3.99164,1.43942,5.09034,4.28865,5.11541,2.18813,3.6997,2.5846,4.86901,1.78319,-1.5639
2025-07-24,6.67375,5.34275,7.28746,1.79168,4.09266,2.45322,3.18419,1.319,3.93037,2.94403,4.15775,1.49848,5.11136,4.30635,5.13653,2.19716,3.41032,2.53408,4.54138,1.70192,0.79433
2025-07-25,6.67375,5.34275,7.28746,1.79168,4.01365,2.40585,3.12271,1.29354,3.69203,2.76521,3.90569,1.40805,5.10241,4.29881,5.12753,2.19331,3.22267,2.48976,4.22789,1.62114,-0.39785
2025-07-28,6.67375,5.34275,7.28746,1.79168,3.90311,2.33959,3.03671,1.25791,3.41648,2.55848,3.61428,1.30351,5.10511,4.30109,5.13025,2.19448,3.18011,2.47809,4.141,1.59816,0.64619
2025-07-29,6.67375,5.34275,7.28746,1.79168,3.81594,2.28734,2.96889,1.22982,3.24034,2.42633,3.428,1.23668,5.10694,4.30263,5.13208,2.19526,3.18376,2.47912,4.14872,1.60021,0.66792
2025-07-30,6.67375,5.34275,7.28746,1.79168,3.73436,2.23844,2.90542,1.20353,3.10721,2.32644,3.2872,1.18617,5.06202,4.26479,5.08695,2.17595,3.18525,2.47953,4.15185,1.60104,-0.49117
2025-07-31,6.67375,5.34275,7.28746,1.79168,3.63979,2.18175,2.83184,1.17305,2.96588,2.22041,3.13773,1.13254,5.04132,4.24735,5.06615,2.16705,3.17767,2.4774,4.13581,1.59677,-0.24368
2025-08-01,6.67375,5.34275,7.28746,1.79168,3.53376,2.1182,2.74935,1.13888,2.80816,2.10208,2.97094,1.0727,5.03627,4.24309,5.06107,2.16488,3.17184,2.47575,4.12332,1.59344,-0.33581
2025-08-04,6.67375,5.34275,7.28746,1.79168,3.4356,2.05936,2.67298,1.10724,2.69782,2.0193,2.85424,1.03084,5.03571,4.24262,5.06051,2.16464,3.17244,2.47592,4.12461,1.59379,-1.34082
2025-08-05,6.67375,5.34275,7.28746,1.79168,3.48334,2.08798,2.71012,1.12263,3.03298,2.27075,3.2087,1.158,5.044,4.2496,5.06884,2.16821,3.2363,2.49336,4.25432,1.62808,0.09035
2025-08-06,6.67375,5.34275,7.28746,1.79168,3.37793,2.02479,2.6281,1.08865,2.84617,2.1306,3.01113,1.08712,5.04592,4.25122,5.07076,2.16903,3.17784,2.47745,4.13618,1.59687,0.13929
2025-08-07,6.67375,5.34275,7.28746,1.79168,3.27673,1.96413,2.54937,1.05604,2.69931,2.02041,2.85582,1.0314,5.04361,4.24927,5.06844,2.16804,3.17121,2.47557,4.12196,1.59308,0.24171
2025-08-08,6.67375,5.34275,7.28746,1.79168,3.18222,1.90748,2.47584,1.02558,2.59252,1.94029,2.74288,0.99089,5.04347,4.24916,5.0683,2.16798,3.17153,2.47566,4.12265,1.59327,-0.20029
2025-08-11,6.67375,5.34275,7.28746,1.79168,3.08903,1.85162,2.40333,0.99555,2.50868,1.87739,2.65422,0.95908,5.04251,4.24835,5.06734,2.16757,3.17059,2.47539,4.12063,1.59273,0.1636
2025-08-12,6.67375,5.34275,7.28746,1.79168,2.9975,1.79676,2.33213,0.96605,2.43592,1.8228,2.57726,0.93147,5.0251,4.23368,5.04985,2.16008,3.17052,2.47537,4.12047,1.59268,-1.39856
2025-08-13,6.67375,5.34275,7.28746,1.79168,3.09448,1.85488,2.40758,0.9973,2.89933,2.17048,3.06736,1.1073,5.03692,4.24364,5.06172,2.16516,3.24442,2.49548,4.26978,1.63213,-0.04394
2025-08-14,6.67375,5.34275,7.28746,1.79168,3.00039,1.79849,2.33438,0.96698,2.73897,2.05016,2.89776,1.04645,5.04319,4.24892,5.06802,2.16786,3.17842,2.47761,4.13741,1.5972,-1.11776
2025-08-15,6.67375,5.34275,7.28746,1.79168,3.0305,1.81654,2.3578,0.97668,2.93237,2.19527,3.10229,1.11983,5.05096,4.25547,5.07583,2.1712,3.21166,2.48681,4.20606,1.61539,1.16859
2025-08-18,6.67375,5.34275,7.28746,1.79168,3.06949,1.8399,2.38813,0.98925,3.07658,2.30346,3.25481,1.17454,5.06412,4.26655,5.08905,2.17685,3.22833,2.49126,4.23894,1.62405,0.0776
2025-08-19,6.67375,5.34275,7.28746,1.79168,2.97656,1.68571,2.29832,0.9593,2.88081,2.15658,3.04776,1.10027,5.06742,4.26934,5.09238,2.17827,3.17685,2.47717,4.13406,1.59631,-1.06395
2025-08-20,6.67375,5.34275,7.28746,1.79168,2.99704,1.69731,2.31413,0.9659,3.00579,2.25035,3.17995,1.14769,5.05623,4.25991,5.08113,2.17346,3.20651,2.48541,4.19568,1.61265,-0.34226
2025-08-21,6.67375,5.34275,7.28746,1.79168,2.91736,1.65218,2.25261,0.94022,2.85486,2.13712,3.02033,1.09042,5.06083,4.26379,5.08575,2.17544,3.17696,2.4772,4.1343,1.59637,0.70668
2025-08-22,6.67375,5.34275,7.28746,1.79168,2.87903,1.63048,2.22301,0.92787,2.81521,2.10777,2.97826,1.07489,5.03862,4.24507,5.06343,2.16589,3.18601,2.47975,4.15344,1.60146,-1.36956
2025-08-25,6.67375,5.34275,7.28746,1.79168,2.97909,1.68715,2.30028,0.96012,3.12604,2.34098,3.30697,1.19282,5.03844,4.24492,5.06325,2.16581,3.24404,2.49538,4.26906,1.63194,0.8583
2025-08-26,6.67375,5.34275,7.28746,1.79168,2.96109,1.67695,2.28637,0.95431,3.08132,2.30742,3.25968,1.17585,5.04959,4.25431,5.07445,2.17061,3.20519,2.48505,4.19301,1.61195,-0.15603
2025-08-27,6.67375,5.34275,7.28746,1.79168,2.87333,1.62725,2.21861,0.92603,2.89084,2.16451,3.05824,1.10359,5.04117,4.24722,5.06599,2.16699,3.17437,2.47647,4.12876,1.59489,0.91018
2025-08-28,6.67375,5.34275,7.28746,1.79168,2.8704,1.62559,2.21635,0.92509,2.92394,2.18935,3.09325,1.11614,5.04559,4.25094,5.07043,2.16889,3.19736,2.4829,4.17702,1.60772,0.22067
2025-08-29,6.67375,5.34275,7.28746,1.79168,2.78801,1.57893,2.15273,0.89853,2.76743,2.07192,2.92773,1.05676,5.04364,4.2493,5.06847,2.16805,3.17454,2.47651,4.12911,1.59499,-0.35002
2025-09-01,6.67375,5.34275,7.28746,1.79168,2.71613,1.53822,2.09723,0.87537,2.66748,1.99692,2.82202,1.01884,5.02618,4.23459,5.05093,2.16054,3.17304,2.47609,4.12591,1.59413,0.27274
2025-09-02,6.67375,5.34275,7.28746,1.79168,2.64153,1.49598,2.03963,0.85133,2.57079,1.92438,2.71977,0.98215,5.01987,4.22928,5.04459,2.15783,3.17223,2.47586,4.12417,1.59367,-0.69989
2025-09-03,6.67375,5.34275,7.28746,1.79168,2.61572,1.48136,2.0197,0.84301,2.61605,1.95834,2.76764,0.99932,5.02323,4.23211,5.04797,2.15928,3.18312,2.47894,4.14737,1.59985,1.69348
2025-09-04,6.67375,5.34275,7.28746,1.79168,2.84397,1.61062,2.19594,0.91657,3.18858,2.3879,3.37311,1.21655,5.0356,4.24253,5.0604,2.1646,3.3262,2.51556,4.4135,1.66936,0.98746
2025-09-05,6.67375,5.34275,7.28746,1.79168,2.85764,1.61837,2.2065,0.92097,3.18019,2.38161,3.36425,1.21337,5.05184,4.25621,5.07672,2.17158,3.22879,2.49139,4.23985,1.62428,-1.16729
2025-09-08,6.67375,5.34275,7.28746,1.79168,2.90917,1.64755,2.24628,0.93758,3.2727,2.45101,3.46208,1.24847,5.06344,4.26598,5.08837,2.17656,3.22687,2.49088,4.2361,1.6233,0.51496
2025-09-09,6.67375,5.34275,7.28746,1.79168,2.84757,1.61266,2.19872,0.91773,3.09395,2.3169,3.27304,1.18065,5.06922,4.27085,5.09418,2.17905,3.18517,2.47951,4.15168,1.601,-0.50972
2025-09-10,6.67375,5.34275,7.28746,1.79168,2.78787,1.57885,2.15262,0.89849,2.95909,2.21572,3.13042,1.12948,5.06715,4.26911,5.0921,2.17816,3.17818,2.47755,4.1369,1.59706,-0.88843
2025-09-11,6.67375,5.34275,7.28746,1.79168,2.786,1.57779,2.15119,0.89789,2.98078,2.23199,3.15336,1.13771,5.0456,4.25096,5.07045,2.16889,3.19388,2.48194,4.16984,1.60581,-1.57071
2025-09-12,6.67375,5.34275,7.28746,1.79168,2.95318,1.67247,2.28027,0.95177,3.36437,2.51979,3.55903,1.28325,5.05465,4.25858,5.07954,2.17278,3.28475,2.50565,4.34325,1.65124,0.46153
2025-09-15,6.67375,5.34275,7.28746,1.79168,2.88462,1.63365,2.22733,0.92967,3.15639,2.36375,3.33907,1.20434,5.05141,4.25585,5.07629,2.17139,3.19045,2.48099,4.16274,1.60393,1.72787
2025-09-16,6.67375,5.34275,7.28746,1.79168,3.08973,1.7498,2.3857,0.99577,3.56146,2.66766,3.76745,1.35803,5.0694,4.271,5.09436,2.17912,3.34138,2.51906,4.43796,1.67563,0.88279
2025-09-17,6.67375,5.34275,7.28746,1.79168,3.06982,1.73853,2.37033,0.98936,3.42784,2.56741,3.62614,1.30733,5.08166,4.28133,5.10668,2.18439,3.22122,2.48937,4.22502,1.62039,0.78671
2025-09-18,6.67375,5.34275,7.28746,1.79168,3.03577,1.71924,2.34404,0.97838,3.29082,2.46461,3.48124,1.25534,5.08096,4.28075,5.10598,2.18409,3.19703,2.48281,4.17634,1.60754,-0.60207
2025-09-19,6.67375,5.34275,7.28746,1.79168,2.97864,1.68689,2.29993,0.95997,3.13855,2.35036,3.3202,1.19757,5.06093,4.26387,5.08585,2.17548,3.18281,2.47885,4.14672,1.59968,-2.10236
2025-09-22,6.67375,5.34275,7.28746,1.79168,3.30048,1.97837,2.62516,1.0637,3.83621,2.87583,4.05628,1.46282,5.08156,4.28125,5.10659,2.18435,3.52659,2.55656,4.69091,1.73938,0.12982
2025-09-23,6.67375,5.34275,7.28746,1.79168,3.20146,1.91901,2.5464,1.03178,3.50355,2.62607,3.70463,1.33656,5.06767,4.26954,5.09262,2.17838,3.2053,2.48508,4.19323,1.61201,-0.14113
2025-09-24,6.67375,5.34275,7.28746,1.79168,3.10578,1.86166,2.4703,1.00095,3.23256,2.4226,3.41816,1.23371,5.05906,4.26229,5.08397,2.17468,3.17428,2.47644,4.12856,1.59484,0.84289
2025-09-25,6.67375,5.34275,7.28746,1.79168,3.07856,1.84534,2.44865,0.99217,3.15709,2.36594,3.33839,1.20506,5.05754,4.26101,5.08244,2.17403,3.19295,2.48168,4.16793,1.60531,0.6506
2025-09-26,6.67375,5.34275,7.28746,1.79168,3.02546,1.81351,2.40641,0.97506,3.03647,2.27538,3.21088,1.15928,5.05939,4.26257,5.0843,2.17482,3.18583,2.4797,4.15308,1.60137,-0.15319
2025-09-29,6.67375,5.34275,7.28746,1.79168,2.9356,1.75965,2.33494,0.9461,2.85468,2.13889,3.01871,1.09028,5.01733,4.22714,5.04204,2.15674,3.17199,2.47579,4.12364,1.59353,-0.66262
2025-09-30,6.67375,5.34275,7.28746,1.79168,2.89038,1.73255,2.29897,0.93153,2.8166,2.11029,2.97845,1.07583,5.02028,4.22962,5.045,2.15801,3.18155,2.4785,4.14405,1.59897,0.93931
2025-10-01,6.67375,5.34275,7.28746,1.79168,2.89184,1.73342,2.30013,0.93199,2.88052,2.15828,3.04602,1.10009,5.02768,4.23586,5.05244,2.16119,3.20072,2.48382,4.18392,1.60954,1.17745
2025-10-02,6.67375,5.34275,7.28746,1.79168,2.94309,1.76414,2.3409,0.94851,3.04129,2.27899,3.21597,1.16111,5.03341,4.24068,5.05819,2.16365,3.22705,2.49093,4.23646,1.62339,0.03202
2025-10-03,6.67375,5.34275,7.28746,1.79168,2.85354,1.71046,2.26967,0.91965,2.8516,2.13657,3.01545,1.08911,5.03377,4.24099,5.05856,2.16381,3.1765,2.47707,4.13332,1.59611,-0.94062
2025-10-06,6.67375,5.34275,7.28746,1.79168,2.85749,1.71283,2.27281,0.92092,2.92272,2.18997,3.09064,1.11611,5.0378,4.24438,5.0626,2.16554,3.19699,2.4828,4.17627,1.60752,1.33715
2025-10-07,6.67375,5.34275,7.28746,1.79168,2.95096,1.76886,2.34715,0.95105,3.1584,2.36692,3.33976,1.20556,5.04835,4.25327,5.07321,2.17008,3.24828,2.49647,4.27703,1.63402,0.02028
2025-10-08,6.67375,5.34275,7.28746,1.79168,2.8611,1.71499,2.27568,0.92209,2.94608,2.20751,3.11532,1.12497,5.04506,4.2505,5.0699,2.16866,3.17889,2.47774,4.1384,1.59746,0.78646
2025-10-09,6.67375,5.34275,7.28746,1.79168,2.83761,1.70091,2.257,0.91452,2.91684,2.18555,3.08441,1.11387,5.03566,4.24257,5.06045,2.16462,3.19041,2.48098,4.16266,1.60391,-1.47272
2025-10-10,6.67375,5.34275,7.28746,1.79168,2.16059,1.68208,2.08035,0.95724,3.25689,2.44087,3.44389,1.24294,5.05267,4.25691,5.07755,2.17193,3.26294,2.50022,4.30418,1.6411,-3.73636
2025-10-13,6.67375,5.34275,7.28746,1.79168,4.04436,2.42426,3.29895,1.30343,5.3334,3.99994,5.63896,2.03109,5.14691,4.33631,5.17225,2.21244,11.99908,8.66287,12.03426,3.87957,0.10092
2025-10-14,6.67375,5.34275,7.28746,1.79168,3.9219,2.35086,3.19907,1.26397,4.75701,3.56719,5.02966,1.81232,5.1757,4.36056,5.20119,2.22482,6.21977,2.90927,6.38799,2.1308,-0.34775
2025-10-15,6.67375,5.34275,7.28746,1.79168,3.8116,2.28474,3.10909,1.22842,4.29103,3.21732,4.53707,1.63545,5.17641,4.36116,5.2019,2.22512,3.34364,2.51957,4.44155,1.67654,-0.45711
2025-10-16,6.67375,5.34275,7.28746,1.79168,3.71178,2.2249,3.02767,1.19625,3.91871,2.93778,4.14349,1.49414,5.17043,4.35612,5.19589,2.22255,3.19547,2.48238,4.17314,1.60669,0.1016
2025-10-17,6.67375,5.34275,7.28746,1.79168,3.59953,2.15762,2.93611,1.16007,3.57075,2.67652,3.77566,1.36207,5.15003,4.33894,5.17539,2.21378,3.1731,2.47611,4.12603,1.59417,-1.55991
2025-10-20,6.67375,5.34275,7.28746,1.79168,3.68576,2.20931,3.00645,1.18786,3.76535,2.82263,3.98137,1.43593,5.03154,4.2391,5.05631,2.16285,3.27529,2.50332,4.3265,1.6469,3.45417
2025-10-21,6.67375,5.34275,7.28746,1.79168,4.43418,2.65793,3.61693,1.42907,5.28588,3.96287,5.58985,2.01285,5.11478,4.30924,5.13997,2.19863,10.68635,7.08782,10.69469,3.29005,2.57958
2025-10-22,6.67375,5.34275,7.28746,1.79168,4.72505,2.83228,3.85419,1.52281,5.58579,4.18798,5.90696,2.12667,5.19647,4.37806,5.22205,2.23374,11.39779,7.97597,11.42279,3.60288,1.31666
2025-10-23,6.67375,5.34275,7.28746,1.79168,4.68913,2.81075,3.82489,1.51124,5.19908,3.89772,5.49808,1.97991,5.22848,4.40503,5.25422,2.24751,7.45312,3.32338,7.38957,2.34544,0.22874
2025-10-24,6.67375,3.73636,7.00037,1.79168,3.30954,2.57657,3.38224,1.46627,4.65223,3.48728,4.9199,1.77239,5.23452,4.41012,5.2603,2.2501,3.44946,2.53591,4.58591,1.71122,-0.91317
2025-10-27,6.67375,3.73636,7.00037,1.79168,3.2482,2.52881,3.31955,1.43909,4.32328,3.24037,4.57209,1.64755,5.21693,4.3953,5.24262,2.24254,3.23035,2.48636,4.24226,1.62307,0.6949
2025-10-28,6.67375,3.73636,7.00037,1.79168,3.17259,2.46995,3.24228,1.40559,3.98768,2.98848,4.21726,1.5202,5.10912,4.30447,5.13428,2.1962,3.1898,2.47551,4.16275,1.60212,0.69561
2025-10-29,6.67375,3.73636,7.00037,1.79168,3.09989,2.41336,3.16799,1.37338,3.71408,2.78313,3.92798,1.41637,5.04968,4.25439,5.07455,2.17065,3.18398,2.47391,4.15086,1.59896,-0.72621
2025-10-30,6.67375,3.73636,7.00037,1.79168,3.03216,2.36062,3.09876,1.34338,3.51154,2.63111,3.71383,1.33951,5.03783,4.24441,5.06264,2.16555,3.18247,2.47349,4.14776,1.59814,0.78721
2025-10-31,6.67375,3.28388,6.62838,1.79168,2.88348,2.30327,2.92568,1.31665,3.35783,2.51574,3.55131,1.28118,5.04287,4.24865,5.0677,2.16772,3.18776,2.47495,4.15861,1.60102,0.98589
2025-11-03,6.67375,3.28388,6.62838,1.79168,2.84523,2.27271,2.88687,1.29918,3.30838,2.47862,3.49903,1.26241,5.04272,4.24853,5.06755,2.16766,3.2027,2.47903,4.18868,1.60898,-1.50188
2025-11-04,6.67375,3.28388,6.62838,1.79168,2.8738,2.29553,2.91585,1.31222,3.5445,2.65585,3.74868,1.35202,5.05703,4.26058,5.08193,2.17381,3.27161,2.49682,4.31741,1.64268,-0.19514
2025-11-05,6.67375,3.28388,6.62838,1.79168,2.78821,2.22717,2.82902,1.27315,3.27251,2.4517,3.4611,1.2488,5.05981,4.26292,5.08472,2.175,3.17828,2.47233,4.13908,1.59583,0.97229
2025-11-06,6.67375,3.28388,6.62838,1.79168,2.75313,2.19915,2.79343,1.25713,3.23761,2.42551,3.4242,1.23555,5.06017,4.26323,5.08509,2.17516,3.19983,2.47825,4.18297,1.60747,1.3432
2025-11-07,6.10297,3.20515,6.05028,1.79168,2.7648,2.20847,2.80527,1.26246,3.38507,2.53618,3.58011,1.29151,5.0699,4.27143,5.09486,2.17934,3.24886,2.49112,4.27666,1.63207,0.46371
2025-11-10,6.10297,3.20515,6.05028,1.79168,2.69209,2.15039,2.73149,1.22926,3.1752,2.37866,3.35821,1.21187,5.06778,4.26964,5.09273,2.17843,3.18243,2.47348,4.14767,1.59812,0.87488
2025-11-11,6.10297,3.20515,6.05028,1.79168,2.65194,2.11832,2.69075,1.21092,3.1254,2.34128,3.30556,1.19297,5.05046,4.25505,5.07533,2.17098,3.19329,2.47647,4.16983,1.60399,-0.33725
2025-11-12,6.10297,3.20515,6.05028,1.79168,2.57751,2.05887,2.61523,1.17693,2.95059,2.21008,3.12073,1.12663,5.04426,4.24982,5.06909,2.16832,3.17128,2.47037,4.12446,1.59194,-1.88624
2025-11-13,6.10297,3.20515,6.05028,1.79168,2.69607,2.15357,2.73553,1.23107,3.55776,2.6658,3.7627,1.35705,5.06011,4.26317,5.08502,2.17513,3.38377,2.52252,4.49611,1.68854,0.09732
2025-11-14,6.10297,3.04348,6.02334,1.79168,2.61446,2.08838,2.65272,1.19381,3.27523,2.45375,3.46398,1.24983,5.05486,4.25876,5.07975,2.17288,3.1889,2.47527,4.16092,1.60163,-0.17403
2025-11-17,6.10297,3.04348,6.02334,1.79168,2.53653,2.02613,2.57366,1.15822,3.05116,2.28556,3.22707,1.1648,5.05288,4.25708,5.07776,2.17202,3.16855,2.4696,4.1187,1.59041,1.5177
2025-11-18,6.10297,3.04348,6.02334,1.79168,2.59052,2.06926,2.62844,1.18288,3.3528,2.51196,3.54599,1.27927,5.06148,4.26433,5.08641,2.17572,3.27383,2.49737,4.3213,1.64369,-0.03965
2025-11-19,6.10297,3.04348,6.02334,1.79168,2.51169,2.00629,2.54845,1.14688,3.10169,2.32401,3.27985,1.18469,5.05798,4.26138,5.08288,2.17421,3.17757,2.47213,4.13761,1.59544,1.02994
2025-11-20,6.10297,3.04348,6.02334,1.79168,2.49707,1.99461,2.53361,1.1402,3.13051,2.34565,3.31031,1.19563,5.02268,4.23164,5.04741,2.15904,3.20463,2.47955,4.19252,1.60999,0.07931
2025-11-21,6.10297,3.04348,6.02334,1.79168,2.42137,1.93415,2.45681,1.10564,2.92648,2.19245,3.09463,1.11819,5.02187,4.23096,5.0466,2.15869,3.17008,2.47003,4.12193,1.59127,0.33824
2025-11-24,6.10297,3.04348,6.02334,1.79168,2.35461,1.88082,2.38907,1.07515,2.78597,2.08695,2.9461,1.06485,5.02123,4.23042,5.04596,2.15842,3.16918,2.46978,4.12004,1.59076,-0.48291
2025-11-25,6.10297,3.04348,6.02334,1.79168,2.29753,1.83522,2.33115,1.04909,2.71251,2.0318,2.86845,1.03697,5.00062,4.21306,5.02524,2.14956,3.17145,2.47041,4.12482,1.59204,-0.58426
2025-11-26,6.10297,3.04348,6.02334,1.79168,2.24948,1.79684,2.2824,1.02715,2.68387,2.01029,2.83818,1.0261,5.00325,4.21527,5.02789,2.15069,3.17488,2.47138,4.13199,1.59395,3.01227
2025-11-27,6.10297,3.04348,6.02334,1.79168,2.71435,2.16817,2.75408,1.23942,4.3221,3.24035,4.56992,1.64791,5.05695,4.26052,5.08185,2.17377,7.54418,3.37443,7.47518,2.36403,0.24302
2025-11-28,6.10297,3.04348,6.02334,1.79168,2.63489,2.1047,2.67345,1.20314,3.91706,2.93622,4.14175,1.49417,5.08828,4.28691,5.11334,2.18724,3.46208,2.53836,4.60206,1.71527,-0.1527
2025-12-01,6.10297,3.04348,6.02334,1.79168,2.55593,2.04163,2.59334,1.16708,3.57658,2.68058,3.78184,1.36494,5.08719,4.286,5.11224,2.18677,3.19577,2.47715,4.17483,1.60532,3.36996
2025-12-02,6.10297,3.04348,6.02334,1.79168,3.0674,2.45018,3.11229,1.40063,5.09749,3.82254,5.38957,1.94222,5.16228,4.34925,5.1877,2.21905,9.91501,6.10328,9.90161,3.00153,-1.45432
2025-12-03,6.10297,3.04348,6.02334,1.79168,3.07458,2.45592,3.11958,1.40391,4.87191,3.65316,5.15111,1.85659,5.21102,4.39032,5.23668,2.24,6.15444,2.89445,6.32938,2.11601,0.24342
2025-12-04,6.10297,3.04348,6.02334,1.79168,2.98378,2.38338,3.02744,1.36244,4.37798,3.2823,4.62899,1.66912,5.13082,4.32275,5.15608,2.20553,3.3335,2.51147,4.42032,1.66922,0.61516
2025-12-05,6.10297,3.04348,6.02334,1.79168,2.91164,2.32576,2.95425,1.3295,4.0153,3.00999,4.24561,1.53146,5.13301,4.3246,5.15829,2.20647,3.19876,2.47796,4.18082,1.6069,1.77121
2025-12-08,6.10297,3.04348,6.02334,1.79168,2.97855,2.37921,3.02215,1.36006,4.18144,3.13473,4.42123,1.59452,5.15483,4.34298,5.18021,2.21585,3.36633,2.51877,4.47056,1.68205,-0.55323
2025-12-09,6.10297,3.04348,6.02334,1.79168,2.90302,2.31888,2.94551,1.32557,3.84892,2.88506,4.06972,1.46831,5.05712,4.26066,5.08202,2.17384,3.1974,2.47759,4.1781,1.60618,-2.34473
2025-12-10,6.10297,3.04348,6.02334,1.79168,3.08286,2.47363,3.13255,1.40768,4.46093,3.34459,4.71667,1.7006,5.07553,4.27617,5.10052,2.18176,3.94083,2.60919,5.04001,1.82248,-0.70375
2025-12-11,6.10297,3.04348,6.02334,1.79168,3.01269,2.41732,3.06125,1.37564,4.11152,3.08223,4.34731,1.56798,5.09678,4.29407,5.12187,2.19089,3.25067,2.49158,4.27996,1.63293,-1.74147
2025-12-12,6.10297,3.04348,6.02334,1.79168,3.06666,2.46064,3.1161,1.40029,4.25681,3.19132,4.5009,1.62313,5.11557,4.3099,5.14075,2.19897,3.35959,2.5173,4.46048,1.67948,-1.83602
2025-12-15,6.10297,3.04348,6.02334,1.79168,3.13213,2.51316,3.18262,1.43018,4.41616,3.31097,4.66935,1.68361,5.11653,4.31071,5.14173,2.19938,3.45474,2.53694,4.5927,1.71292,-1.37428
2025-12-16,6.10297,3.04348,6.02334,1.79168,3.12492,2.50738,3.17529,1.42689,4.30364,3.22649,4.55041,1.6409,5.138,4.3288,5.1633,2.20861,3.3025,2.50428,4.37018,1.65633,-2.73609
2025-12-17,6.10297,3.04348,6.02334,1.79168,3.36653,2.7191,3.46186,1.53721,5.04131,3.78036,5.33018,1.92089,5.14285,4.33289,5.16817,2.2107,6.10535,2.88466,6.29517,2.10852,0.84318
2025-12-18,6.10297,3.04348,6.02334,1.79168,3.29516,2.66146,3.38848,1.50463,4.61528,3.4602,4.8801,1.75898,5.16128,4.34842,5.1867,2.21862,3.41308,2.52864,4.5374,1.699,1.53519
2025-12-19,6.10297,3.04348,6.02334,1.79168,3.29922,2.66473,3.39265,1.50648,4.51368,3.38392,4.7727,1.72042,5.15079,4.33958,5.17615,2.21411,3.35256,2.51575,4.44983,1.67676,-1.62943
2025-12-22,6.10297,3.04348,6.02334,1.79168,3.31599,2.67828,3.40989,1.51414,4.4983,3.37238,4.75644,1.71459,5.14398,4.33384,5.16931,2.21118,3.35333,2.51592,4.45102,1.67706,1.48876
2025-12-23,6.10297,3.04348,6.02334,1.79168,3.31268,2.67561,3.40649,1.51263,4.40214,3.30018,4.65479,1.67809,5.15005,4.33896,5.17541,2.21379,3.32187,2.50881,4.40184,1.66447,-2.25216
2025-12-24,6.10297,3.04348,6.02334,1.79168,3.43148,2.77156,3.52865,1.56687,4.77099,3.57711,5.04472,1.81808,5.12046,4.31402,5.14567,2.20107,3.95043,2.6103,5.04647,1.82403,-0.37258
2025-12-26,6.10297,3.04348,6.02334,1.79168,3.33294,2.69197,3.42733,1.52188,4.31261,3.23297,4.56014,1.64411,5.13176,4.32354,5.15703,2.20593,3.23118,2.48658,4.24383,1.62349,-1.80518
2025-12-29,6.10297,3.04348,6.02334,1.79168,3.37339,2.72464,3.46892,1.54035,4.43955,3.32827,4.69434,1.69229,5.13167,4.32347,5.15694,2.20589,3.37797,2.52129,4.48771,1.68641,9.23004
2025-12-30,6.10297,3.04348,6.02334,1.79168,5.93407,4.79287,6.10211,2.7096,11.41577,8.56578,12.0692,4.34005,5.66541,4.77314,5.6933,2.43532,15.03481,12.30191,15.11087,6.26373,0.51794
2025-12-31,6.10297,3.04348,6.02334,1.79168,5.76,4.65228,5.92311,2.63012,10.01218,7.51201,10.5854,3.80733,5.90591,4.97577,5.93499,2.5387,12.11527,8.85508,12.1543,3.97198,-2.35006
2026-01-02,6.10297,3.04348,6.02334,1.79168,5.72506,4.62405,5.88718,2.61416,9.20188,6.90366,9.7288,3.49979,5.89722,4.96845,5.92626,2.53497,11.57815,8.19843,11.60691,3.69024,-0.30038
2026-01-05,6.10297,3.04348,6.02334,1.79168,5.55299,4.48507,5.71024,2.53559,8.09014,6.06901,8.55353,3.07784,5.90649,4.97626,5.93557,2.53895,5.85247,2.83838,6.12521,2.07112,-7.00859
2026-01-06,7.00859,3.28388,6.68419,1.79168,8.28796,5.57681,7.24997,2.99845,10.82927,8.12546,11.44919,4.11745,6.16423,5.19341,6.19458,2.64975,15.0348,12.3019,15.11086,6.26372,-0.34936
2026-01-07,7.00859,3.28388,6.68419,1.79168,8.03896,5.40926,7.03215,2.90836,9.49753,7.12563,10.04134,3.612,5.59882,4.71705,5.62639,2.4067,11.98959,8.70218,12.02634,3.90303,1.76106
2026-01-08,7.00859,3.28388,6.68419,1.79168,7.88474,5.30549,6.89724,2.85256,8.57841,6.43559,9.06971,3.26316,5.61601,4.73152,5.64366,2.41409,9.5358,5.60989,9.51003,2.87646,-0.83226
2026-01-09,7.00859,3.28388,6.68419,1.79168,7.66528,5.15781,6.70527,2.77317,7.60838,5.70732,8.04424,2.89499,5.57963,4.70088,5.60711,2.39845,4.40256,2.65772,5.3089,1.88605,-0.07023
2026-01-12,7.00859,3.28388,6.68419,1.79168,7.43191,5.00079,6.50113,2.68874,6.70984,5.03273,7.09435,2.55396,5.58086,4.70191,5.60834,2.39898,3.24348,2.48975,4.26678,1.62949,0.51463
2026-01-13,6.10297,3.04348,4.753,1.79168,7.21393,4.61648,6.26529,2.60988,5.96583,4.47415,6.30783,2.27157,5.12803,4.3204,5.15328,2.20433,3.18353,2.47379,4.14994,1.59872,1.2579
2026-01-14,6.10297,2.97966,4.74237,1.79168,7.04582,4.5089,6.1193,2.54906,5.49343,4.11949,5.80844,2.09228,5.13824,4.329,5.16354,2.20872,3.23164,2.4867,4.2447,1.62371,1.4196
2026-01-15,6.10297,2.97966,4.74237,1.79168,6.89847,4.4146,5.99132,2.49575,5.16224,3.87084,5.45833,1.96658,5.12569,4.31843,5.15093,2.20332,3.27181,2.49687,4.31777,1.64277,-2.88472
2026-01-16,6.10297,2.97966,4.74237,1.79168,6.96765,4.45888,6.05141,2.52078,5.71655,4.287,6.0443,2.17696,5.18031,4.36445,5.20582,2.2268,6.87925,3.08161,6.88349,2.23621,1.12086
2026-01-19,6.10297,2.97966,4.74237,1.79168,6.79788,4.35024,5.90396,2.45936,5.24778,3.93506,5.54875,1.99904,5.21553,4.39412,5.24121,2.24194,3.63735,2.56862,4.7962,1.76341,0.0224
2026-01-20,6.10297,2.97966,4.74237,1.79168,6.59081,4.21772,5.72412,2.38444,4.70957,3.52664,4.98352,1.7936,5.21864,4.39674,5.24433,2.24327,3.20782,2.48041,4.19881,1.61165,8.14961
2026-01-21,6.10297,2.97966,4.74237,1.79168,8.44265,5.40279,7.33244,3.05441,10.34298,7.7508,10.9433,3.93037,5.63211,4.74509,5.65984,2.42101,15.03481,12.30191,15.11087,6.26373,6.42094
2026-01-22,6.10297,2.97966,4.74237,1.79168,9.26829,5.93115,8.04951,3.35311,11.72761,8.78905,12.40815,4.45557,6.06023,5.10579,6.09007,2.60504,15.03481,12.30191,15.11087,6.26373,16.96762
2026-01-23,6.10297,2.97966,4.74237,1.79168,14.58505,9.33355,12.66711,5.27662,22.19916,16.64103,23.48636,8.42746,7.58174,6.38767,7.61907,3.25907,15.03481,12.30191,15.11087,6.26373,66.41251
2026-01-26,6.10297,2.97966,4.74237,1.79168,47.13636,30.16443,40.93792,17.05314,79.51832,59.6212,84.12625,30.16881,19.3924,16.33823,19.48789,8.33599,15.03481,12.30191,15.11087,6.26373,-4.67578
2026-01-27,6.10297,3.28388,5.02505,1.79168,45.80992,29.31559,39.7859,16.57325,69.49663,52.10654,73.52397,26.36755,23.07909,19.44429,23.19273,9.92074,15.03202,12.2987,15.10806,6.26074,-7.46296
2026-01-28,7.00859,3.73636,5.72157,1.79168,44.70086,28.60586,38.82269,16.17202,61.17322,45.86532,64.71835,23.21046,23.03851,19.4101,23.15195,9.9033,15.03481,12.30191,15.11087,6.26373,-11.06486
2026-01-29,7.46296,4.67578,6.94298,1.79168,43.98182,28.14572,38.19821,15.91188,54.83561,41.11312,58.01357,20.80658,23.17797,19.5276,23.2921,9.96324,15.03481,12.30191,15.11087,6.26373,4.01006
2026-01-30,7.46296,4.67578,6.94298,1.79168,42.72831,27.34354,37.10953,15.45838,48.00688,35.99267,50.78922,18.21642,22.6659,19.09618,22.77751,9.74313,15.01651,12.28083,15.09241,6.24414,-8.13638
2026-02-02,8.13638,5.34275,7.51975,1.79168,41.7913,26.74392,36.29574,15.11939,42.89423,32.15901,45.38038,16.27717,9.21308,7.76209,9.25845,3.96032,15.03481,12.30191,15.11087,6.26373,-10.36025
2026-02-03,10.36025,6.10297,8.356,1.79168,41.12086,26.31488,35.71346,14.87683,39.27861,29.44787,41.55529,14.90575,9.61924,8.10428,9.66661,4.13491,15.03481,12.30191,15.11087,6.26373,-1.6652
2026-02-04,10.36025,6.10297,8.356,1.79168,39.88409,25.52342,34.63933,14.42939,34.28995,25.70718,36.27762,13.01354,9.54024,8.03772,9.58722,4.10095,13.4468,10.44986,13.50608,4.83396,17.99109
2026-02-05,10.36025,6.10297,8.356,1.79168,40.54226,25.9446,35.21094,14.6675,36.45802,27.33288,38.57129,13.8359,10.06886,8.48308,10.11844,4.32818,15.03481,12.30191,15.11087,6.26373,-6.64983
2026-02-06,10.36025,6.64983,8.44714,1.79168,39.56419,25.3187,34.36149,14.31365,32.70854,24.52138,34.60459,12.41371,10.68988,9.0063,10.74252,4.59514,15.03481,12.30191,15.11087,6.26373,-3.82467
2026-02-09,10.36025,6.64983,8.44714,1.79168,38.44621,24.60326,33.39053,13.90919,28.86105,21.63638,30.5342,10.95434,10.50315,8.84898,10.55487,4.51487,15.00067,12.26257,15.07643,6.22725,-6.07403
2026-02-10,10.36025,6.64983,8.44714,1.79168,37.50116,23.99849,32.56975,13.56729,26.14057,19.59645,27.65611,9.92245,10.14121,8.54404,10.19115,4.35928,15.0348,12.30189,15.11085,6.26371,-0.73095
2026-02-11,10.36025,6.64983,8.44714,1.79168,36.36209,23.26955,31.58047,13.15519,22.81343,17.10163,24.13622,8.66046,10.19342,8.58803,10.24362,4.38173,12.2551,9.02467,12.29659,4.05098,0.83805
2026-02-12,10.36025,6.64983,8.44714,1.79168,35.25892,22.56359,30.62237,12.75608,19.92464,14.9355,21.08006,7.56473,8.49224,7.15477,8.53406,3.65046,7.41211,3.30178,7.35147,2.33718,0.65869
2026-02-13,10.36025,6.64983,8.44714,1.79168,34.1877,21.87807,29.69201,12.36853,17.4053,13.0464,18.41477,6.60914,8.23473,6.93782,8.27528,3.53977,3.51966,2.54903,4.67173,1.73266,-1.46593
2026-02-16,10.36025,6.64983,8.44714,1.79168,33.16106,21.22108,28.80038,11.99711,15.29694,11.46547,16.18427,5.80943,8.15618,6.87164,8.19634,3.506,3.33955,2.51284,4.4298,1.67164,-0.30374
2026-02-17,10.36025,6.64983,8.44714,1.79168,32.1515,20.57503,27.92358,11.63187,13.37318,10.02296,14.14905,5.07974,7.93212,6.68287,7.97118,3.40969,3.18702,2.47475,4.15709,1.60062,-0.89396
2026-02-18,10.36025,6.64983,8.44714,1.79168,31.17791,19.95199,27.07801,11.27964,10.5013,7.83423,11.14148,3.98202,10.61364,8.94207,10.6659,4.56236,3.19239,2.47623,4.16801,1.60351,0.32062
2026-02-19,10.36025,6.64983,8.44714,1.79168,30.22889,19.34467,26.25378,10.9363,9.10553,6.79231,9.66078,3.45371,10.60943,8.93852,10.66167,4.56055,3.1717,2.47048,4.12533,1.59217,1.45661
2026-02-20,10.36025,6.64983,8.44714,1.79168,29.32458,18.76597,25.4684,10.60914,8.09977,6.04153,8.59382,3.07302,10.5768,8.91103,10.62888,4.54653,3.2618,2.49438,4.30005,1.63817,0.65144
2026-02-23,10.36025,6.64983,8.44714,1.79168,28.43466,18.19647,24.6955,10.28718,7.09708,5.29304,7.53012,2.6935,10.53668,8.87723,10.58856,4.52928,3.19181,2.47607,4.16683,1.6032,-0.11405
2026-02-24,10.36025,6.64983,8.44714,1.79168,27.56853,17.6422,23.94327,9.97383,6.20891,4.63003,6.5879,2.35732,10.33125,8.70415,10.38212,4.44097,3.16849,2.46958,4.11857,1.59037,-1.43586
2026-02-25,10.36025,6.64983,8.44714,1.79168,26.74636,17.11606,23.22921,9.67638,5.73681,4.27762,6.08706,2.17862,6.46368,5.4457,6.49551,2.77847,3.24869,2.49108,4.27636,1.63199,0.18957
2026-02-26,10.36025,6.64983,8.44714,1.79168,25.93187,16.59484,22.52183,9.38171,5.06687,3.77752,5.37636,1.92505,6.42911,5.41657,6.46077,2.76361,3.17621,2.47175,4.13478,1.59469,-1.15844
2026-02-27,10.36025,6.64983,8.44714,1.79168,25.15412,16.09712,21.84635,9.10033,4.72481,3.52218,5.01349,1.79557,6.36708,5.36431,6.39843,2.73694,3.21261,2.48169,4.20819,1.61412,1.97236
2026-03-02,10.36025,6.64983,8.44714,1.79168,24.42435,15.63012,21.21255,8.83632,4.83968,3.60792,5.13534,1.83905,6.26315,5.27675,6.29399,2.69227,3.49206,2.54401,4.63913,1.72454,1.03865
2026-03-03,10.36025,6.64983,8.44714,1.79168,23.69073,15.16064,20.57539,8.57091,4.48903,3.34617,4.76335,1.70633,6.23957,5.25688,6.2703,2.68213,3.25508,2.4927,4.28797,1.63502,1.31963
2026-03-04,10.36025,6.64983,8.44714,1.79168,22.98639,14.7099,19.96367,8.31609,4.32361,3.22268,4.58787,1.64371,6.16365,5.19292,6.194,2.6495,3.25845,2.49355,4.29404,1.6366,-1.27138
2026-03-05,10.36025,6.64983,8.44714,1.79168,22.30275,14.27241,19.36993,8.06876,4.19256,3.12486,4.44885,1.59411,6.04596,5.09376,6.07573,2.59891,3.24412,2.48992,4.26796,1.6298,2.33012
2026-03-06,10.36025,6.64983,8.44714,1.79168,21.68079,13.8744,18.82976,7.84374,4.7073,3.5091,4.99491,1.78894,6.09578,5.13574,6.1258,2.62032,4.1379,2.63089,5.16319,1.8518,5.82041
2026-03-09,10.36025,6.64983,8.44714,1.79168,21.38651,13.68608,18.57418,7.73728,8.20005,6.11639,8.7002,3.11098,6.08697,5.12832,6.11695,2.61654,15.03214,12.29883,15.10817,6.26087,3.70991
2026-03-10,10.36025,6.64983,8.44714,1.79168,20.88658,13.36615,18.13999,7.55641,8.42946,6.28764,8.94358,3.19781,6.04198,5.09041,6.07173,2.5972,14.99357,12.25438,15.06927,6.21969,-5.89186
2026-03-11,10.36025,6.64983,8.44714,1.79168,20.63947,13.20802,17.92537,7.46701,10.26111,7.65494,10.88669,3.89111,6.38728,5.38133,6.41873,2.74563,15.03478,12.30187,15.11083,6.26369,2.09661
2026-03-12,10.36025,6.64983,8.44714,1.79168,20.06099,12.83783,17.42297,7.25773,9.24413,6.89578,9.80782,3.50617,6.22855,5.2476,6.25922,2.67739,14.0858,11.2009,14.15265,5.34831,2.89471
2026-03-13,10.36025,6.64983,8.44714,1.79168,19.54835,12.50977,16.97774,7.07226,8.75358,6.52959,9.28741,3.32049,6.27618,5.28772,6.30708,2.69787,14.38919,11.55465,14.45923,5.61978,0.75816
2026-03-16,10.36025,6.64983,8.44714,1.79168,18.95978,12.13312,16.46656,6.85933,7.66312,5.71558,8.1306,2.90775,6.01061,5.06398,6.04021,2.58371,10.79209,7.22097,10.80311,3.33353,-3.38204
2026-03-17,10.36025,6.64983,8.44714,1.79168,18.52426,11.85441,16.08832,6.70176,7.85705,5.86035,8.33633,2.98115,6.05998,5.10558,6.08982,2.60493,13.91351,10.99921,13.97843,5.20225,0.49172
2026-03-18,10.36025,6.64983,8.44714,1.79168,17.96302,11.49525,15.60088,6.49872,6.87371,5.12629,7.29315,2.60895,5.75665,4.85001,5.78499,2.47454,9.53567,5.60972,9.5099,2.87642,-2.33924
2026-03-19,10.36025,6.64983,8.44714,1.79168,17.48766,11.19105,15.18803,6.32674,6.58988,4.91351,6.99278,2.50149,5.78936,4.87757,5.81786,2.4886,9.22812,5.20504,9.19143,2.78226,2.20634
2026-03-20,10.36025,6.64983,8.44714,1.79168,17.0206,10.89216,14.78239,6.15776,6.34612,4.73158,6.73417,2.40923,5.76443,4.85657,5.79282,2.47789,8.56447,4.33512,8.50215,2.59918,-1.63053
2026-03-23,10.36025,6.64983,8.44714,1.79168,16.53897,10.58394,14.36409,5.98352,5.8978,4.39697,6.25852,2.23956,5.77182,4.8628,5.80024,2.48107,5.50067,2.78366,5.90537,2.02226,-2.48508
2026-03-24,10.36025,6.64983,8.44714,1.79168,16.12316,10.31785,14.00296,5.83309,6.02879,4.49474,6.39749,2.28913,5.75433,4.84806,5.78266,2.47355,6.91835,3.09469,6.91607,2.24324,0.69956
2026-03-25,10.36025,6.64983,8.44714,1.79168,15.63915,10.00812,13.5826,5.65798,5.33164,3.97441,5.65784,2.02527,5.72762,4.82556,5.75583,2.46207,3.46336,2.5386,4.60369,1.71568,-0.71731
2026-03-26,10.36025,6.64983,8.44714,1.79168,15.1705,9.70821,13.17558,5.48843,4.77783,3.56107,5.07028,1.81567,5.69065,4.79441,5.71867,2.44617,3.21607,2.48261,4.21493,1.6159,2.00328
2026-03-27,10.36025,6.64983,8.44714,1.79168,14.77075,9.45239,12.82839,5.34381,4.90533,3.65623,5.20554,1.86392,5.70407,4.80572,5.73216,2.45194,3.52022,2.54913,4.67237,1.73282,0.85942
2026-03-30,10.36025,6.64983,8.44714,1.79168,14.33259,9.17199,12.44785,5.18529,4.46399,3.32683,4.7373,1.69688,5.67357,4.78002,5.70151,2.43883,3.23715,2.48813,4.25504,1.62642,0.68954
2026-03-31,10.36025,6.64983,8.44714,1.79168,13.9038,8.8976,12.07545,5.03016,4.06691,3.03046,4.31602,1.5466,5.6275,4.74121,5.65521,2.41903,3.19046,2.4757,4.1641,1.60247,-1.86064
2026-04-01,10.36025,6.64983,8.44714,1.79168,13.53897,8.66413,11.7586,4.89817,4.34638,3.23905,4.61252,1.65237,5.66515,4.77293,5.69305,2.43521,3.38255,2.52226,4.49435,1.6881,1.89519
2026-04-02,10.36025,6.64983,8.44714,1.79168,13.18909,8.44022,11.45472,4.77159,4.53501,3.37983,4.81265,1.72376,5.69212,4.79565,5.72014,2.4468,3.54262,2.55307,4.69779,1.73914,2.78916
2026-04-06,10.36025,6.64983,8.44714,1.79168,12.92598,8.27185,11.22622,4.6764,5.31442,3.96156,5.63958,2.01876,5.74853,4.84318,5.77684,2.47105,7.26584,3.23101,7.21793,2.30831,1.91786
2026-04-07,10.36025,6.64983,8.44714,1.79168,12.5993,8.06279,10.94249,4.55821,5.24034,3.90627,5.56098,1.99072,5.75234,4.84638,5.78066,2.47269,5.7072,2.81457,6.03218,2.05052,-2.07337
2026-04-08,10.36025,6.64983,8.44714,1.79168,12.29587,7.86862,10.67896,4.44844,5.30129,3.95176,5.62565,2.01379,5.78296,4.87218,5.81143,2.48585,5.09477,2.73114,5.67307,1.9699,-7.03175
2026-04-09,10.36025,7.00859,8.5108,1.79168,12.8368,8.21478,11.14876,4.64414,9.96236,7.4306,10.57085,3.77791,6.3435,5.34444,6.37473,2.72681,15.0348,12.3019,15.11086,6.26372,2.42428
2026-04-10,10.36025,7.00859,8.5108,1.79168,12.55351,8.03349,10.90272,4.54165,9.06556,6.76127,9.61939,3.43849,6.14962,5.18109,6.1799,2.64346,14.43724,11.61052,14.50777,5.66452,-1.90984
2026-04-13,10.36025,7.00859,8.5108,1.79168,12.23958,7.83259,10.63007,4.42807,8.16307,6.08768,8.66188,3.09692,6.07758,5.1204,6.1075,2.6125,12.92149,9.82585,12.97357,4.46306,1.74661
2026-04-14,10.36025,7.00859,8.5108,1.79168,11.92549,7.63159,10.35728,4.31444,7.36514,5.49214,7.81531,2.79491,6.06885,5.11305,6.09874,2.60875,10.6068,6.98738,10.61309,3.25801,-2.86685
2026-04-15,10.36025,7.00859,8.5108,1.79168,11.72398,7.50264,10.18228,4.24154,7.32283,5.46056,7.77041,2.7789,6.1211,5.15707,6.15124,2.63121,12.28147,9.05659,12.32341,4.06615,0.68626
2026-04-16,10.36025,7.00859,8.5108,1.79168,11.37632,7.28016,9.88033,4.11576,6.39411,4.7674,6.78509,2.4274,5.72456,4.82298,5.75275,2.46075,7.19698,3.20075,7.15638,2.29503,1.46813
2026-04-17,10.36025,7.00859,8.5108,1.79168,11.07445,7.08698,9.61816,4.00655,5.85275,4.36335,6.21072,2.2225,5.69453,4.79768,5.72257,2.44784,4.18274,2.63555,5.18903,1.8579,-2.23973
2026-04-20,10.36025,7.00859,8.5108,1.79168,10.84363,6.93927,9.41769,3.92304,5.85774,4.37004,6.21337,2.22511,5.72363,4.8222,5.75182,2.46035,3.98088,2.64912,5.39991,1.97281,2.71077
2026-04-21,10.36025,7.00859,8.5108,1.79168,10.67229,6.82962,9.26888,3.86105,6.12731,4.57138,6.49925,2.32717,5.76987,4.86115,5.79828,2.48023,7.20724,3.02756,7.28812,2.40298,0.30933
2026-04-22,10.36025,7.00859,8.5108,1.79168,10.34929,6.62292,8.98836,3.7442,5.36054,3.9987,5.68609,2.03688,5.66629,4.77389,5.69419,2.4357,3.39942,2.56043,4.73704,1.80426,-1.21197
2026-04-23,10.36025,7.00859,8.5108,1.79168,10.06751,6.4426,8.74363,3.64225,4.9585,3.69843,5.25972,1.88467,5.67959,4.78509,5.70756,2.44142,3.29962,2.53697,4.543,1.75236,1.51248
2026-04-24,10.36025,7.00859,8.5108,1.79168,9.81438,6.28061,8.52379,3.55068,4.76343,3.55273,5.05284,1.81081,5.68043,4.78581,5.70841,2.44178,3.33373,2.54536,4.61332,1.77132,-1.15902
2026-04-27,10.36025,7.00859,8.5108,1.79168,9.5477,6.10995,8.29217,3.4542,4.47323,3.33599,4.74508,1.70094,5.64845,4.75886,5.67626,2.42803,3.28389,2.53296,4.50905,1.74314,2.06476
2026-04-28,10.36025,7.00859,8.5108,1.79168,9.3618,5.99099,8.13072,3.38694,4.73448,3.53111,5.02214,1.79985,5.64392,4.75504,5.67171,2.42609,3.54697,2.58967,4.96744,1.86429,0.77936
2026-04-29,10.36025,7.00859,8.5108,1.79168,9.09193,5.81829,7.89634,3.28931,4.30671,3.21162,4.56849,1.6379,5.62526,4.73932,5.65296,2.41807,3.27945,2.53182,4.49931,1.74048,1.07695
2026-04-30,10.36025,7.00859,8.5108,1.79168,8.84506,5.6603,7.68193,3.19999,4.07283,3.03694,4.32046,1.54936,5.62619,4.74011,5.6539,2.41847,3.27121,2.52967,4.48097,1.73548,-0.45977
2026-05-01,10.36025,7.00859,8.5108,1.79168,8.58125,5.49148,7.45281,3.10455,3.71314,2.7683,3.939,1.41318,5.60498,4.72223,5.63258,2.40935,3.23779,2.52072,4.40374,1.71426,-0.39175
2026-05-04,10.36025,7.00859,8.5108,1.79168,8.32406,5.3269,7.22944,3.0115,3.41543,2.54595,3.62328,1.30047,5.59172,4.71106,5.61925,2.40365,3.2327,2.51933,4.39155,1.71089,2.45842
2026-05-05,10.36025,7.00859,8.5108,1.79168,8.24033,5.27332,7.15673,2.98121,4.37179,3.26023,4.63751,1.66254,5.63858,4.75054,5.66635,2.42379,4.08134,2.65931,5.46944,1.98981,0.42316
2026-05-06,10.36025,7.00859,8.5108,1.79168,7.99444,5.11596,6.94317,2.89225,3.93847,2.93659,4.17797,1.49849,5.59651,4.71509,5.62406,2.4057,3.28929,2.53435,4.52082,1.74634,-1.61658
2026-05-07,10.36025,7.00859,8.5108,1.79168,7.82779,5.00932,6.79844,2.83196,4.10034,3.05749,4.34963,1.55977,5.6191,4.73413,5.64677,2.41542,3.34531,2.54811,4.6362,1.77745,-0.18866
2026-05-08,10.36025,7.00859,8.5108,1.79168,7.5904,4.8574,6.59226,2.74608,3.696,2.7555,3.92083,1.40669,5.59963,4.71773,5.62721,2.40705,3.24075,2.52153,4.41078,1.7162,0.30442
2026-05-11,10.36025,7.00859,8.5108,1.79168,7.36205,4.71127,6.39394,2.66347,3.38179,2.52082,3.5876,1.28773,5.54335,4.67031,5.57065,2.38285,3.23219,2.51918,4.39032,1.71055,1.36135
2026-05-12,10.36025,7.00859,8.5108,1.79168,7.19704,4.60567,6.25063,2.60377,3.53513,2.63534,3.75022,1.34578,5.51509,4.6465,5.54224,2.37071,3.29278,2.53524,4.52837,1.74839,1.63618
2026-05-13,10.36025,7.00859,8.5108,1.79168,7.06518,4.52129,6.13611,2.55606,3.81177,2.84197,4.0436,1.45052,5.53789,4.66571,5.56516,2.38051,3.36005,2.55156,4.66466,1.78505,-0.60863
2026-05-14,10.36025,7.00859,8.5108,1.79168,6.86233,4.39148,5.95993,2.48267,3.54303,2.64124,3.75859,1.34877,5.50511,4.6381,5.53222,2.36642,3.25151,2.52445,4.43602,1.72316,-0.8571
2026-05-15,10.36025,7.00859,8.5108,1.79168,6.67853,4.27386,5.80031,2.41618,3.42089,2.55003,3.62907,1.30254,5.50392,4.63709,5.53102,2.36591,3.2498,2.52399,4.43205,1.72206,2.27717
2026-05-18,10.36025,7.00859,8.5108,1.79168,6.6561,4.25951,5.78083,2.40807,4.22083,3.14748,4.47741,1.60539,5.57244,4.69482,5.59988,2.39536,3.73327,2.6191,5.18735,1.9201,2.44497
2026-05-19,10.36025,7.00859,8.5108,1.79168,6.66227,4.26345,5.78618,2.4103,4.83097,3.60537,5.1223,1.83756,5.6051,4.72234,5.6327,2.4094,5.22036,2.75464,6.06125,2.1302,1.67928
2026-05-20,10.36025,7.00859,8.5108,1.79168,6.55861,4.19712,5.69615,2.37279,4.75215,3.54646,5.03874,1.80771,5.5874,4.70742,5.61491,2.40179,3.67898,2.61125,5.12988,1.90565,-3.78092
2026-05-21,10.36025,7.00859,8.5108,1.79168,6.85475,4.38663,5.95335,2.47993,6.33509,4.72956,6.71673,2.4072,5.76011,4.85294,5.78848,2.47603,13.92054,10.06272,13.96273,4.51129,-0.33791
2026-05-22,10.36025,7.00859,8.5108,1.79168,6.64986,4.25551,5.77541,2.40581,5.54243,4.13712,5.87648,2.107,5.68373,4.78858,5.71172,2.4432,6.73382,2.93775,6.9482,2.32927,-1.92712
2026-05-26,10.36025,7.00859,8.5108,1.79168,6.57799,4.20952,5.71298,2.3798,5.43654,4.05798,5.76423,2.0669,5.69332,4.79666,5.72135,2.44732,4.54085,2.69879,5.72698,2.0518,1.15637
2026-05-27,10.36025,7.00859,8.5108,1.79168,6.42547,4.11192,5.58052,2.32463,4.98373,3.71954,5.28423,1.89541,5.64462,4.75563,5.67242,2.42639,3.3863,2.55753,4.71348,1.79803,-1.08989
2026-05-28,10.36025,7.00859,8.5108,1.79168,6.27328,4.01452,5.44834,2.26957,4.6184,3.44649,4.89696,1.75705,5.63113,4.74426,5.65885,2.42059,3.2846,2.53315,4.51061,1.74356,-0.13422
2026-05-29,10.36025,7.00859,8.5108,1.79168,6.08285,3.89266,5.28295,2.20067,4.11283,3.06863,4.36104,1.56559,5.50905,4.64141,5.53618,2.36811,3.23456,2.51984,4.39603,1.71213,2.34123
2026-06-01,10.36025,7.00859,8.5108,1.79168,6.10686,3.90802,5.3038,2.20936,4.68923,3.49943,4.97205,1.78388,5.58507,4.70546,5.61257,2.40079,3.81137,2.62949,5.26226,1.93881,-0.8444
2026-06-02,10.36025,7.00859,8.5108,1.79168,5.94835,3.80659,5.16614,2.15201,4.3027,3.21054,4.56231,1.63749,5.53635,4.66441,5.56361,2.37985,3.30048,2.53719,4.54483,1.75285,-0.07842
2026-06-03,10.36025,7.00859,8.5108,1.79168,5.76739,3.69078,5.00898,2.08654,3.85362,2.87489,4.08626,1.46742,5.52198,4.6523,5.54917,2.37367,3.23588,2.5202,4.39917,1.713,0.36246
2026-06-04,10.36025,7.00859,8.5108,1.79168,5.59707,3.58179,4.86106,2.02493,3.51536,2.62208,3.7277,1.33932,5.51431,4.64584,5.54146,2.37037,3.23263,2.51931,4.39138,1.71084,0.12364
2026-06-05,10.36025,7.00859,8.5108,1.79168,5.42721,3.47309,4.71353,1.96347,3.22274,2.40336,3.4175,1.22849,5.50674,4.63947,5.53386,2.36712,3.22933,2.51839,4.38341,1.70864,-1.11274
2026-06-08,10.36025,7.00859,8.5108,1.79168,5.31554,3.40162,4.61654,1.92307,3.30476,2.46467,3.50445,1.25956,5.4809,4.6177,5.50789,2.35601,3.26281,2.52746,4.46202,1.73029,0.72663
2026-06-09,10.36025,7.00859,8.5108,1.79168,5.17703,3.31299,4.49625,1.87296,3.1773,2.3694,3.36933,1.21128,5.47328,4.61127,5.50023,2.35273,3.24683,2.52319,4.42511,1.72015,-0.13735
2026-06-10,10.36025,7.00859,8.5108,1.79168,5.02018,3.21261,4.36003,1.81622,2.96094,2.20769,3.13998,1.12935,5.47067,4.60907,5.4976,2.35161,3.23071,2.51877,4.38674,1.70956,1.25645
2026-06-11,10.36025,7.00859,8.5108,1.79168,4.94103,3.16196,4.29128,1.78758,3.18071,2.37195,3.37295,1.21258,5.49207,4.6271,5.51911,2.36081,3.27984,2.53192,4.50018,1.74072,-1.20709
2026-06-12,10.36025,7.00859,8.5108,1.79168,4.85972,3.10993,4.22066,1.75816,3.32712,2.48139,3.52816,1.26803,5.50235,4.63576,5.52944,2.36523,3.27997,2.53195,4.50044,1.74079,-1.27623
2026-06-15,10.36025,7.00859,8.5108,1.79168,4.79025,3.06547,4.16033,1.73303,3.46856,2.5871,3.67809,1.32159,5.50512,4.6381,5.53223,2.36642,3.28748,2.53389,4.51689,1.74527,-1.03277
2026-06-16,10.36025,7.00859,8.5108,1.79168,4.69666,3.00558,4.07905,1.69917,3.44174,2.56705,3.64965,1.31143,5.50721,4.63986,5.53433,2.36732,3.26589,2.52828,4.46901,1.73221,-1.39403
2026-06-17,10.36025,7.00859,8.5108,1.79168,4.65037,2.97596,4.03885,1.68243,3.61762,2.6985,3.83609,1.37804,5.52832,4.65765,5.55554,2.3764,3.29964,2.53697,4.54305,1.75237,1.79505
2026-06-18,10.36025,7.00859,8.5108,1.79168,4.66964,2.98829,4.05558,1.6894,3.96954,2.96362,4.20745,1.51146,5.53775,4.66559,5.56501,2.38045,3.41186,2.56314,4.75884,1.81002,-1.18869
2026-06-19,10.36025,7.00859,8.5108,1.79168,4.59836,2.94267,3.99367,1.66361,3.88386,2.89954,4.11666,1.479,5.5227,4.65291,5.54989,2.37398,3.29862,2.53672,4.54087,1.75178,-0.34972
2026-06-22,10.36025,7.00859,8.5108,1.79168,4.46456,2.85705,3.87747,1.6152,3.54204,2.6439,3.75446,1.34951,5.50096,4.6346,5.52805,2.36464,3.23844,2.5209,4.40528,1.71468,1.00547
2026-06-23,10.36025,7.00859,8.5108,1.79168,4.38176,2.80406,3.80555,1.58525,3.46392,2.58547,3.67167,1.31992,5.48986,4.62525,5.5169,2.35986,3.2591,2.52648,4.45355,1.72797,-2.5539
2026-06-24,10.36025,7.00859,8.5108,1.79168,4.58669,2.93521,3.98354,1.65939,4.5125,3.36969,4.78278,1.71715,5.56202,4.68604,5.5894,2.39088,4.38542,2.68622,5.64697,2.0327,-0.63768
2026-06-25,10.36025,7.00859,8.5108,1.79168,4.46787,2.85917,3.88035,1.6164,4.10186,3.06257,4.34766,1.56159,5.50418,4.63731,5.53128,2.36602,3.30929,2.53939,4.56339,1.75787,0.45964
2026-06-26,10.36025,7.00859,8.5108,1.79168,4.34293,2.77921,3.77183,1.5712,3.72733,2.78248,3.9508,1.41971,5.49237,4.62736,5.51942,2.36094,3.24277,2.52208,4.41555,1.71752,-0.02753
2026-06-29,10.36025,7.00859,8.5108,1.79168,4.21066,2.69457,3.65696,1.52335,3.38753,2.52834,3.59074,1.29098,5.48893,4.62446,5.51596,2.35946,3.22995,2.51857,4.38491,1.70905,1.1439
2026-06-30,10.36025,7.00859,8.5108,1.79168,4.15521,2.65908,3.6088,1.50328,3.41689,2.5503,3.62184,1.3021,5.49965,4.6335,5.52674,2.36407,3.26862,2.529,4.47517,1.73389,-0.44168
2026-07-01,10.36025,7.00859,8.5108,1.79168,4.03971,2.58517,3.50848,1.4615,3.19322,2.38302,3.38483,1.21737,5.43745,4.58109,5.46422,2.33733,3.2371,2.52054,4.4021,1.71381,-0.1482
2026-07-02,10.36025,7.00859,8.5108,1.79168,3.91793,2.50724,3.40272,1.41744,2.97324,2.21851,3.15175,1.13404,5.43265,4.57704,5.4594,2.33527,3.22973,2.5185,4.38439,1.70891,0.24919
2026-07-03,10.36025,7.00859,8.5108,1.79168,3.80232,2.43325,3.30231,1.37561,2.80987,2.09632,2.97863,1.07215,5.43174,4.57627,5.45848,2.33488,3.2302,2.51863,4.38552,1.70922,-0.05472
2026-07-06,10.36025,7.00859,8.5108,1.79168,3.68667,2.35925,3.20187,1.33377,2.67191,1.99315,2.83244,1.01988,5.43129,4.5759,5.45803,2.33468,3.22863,2.5182,4.38173,1.70817,-0.78779
2026-07-07,10.36025,7.00859,8.5108,1.79168,3.61394,2.3127,3.1387,1.30746,2.75533,2.05554,2.92084,1.05149,5.42979,4.57464,5.45653,2.33404,3.24341,2.52226,4.41705,1.71793,-0.62718
2026-07-08,10.36025,7.00859,8.5108,1.79168,3.52948,2.25865,3.06535,1.27691,2.74927,2.051,2.91442,1.04919,5.42918,4.57412,5.45591,2.33378,3.23923,2.52112,4.40716,1.7152,0.47408
2026-07-09,10.36025,7.00859,8.5108,1.79168,3.43698,2.19946,2.98501,1.24344,2.68415,2.0023,2.84541,1.02452,5.42955,4.57443,5.45628,2.33394,3.23542,2.52007,4.39807,1.71269,0.04061
2026-07-10,10.36025,7.00859,8.5108,1.79168,3.33239,2.13253,2.89418,1.2056,2.57508,1.92073,2.72983,0.9832,5.42785,4.573,5.45458,2.33321,3.22925,2.51837,4.38321,1.70858,-3.90821
2026-07-13,10.36025,7.00859,8.5108,1.79168,4.89779,2.81006,3.99788,1.51086,5.48815,4.09936,5.81661,2.08675,5.64303,4.75429,5.67081,2.4257,13.72856,9.82816,13.7671,4.4086,3.12593
2026-07-14,10.36025,7.00859,8.5108,1.79168,5.35818,2.92371,4.3486,1.65289,6.17873,4.61583,6.54837,2.34836,5.69427,4.79746,5.72231,2.44773,15.70087,12.19826,15.77064,5.66158,-0.46958
2026-07-15,10.36025,7.00859,8.5108,1.79168,5.20831,2.84193,4.22697,1.60666,5.42413,4.05148,5.74878,2.0625,5.64263,4.75395,5.67041,2.42553,9.54196,4.43656,9.4497,2.87203,0.7248
2026-07-16,10.36025,7.00859,8.5108,1.79168,5.08234,2.77319,4.12473,1.5678,4.84569,3.61887,5.13584,1.84337,5.64589,4.7567,5.67369,2.42693,3.7373,2.61966,5.19144,1.92113,0.39101
2026-07-17,10.36025,7.00859,8.5108,1.79168,4.93728,2.69404,4.007,1.52305,4.31971,3.22243,4.58132,1.64304,5.63517,4.74767,5.66292,2.42233,3.27297,2.53014,4.48493,1.73656,0.25413
2026-07-20,10.36025,7.00859,8.5108,1.79168,4.79112,2.61429,3.88838,1.47796,3.87467,2.88993,4.10945,1.47452,5.51276,4.64454,5.53991,2.36971,3.2349,2.51993,4.39684,1.71235,0.4416
2026-07-21,10.36025,7.00859,8.5108,1.79168,4.65838,2.54186,3.78066,1.43701,3.54505,2.64366,3.75996,1.34971,5.43617,4.58001,5.46294,2.33678,3.23414,2.51972,4.39502,1.71185,-0.98785
2026-07-22,10.36025,7.00859,8.5108,1.79168,4.58408,2.50132,3.72035,1.41409,3.47795,2.59353,3.68881,1.3243,5.44734,4.58942,5.47416,2.34158,3.25477,2.52532,4.44359,1.72523,2.03021
2026-07-23,10.36025,7.00859,8.5108,1.79168,4.72777,2.57972,3.83697,1.45842,4.05635,3.02567,4.30209,1.54332,5.4961,4.6305,5.52316,2.36254,3.50301,2.58157,4.90488,1.84815,0.03124
2026-07-24,10.36025,7.00859,8.5108,1.79168,4.58381,2.50117,3.72013,1.41401,3.65144,2.72314,3.87276,1.38999,5.46557,4.60478,5.49249,2.34942,3.25264,2.52475,4.43866,1.72388,0.04134
2026-07-27,10.36025,7.00859,8.5108,1.79168,4.44429,2.42504,3.6069,1.37097,3.32821,2.48166,3.53005,1.2676,5.46461,4.60397,5.49152,2.34901,3.23107,2.51887,4.38762,1.7098,-4.05684
2026-07-28,10.36025,7.00859,8.5108,1.79168,5.37994,3.18231,4.69548,1.6596,5.93707,4.43079,6.2962,2.25545,5.69487,4.79797,5.72291,2.44799,14.61059,10.89854,14.66473,4.91222,-0.07405
2026-07-29,10.36025,7.00859,8.5108,1.79168,5.21637,3.08556,4.55272,1.60914,5.18992,3.87258,5.50401,1.97254,5.60315,4.7207,5.63074,2.40856,7.56129,3.11272,7.56478,2.46225,0.65171
2026-07-30,10.36025,7.00859,8.5108,1.79168,5.08387,3.00718,4.43708,1.56827,4.64022,3.46189,4.92116,1.7644,5.57563,4.69751,5.60309,2.39673,3.46074,2.57331,4.84007,1.83131,0.14897
2026-07-31,10.36025,7.00859,8.5108,1.79168,4.93041,2.91641,4.30314,1.52093,4.12674,3.07825,4.37672,1.56997,5.57351,4.69572,5.60095,2.39582,3.25035,2.52414,4.43333,1.72241,-1.34387
2026-08-03,10.36025,7.00859,8.5108,1.79168,4.89787,2.89716,4.27474,1.51089,4.07843,3.04217,4.3255,1.55168,5.59879,4.71702,5.62636,2.40669,3.28973,2.53446,4.52178,1.7466,1.76204
2026-08-04,10.36025,7.00859,8.5108,1.79168,4.9505,2.92829,4.32067,1.52712,4.26326,3.18025,4.52147,1.62166,5.50472,4.63777,5.53183,2.36625,3.39628,2.55974,4.73144,1.80278,-2.76397
2026-08-05,10.36025,7.00859,8.5108,1.79168,5.27768,3.12182,4.60623,1.62805,5.15833,3.84898,5.47051,1.96058,5.59676,4.71531,5.62432,2.40581,6.1696,2.85532,6.58472,2.24905,-1.68503
2026-08-06,10.36025,7.00859,8.5108,1.79168,5.28894,3.12849,4.61606,1.63153,5.01869,3.74465,5.32245,1.90771,5.59317,4.71229,5.62071,2.40427,3.79946,2.62797,5.25138,1.9361,0.50199
2026-08-07,10.36025,7.00859,8.5108,1.79168,5.14329,3.04233,4.48894,1.5866,4.47309,3.33702,4.74395,1.70111,5.5814,4.70236,5.60888,2.39921,3.28051,2.53209,4.50164,1.74112,0.74562
2026-08-10,10.36025,7.00859,8.5108,1.79168,5.02163,2.97037,4.38276,1.54907,4.08915,3.05017,4.33686,1.55573,5.57363,4.69582,5.60108,2.39587,3.24992,2.52402,4.43233,1.72214,2.60259
2026-08-11,10.36025,7.00859,8.5108,1.79168,5.2891,3.12858,4.6162,1.63158,4.88727,3.64646,5.1831,1.85794,5.64176,4.75322,5.66954,2.42516,4.77729,2.7176,5.84334,2.07934,1.10612
2026-08-12,10.36025,7.00859,8.5108,1.79168,5.20265,3.07744,4.54074,1.60491,4.53202,3.38105,4.80644,1.72343,5.54735,4.67368,5.57467,2.38458,3.38724,2.55774,4.71518,1.79848,0.58515
2026-08-13,10.36025,7.00859,8.5108,1.79168,5.06551,2.99632,4.42105,1.5626,4.09672,3.05583,4.34489,1.5586,5.51232,4.64417,5.53946,2.36952,3.25472,2.52531,4.44347,1.7252,-1.16217
2026-08-14,10.36025,7.00859,8.5108,1.79168,4.99714,2.95588,4.36138,1.54151,3.96703,2.95893,4.20738,1.50949,5.52754,4.65699,5.55475,2.37606,3.27133,2.52971,4.48124,1.73555,0.47374
2026-08-17,10.36025,7.00859,8.5108,1.79168,4.85949,2.87446,4.24124,1.49905,3.63248,2.70811,3.85339,1.38272,5.51146,4.64344,5.5386,2.36915,3.23906,2.52107,4.40676,1.71509,0.92978
2026-08-18,10.36025,7.00859,8.5108,1.79168,4.76895,2.8209,4.16222,1.47112,3.50316,2.61153,3.71625,1.33376,5.46898,4.60765,5.49591,2.35089,3.25422,2.52517,4.4423,1.72488,-0.0666
2026-08-19,10.36025,7.00859,8.5108,1.79168,4.62397,2.73515,4.03569,1.4264,3.21641,2.39735,3.41215,1.22519,5.45467,4.5956,5.48153,2.34474,3.2312,2.51891,4.38794,1.70989,2.29245
2026-08-20,10.36025,7.00859,8.5108,1.79168,4.83857,2.86209,4.22299,1.4926,4.10443,3.06061,4.35389,1.5614,5.52702,4.65655,5.55423,2.37583,3.72855,2.61844,5.18254,1.9189,0.97383
2026-08-21,10.36025,7.00859,8.5108,1.79168,4.75448,2.81234,4.14959,1.46666,3.87942,2.89255,4.11526,1.47621,5.50122,4.63482,5.52831,2.36475,3.31109,2.53983,4.56713,1.75888,-3.21205
2026-08-24,10.36025,7.00859,8.5108,1.79168,5.2682,3.55907,4.67177,1.62513,5.32587,3.9729,5.64921,2.02384,5.6356,4.74803,5.66335,2.42251,9.05018,3.88373,8.94096,2.75645,0.6758
2026-08-25,10.36025,7.00859,8.5108,1.79168,5.13583,3.46964,4.55438,1.58429,4.7622,3.5519,5.05144,1.81043,5.58209,4.70295,5.60958,2.39951,3.62834,2.60342,5.07167,1.89091,-1.35606
2026-08-26,10.36025,7.00859,8.5108,1.79168,5.09446,3.44169,4.5177,1.57154,4.55978,3.40071,4.83678,1.73379,5.60555,4.72272,5.63316,2.40959,3.3533,2.54999,4.65173,1.7816,0.88946
2026-08-27,10.36025,7.00859,8.5108,1.79168,4.98951,3.37079,4.42463,1.53916,4.20465,3.13547,4.46017,1.59934,5.54751,4.67382,5.57483,2.38464,3.26713,2.5286,4.4718,1.73297,0.83406
2026-08-28,10.36025,7.00859,8.5108,1.79168,4.88263,3.29858,4.32985,1.50619,3.90844,2.91422,4.14604,1.48719,5.54583,4.6724,5.57314,2.38392,3.25266,2.52476,4.43871,1.72389,-0.62782
2026-08-31,10.36025,7.00859,8.5108,1.79168,4.76006,3.21578,4.22116,1.46838,3.62726,2.70421,3.84785,1.38074,5.46605,4.60518,5.49296,2.34963,3.24037,2.52143,4.40986,1.71595,2.16364
2026-09-01,10.36025,7.00859,8.5108,1.79168,4.92447,3.32685,4.36696,1.5191,4.24487,3.1655,4.50282,1.61457,5.52735,4.65683,5.55456,2.37598,3.59247,2.59754,5.02744,1.87965,0.81007
2026-09-02,10.36025,7.00859,8.5108,1.79168,4.81759,3.25464,4.27217,1.48612,3.93238,2.93211,4.17143,1.49626,5.49558,4.63006,5.52264,2.36232,3.28542,2.53336,4.5124,1.74405,-0.21498
2026-09-03,10.36025,7.00859,8.5108,1.79168,4.67394,3.1576,4.14479,1.44181,3.56868,2.66046,3.78573,1.35856,5.48293,4.61941,5.50993,2.35688,3.23528,2.52003,4.39773,1.7126,0.07409
2026-09-04,10.36025,7.00859,8.5108,1.79168,4.53194,3.06166,4.01886,1.39801,3.26723,2.43531,3.46605,1.24443,5.46837,4.60714,5.4953,2.35063,3.22935,2.5184,4.38346,1.70865,-0.60638
2026-09-07,10.36025,7.00859,8.5108,1.79168,4.42018,2.98616,3.91976,1.36353,3.12633,2.33007,3.31662,1.19109,5.4672,4.60615,5.49412,2.35012,3.23685,2.52047,4.40151,1.71364,-0.54529
2026-09-08,10.36025,7.00859,8.5108,1.79168,4.30734,2.90993,3.81969,1.32872,3.00138,2.23675,3.18412,1.14378,5.43199,4.57649,5.45874,2.33499,3.23602,2.52024,4.39951,1.71309,0.25385
2026-09-09,10.36025,7.00859,8.5108,1.79168,4.18098,2.82457,3.70764,1.28975,2.83687,2.11387,3.00966,1.0815,5.42545,4.57098,5.45216,2.33217,3.23095,2.51884,4.38734,1.70972,0.04424
2026-09-10,10.36025,7.00859,8.5108,1.79168,4.05377,2.73862,3.59483,1.2505,2.69582,2.00852,2.86008,1.0281,5.41681,4.5637,5.44348,2.32846,3.22878,2.51824,4.38207,1.70826,0.18056
2026-09-11,10.36025,7.00859,8.5108,1.79168,3.93289,2.32636,3.43253,1.21321,2.59603,1.93399,2.75425,0.99032,5.41579,4.56284,5.44245,2.32802,3.22935,2.5184,4.38347,1.70865,-0.95985
2026-09-14,10.36025,7.00859,8.5108,1.79168,3.8885,2.30011,3.39379,1.19952,2.78984,2.07875,2.95978,1.06369,5.42564,4.57114,5.45236,2.33226,3.25232,2.52467,4.43791,1.72367,1.1838
2026-09-15,10.36025,7.00859,8.5108,1.79168,3.88546,2.29831,3.39114,1.19858,3.02278,2.25264,3.20678,1.15215,5.42808,4.57319,5.4548,2.3333,3.27645,2.53104,4.49267,1.73867,1.32921
2026-09-16,10.36025,7.00859,8.5108,1.79168,3.91216,2.3141,3.41445,1.20682,3.26721,2.43521,3.46599,1.24469,5.44541,4.5878,5.47223,2.34076,3.29806,2.53658,4.53969,1.75146,-0.77021
2026-09-17,10.36025,7.00859,8.5108,1.79168,3.84197,2.27258,3.35319,1.18517,3.18246,2.37191,3.37611,1.2126,5.44357,4.58624,5.47037,2.33996,3.25148,2.52444,4.43596,1.72314,0.27124
2026-09-18,10.36025,7.00859,8.5108,1.79168,3.73115,2.20703,3.25646,1.15098,2.9786,2.21964,3.15993,1.13542,5.44121,4.58426,5.468,2.33895,3.23287,2.51937,4.39195,1.711,0.05956
2026-09-21,10.36025,7.00859,8.5108,1.79168,3.6178,2.13998,3.15753,1.11601,2.80471,2.08976,2.97552,1.06958,5.42735,4.57258,5.45407,2.33299,3.22903,2.51831,4.38269,1.70844,-1.80665
2026-09-22,10.36025,7.00859,8.5108,1.79168,3.78961,2.24161,3.30748,1.16902,3.49792,2.60753,3.71065,1.33204,5.46223,4.60196,5.48912,2.34798,3.37496,2.55498,4.69267,1.79251,-0.27352
